Owner,n_plants,n_operating_plants,total_capacity_ttpa,pipeline_capacity_ttpa,n_countries,n_regions,countries,main_region,median_plant_age_years,n_plants_with_litpop,avg_litpop_nearest_usd,avg_litpop_25km_usd,capacity_weighted_litpop_25km_usd,litpop_coverage_share,bof_share,centroid_lat,centroid_lon,largest_plant,largest_plant_lat,largest_plant_lon,max_distance_to_centroid_km,centroid_to_largest_plant_km
Nippon Steel Corp,10,8,44423.0,2500.0,1,1,Japan,Asia Pacific,70.87,10,13035898661.493433,257528786379.0857,319517129600.1745,1.0,0.9616640028813903,35.07849765458107,136.21930017409957,Nippon East Japan Works (Kimitsu) steel plant,35.360912,139.881953,907.4673250673743,334.1760917577561
POSCO Holdings Inc,2,2,41757.0,5000.0,1,1,South Korea,Asia Pacific,46.0,0,,,,0.0,0.9675024546782576,35.41214176111148,128.4824820163093,POSCO Gwangyang steel plant,34.920086,127.74865,105.78125456227751,86.27393574330215
Angang Steel Co Ltd,3,3,30250.0,0.0,1,1,China,Asia Pacific,20.0,3,17992253793.146187,74041047571.84367,128072046899.5572,1.0,1.0,40.96863665579766,122.58983575679623,Angang Steel Co Ltd,41.148267,122.983054,195.75693350700095,38.54802508889595
JFE Steel Corp,5,4,28768.0,2000.0,1,1,Japan,Asia Pacific,61.0,5,78559959627.55774,890055524489.1858,206868809109.7699,1.0,0.9559580088987765,34.80987453145635,134.87487581438216,JFE West Japan Works (Fukuyama) steel plant,34.465222,133.431205,669.3629767210692,137.52367486865444
JSW Steel Ltd,5,4,28359.0,31500.0,1,1,India,Asia Pacific,30.0,5,390503654.86848414,4461305434.650757,4412760509.52387,1.0,0.5874325610917169,17.489163020134434,76.6855698009084,JSW Steel Vijayanagar steel plant,15.180423,76.663134,903.3109670660399,256.73169249720894
Tata Steel Ltd,6,5,26460.0,8370.0,2,1,"India, Singapore",Asia Pacific,55.0,5,1952889413.1808407,15876852892.778147,13955362893.056187,0.8333333333333334,0.8314436885865457,21.255041879926644,86.46710222124452,Tata Steel Jamshedpur steel plant,22.788598,86.1996,2900.0934902362396,172.7388183121284
Hyundai Steel Co,4,3,24297.0,2700.0,2,2,"South Korea, United States",Asia Pacific,46.5,0,,,,0.0,0.5185825410544511,36.95000234829964,127.06653906656175,Hyundai Steel Dangjin steel plant,36.986282,126.69735,11504.886442786154,33.04645624435695
Cleveland-Cliffs Inc,12,8,23655.0,0.0,2,1,"Canada, United States",North America,111.0,0,,,,0.0,0.904713591206933,41.40701936088983,-84.41745461300128,Cleveland-Cliffs Indiana Harbor steel plant,41.669553,-87.438429,741.3586097910878,253.11405083569895
Steel Authority of India Ltd,8,6,21350.0,35840.0,1,1,India,Asia Pacific,67.0,8,3249196970.62921,23408073014.266884,24605050712.24434,1.0,0.9765339578454333,22.56848300898877,84.55756864001886,SAIL Bhilai steel plant,21.185157,81.394207,360.83053202457944,360.83053202457944
Baoshan Iron & Steel Co Ltd,1,1,19800.0,0.0,1,1,China,Asia Pacific,49.0,1,72345769161.90762,1390784081982.4404,1390784081982.4404,1.0,0.8181818181818182,31.416229999999995,121.44008700000002,Baoshan Iron and Steel Co Ltd Headquarters,31.41623,121.440087,7.073240659849489e-13,7.073240659849489e-13
Nucor Corp,13,11,17737.0,3000.0,1,1,United States,North America,37.0,0,,,,0.0,0.0,37.1699777243397,-86.73340561792517,Nucor Steel Berkeley plant,33.004319,-79.880955,3114.0440262545685,776.3519365394167
Maanshan Iron & Steel Co Ltd,1,1,17340.0,1600.0,1,1,China,Asia Pacific,73.0,1,14161932205.740225,67473115662.355225,67473115662.35522,1.0,0.9521337946943483,31.698884000000003,118.468194,Maanshan Iron and Steel Co Ltd,31.698884,118.468194,0.0,0.0
Jiangsu Shagang Iron & Steel Co Ltd,1,1,17305.0,1000.0,1,1,China,Asia Pacific,23.6,1,5778523153.580064,157366677006.87448,157366677006.87448,1.0,0.7818549552152557,31.983146000000005,120.63899200000002,Jiangsu Shagang Iron & Steel Co Ltd,31.983146,120.638992,0.0,0.0
Inner Mongolia BaoTou Steel Union Co Ltd,1,1,16760.0,0.0,1,1,China,Asia Pacific,26.64,1,563557793.4713724,145202593779.9198,145202593779.9198,1.0,1.0,40.647997,109.740898,Inner Mongolia BaoTou Steel Union Co Ltd,40.647997,109.740898,0.0,0.0
Hunan Valin Lianyuan Iron and Steel Co Ltd,2,2,16250.0,0.0,1,1,China,Asia Pacific,68.0,2,4608518568.66061,59052718337.73062,54151311002.51453,1.0,1.0,27.778152452584944,112.38213996468814,Hunan Valin Lianyuan Iron and Steel Co Ltd,27.747782,111.967343,50.83866424633471,40.95321583162737
Wuhan Iron and Steel Co Ltd,2,1,15907.0,0.0,2,1,"China, Indonesia",Asia Pacific,67.44,1,13274108766.720098,792587500359.332,792587500359.332,0.5,1.0,30.616221999999993,114.444975,Wuhan Iron and Steel Co Ltd,30.616222,114.444975,4251.350880516008,7.073240659849489e-13
Magnitogorskiy Metallurgicheskiy Kombinat PJSC,1,1,14500.0,0.0,1,1,Russia,Eurasia,94.0,0,,,,0.0,0.7241379310344828,53.42759300000001,59.05412200000001,Magnitogorsk Iron and Steel Works,53.427593,59.054122,7.073240659849489e-13,7.073240659849489e-13
Hoa Phat Dung Quat Steel JSC,1,1,14499.0,0.0,1,1,Vietnam,Asia Pacific,9.0,0,,,,0.0,1.0,15.37768,108.793321,Hoa Phat Dung Quat steel plant,15.37768,108.793321,0.0,0.0
Novolipetsk Steel PJSC,1,1,14400.0,0.0,1,1,Russia,Eurasia,92.0,0,,,,0.0,1.0,52.557372,39.629574,NLMK Lipetsk steel plant,52.557372,39.629574,0.0,0.0
Baosteel Zhanjiang Iron & Steel Co Ltd,1,1,14328.0,0.0,1,1,China,Asia Pacific,15.0,1,1178377706.3453572,17735392319.652344,17735392319.652344,1.0,0.8743718592964824,21.056035000000005,110.48657,Baosteel Zhanjiang Iron and Steel Co Ltd,21.056035,110.48657,3.5366203299247443e-13,3.5366203299247443e-13
Shougang Jingtang United Iron & Steel Co Ltd,1,1,13700.0,0.0,1,1,China,Asia Pacific,21.0,1,102371633.8710309,409257805.6214823,409257805.6214823,1.0,1.0,38.953663999999996,118.50339,Shougang Jingtang United Iron and Steel Co Ltd,38.953664,118.50339,7.073240659849489e-13,7.073240659849489e-13
Bengang Steel Plates Co Ltd,1,1,13440.0,1500.0,1,1,China,Asia Pacific,28.65,1,10302505895.931911,41341080042.0156,41341080042.0156,1.0,0.9226190476190477,41.27413200000001,123.722099,Bengang Steel Plates Co Ltd,41.274132,123.722099,7.073240659849489e-13,7.073240659849489e-13
United States Steel Corp,6,4,13350.0,3000.0,1,1,United States,North America,124.0,0,,,,0.0,0.8801498127340824,40.15629675608896,-86.1307181488583,U.S. Steel Gary Works,41.620799,-87.348266,1753.9620032324806,192.33297404212587
Steel Dynamics Inc,6,6,12662.0,0.0,1,1,United States,North America,23.0,0,,,,0.0,0.0,36.15173153589066,-88.84047098321531,Steel Dynamics Columbus plant,33.44758,-88.572683,1213.230186410463,301.68041374566366
Shanxi Taigang Stainless Steel Co Ltd,1,1,12460.0,0.0,1,1,China,Asia Pacific,27.69,1,24668432523.352684,350657524309.1629,350657524309.1629,1.0,0.7062600321027287,37.931488,112.53932100000002,Shanxi Taigang Stainless Steel Co Ltd,37.931488,112.539321,1.1157985837532377e-12,1.1157985837532377e-12
Severstal PJSC,1,1,12201.0,0.0,1,1,Russia,Eurasia,71.0,0,,,,0.0,0.8032948119006639,59.143998,37.862950000000005,Severstal Cherepovets steel plant,59.143998,37.86295,3.627739118414801e-13,3.627739118414801e-13
Rizhao Steel Holding Group Co Ltd,1,1,11300.0,10350.0,1,1,China,Asia Pacific,22.77,1,784949051.4879102,17666682118.644394,17666682118.644394,1.0,1.0,35.16535,119.366672,Rizhao Steel Holding Group Co Ltd,35.16535,119.366672,0.0,0.0
Xinyu Iron & Steel Corp Ltd,1,1,11001.0,0.0,1,1,China,Asia Pacific,68.0,1,7022275672.93845,15455467882.228138,15455467882.228138,1.0,0.9090991728024725,27.786858999999996,114.921595,Xinyu Iron and Steel Group Co Ltd,27.786859,114.921595,3.5366203299247443e-13,3.5366203299247443e-13
Government of North Korea,4,4,10252.0,0.0,1,1,North Korea,Asia Pacific,86.0,0,,,,0.0,0.4389387436597737,41.12371785879275,128.81821822324397,Kim Chaek Iron and Steel Complex steel plant,41.753784,129.752681,380.2535908746495,104.76607949478672
Hebei Donghai SPECIAL Steel Group Co Ltd,1,1,10001.0,0.0,1,1,China,Asia Pacific,17.0,1,1222250055.6719754,75657011830.70213,75657011830.70213,1.0,1.0,39.610605,118.474722,Hebei Donghai Special Steel Co Ltd,39.610605,118.474722,0.0,0.0
Nanjing Iron & Steel Co Ltd,1,1,10000.0,0.0,1,1,China,Asia Pacific,68.0,1,11508667093.45597,555278339183.4594,555278339183.4594,1.0,1.0,32.200797,118.746315,Nanjing Iron and Steel Co Ltd,32.200797,118.746315,0.0,0.0
China Steel Corp,1,1,10000.0,1500.0,1,1,Taiwan,Asia Pacific,55.0,0,,,,0.0,1.0,22.555442000000003,120.349252,China Steel Xiaogang steel plant,22.555442,120.349252,3.5366203299247443e-13,3.5366203299247443e-13
Hebei Yanshan Iron and Steel Group Co Ltd,1,1,9990.0,0.0,1,1,China,Asia Pacific,24.0,1,4245679723.9297485,30114152964.391434,30114152964.391434,1.0,0.924924924924925,39.925508,118.672757,Hebei Yanshan Iron and Steel Group Co Ltd,39.925508,118.672757,0.0,0.0
Guangxi Shenglong Metallurgical Co Ltd,1,1,9783.0,1200.0,1,1,China,Asia Pacific,23.0,1,954514098.9683073,3098704254.2376404,3098704254.2376404,1.0,1.0,21.687637000000002,108.412344,Guangxi Shenglong Metallurgical Co Ltd,21.687637,108.412344,3.5366203299247443e-13,3.5366203299247443e-13
ArcelorMittal Nippon Steel India Ltd,5,1,9600.0,76900.0,1,1,India,Asia Pacific,31.0,5,1028284804.7500484,6416880978.998736,19900243936.643406,1.0,0.0,21.112377000000002,72.647304,ArcelorMittal Nippon Steel Hazira plant,21.112377,72.647304,1459.8181619840254,7.073240659849489e-13
ArcelorMittal SA,6,4,9600.0,0.0,5,4,"Belgium, India, Luxembourg, Morocco, United States",Europe,60.0,1,490816268.93993175,3857475973.8084636,,0.16666666666666666,0.5416666666666666,49.13982988055137,3.2904284119375906,ArcelorMittal Gent steel plant,51.169929,3.804462,8413.013263744917,228.68674406582946
Jindal Steel Limited Ltd,5,2,9600.0,17100.0,1,1,India,Asia Pacific,25.0,5,374314226.8259558,7117483337.8468275,6360486113.389304,1.0,0.3125,21.275936918731215,84.377650915113,Jindal Steel Angul steel plant,20.884896,84.991539,901.9673259694316,77.11968588031809
Liuzhou IRON&STEEL Co Ltd,1,1,9458.0,0.0,1,1,China,Asia Pacific,26.0,1,21236255107.045433,104398367841.42648,104398367841.42648,1.0,1.0,24.385304,109.37963,Liuzhou Iron and Steel Co Ltd Liuzhou Base,24.385304,109.37963,0.0,0.0
Thyssenkrupp Steel Europe AG,1,1,9000.0,0.0,1,1,Germany,Europe,135.0,0,,,,0.0,1.0,51.491649,6.733051,ThyssenKrupp Steel Duisburg steel plant,51.491649,6.733051,0.0,0.0
Evraz ZSMK JSC,1,1,8760.0,1141.0,1,1,Russia,Eurasia,94.0,0,,,,0.0,0.7488584474885844,53.88618,87.257618,Evraz ZSMK steel plant,53.88618,87.257618,0.0,0.0
SGIS Songshan Co Ltd,1,1,8698.0,0.0,1,1,China,Asia Pacific,29.0,1,2904267538.2436757,29190692279.237576,29190692279.237576,1.0,0.919521729133134,24.708232,113.635898,Guangdong Zhongnan Iron & Steel Co Ltd,24.708232,113.635898,0.0,0.0
Shandong IRON&STEEL Group Rizhao Co Ltd,1,1,8500.0,1300.0,1,1,China,Asia Pacific,17.0,1,784949051.4879102,17666682118.644394,17666682118.644394,1.0,1.0,35.188969,119.38372300000002,Shandong Iron and Steel Group Rizhao Co Ltd,35.188969,119.383723,0.0,0.0
Chongqing Iron & Steel Co Ltd,1,1,8400.0,0.0,1,1,China,Asia Pacific,29.0,1,3087923383.6047015,10693419120.529099,10693419120.529099,1.0,1.0,29.790253,107.040368,Chongqing Iron and Steel Co Ltd,29.790253,107.040368,0.0,0.0
Guangxi Iron and Steel Group Co Ltd,1,1,8400.0,0.0,1,1,China,Asia Pacific,6.0,1,226557645.65927386,2703849417.2216682,2703849417.2216682,1.0,1.0,21.580723,108.400896,Guangxi Iron and Steel Group Co Ltd Fangchenggang Iron & Steel Base,21.580723,108.400896,0.0,0.0
Beijing Shougang Co Ltd,1,1,8300.0,1300.0,1,1,China,Asia Pacific,24.0,1,1205952791.2560177,24484405433.029186,24484405433.029186,1.0,1.0,39.97670200000001,118.55878800000002,Shougang Qian an Iron and Steel Co Ltd,39.976702,118.558788,7.073240659849489e-13,7.073240659849489e-13
ArcelorMittal Brasil SA,6,6,8246.0,0.0,1,1,Brazil,Central & South America,56.5,0,,,,0.0,0.5149163230657289,-15.075377516632878,-42.36877434922515,ArcelorMittal Pecém steel plant,-3.585917,-38.858932,1334.1522894023897,1334.1522894023897
Lianfeng Steel (Zhangjiagang) Co Ltd,1,1,8240.0,1800.0,1,1,China,Asia Pacific,23.65,1,3289812339.6058364,175228176979.22418,175228176979.22418,1.0,0.8786407766990292,31.855204999999998,120.73050500000001,Lianfeng Steel Zhangjiagang Co Ltd,31.855205,120.730505,0.0,0.0
Chengde Street Ltd,1,1,8000.0,0.0,1,1,China,Asia Pacific,72.0,1,896245650.7992102,16077296505.116663,16077296505.116663,1.0,1.0,40.947707,117.719747,Chengde Iron and Steel Group Co Ltd,40.947707,117.719747,0.0,0.0
Acciaierie d'italia SpA,1,1,7800.0,6000.0,1,1,Italy,Europe,61.0,0,,,,0.0,1.0,40.508993,17.207589,Acciaierie d'Italia Taranto steel plant,40.508993,17.207589,0.0,0.0
Hebei Zongheng Group Fengnan Iron & Steel Co Ltd,1,1,7700.0,0.0,1,1,China,Asia Pacific,7.0,1,452880777.8970651,7927572715.797209,7927572715.797209,1.0,1.0,39.22256599999999,118.094201,Hebei Zongheng Group Fengnan Iron and Steel Co Ltd,39.222566,118.094201,7.073240659849489e-13,7.073240659849489e-13
Gansu Jiu Steel Group Hongxing Iron and Steel Co Ltd,1,1,7650.0,0.0,1,1,China,Asia Pacific,27.0,1,7871975322.062651,18033979039.417233,18033979039.417233,1.0,0.8431372549019608,39.812121,98.295555,Gansu Jiu Steel Group Hongxing Iron and Steel Co Ltd,39.812121,98.295555,0.0,0.0
Shanghai Meishan Iron & Steel Co Ltd,1,1,7600.0,0.0,1,1,China,Asia Pacific,57.0,1,3051454698.510215,433566185514.9951,433566185514.9951,1.0,1.0,31.902969000000002,118.61667000000001,Shanghai Meishan Iron and Steel Co Ltd,31.902969,118.61667,7.073240659849489e-13,7.073240659849489e-13
Formosa Ha Tinh Steel Corp,1,1,7500.0,14000.0,1,1,Vietnam,Asia Pacific,18.0,0,,,,0.0,1.0,18.036333,106.428271,Formosa Ha Tinh Steel plant,18.036333,106.428271,0.0,0.0
Cangzhou China Railway Equipment Manufacturing Materials Co Ltd,1,1,7500.0,0.0,1,1,China,Asia Pacific,20.0,1,477468708.0493724,5678661164.629005,5678661164.629005,1.0,1.0,38.289221,117.81436700000002,Cangzhou China Railway Equipment Manufacture Material Co Ltd,38.289221,117.814367,0.0,0.0
ArcelorMittal Tubarão Comercial SA,1,1,7500.0,0.0,1,1,Brazil,Central & South America,43.0,0,,,,0.0,1.0,-20.253447,-40.242298,ArcelorMittal Tubarão steel plant,-20.253447,-40.242298,0.0,0.0
Tata Steel Ijmuiden BV,1,1,7500.0,6000.0,1,1,Netherlands,Europe,108.0,0,,,,0.0,1.0,52.484118,4.615583999999999,Tata Steel IJmuiden steel plant,52.484118,4.615584,5.3843392723634385e-14,5.3843392723634385e-14
HBIS Laoting Steel Co Ltd,1,1,7450.0,4050.0,1,1,China,Asia Pacific,6.0,1,658638310.9064554,4478050340.044112,4478050340.044112,1.0,1.0,39.25782300000001,119.033567,Hbis Laoting Steel Co Ltd,39.257823,119.033567,7.073240659849489e-13,7.073240659849489e-13
Baosteel Group Xinjiang Bayi Iron & Steel Co Ltd,1,1,7300.0,0.0,1,1,China,Asia Pacific,30.34,1,931469524.817334,166883618017.1534,166883618017.1534,1.0,0.9383561643835616,43.852147,87.304639,Baosteel Group Xinjiang Bayi Iron and Steel Co Ltd,43.852147,87.304639,0.0,0.0
Rashtriya Ispat Nigam Ltd,1,1,7300.0,0.0,1,1,India,Asia Pacific,37.0,1,4255549611.1018696,27847472746.96944,27847472746.96944,1.0,1.0,17.612846000000005,83.191918,RINL Vizag Steel plant,17.612846,83.191918,3.5366203299247443e-13,3.5366203299247443e-13
Shaanxi LONG MEN IRON&STEEL Co Ltd,1,1,7200.0,2300.0,1,1,China,Asia Pacific,18.66,1,1050556946.8883605,14744904558.483444,14744904558.483444,1.0,1.0,35.618466,110.575788,Shaanxi Longmen Steel Co Ltd,35.618466,110.575788,0.0,0.0
Hebei Anfeng Iron & Steel Co Ltd,1,1,7100.0,0.0,1,1,China,Asia Pacific,24.0,1,301142693.52749974,17169324513.485844,17169324513.485844,1.0,1.0,39.65849000000001,118.894804,Hebei Anfeng Iron and Steel Co Ltd,39.65849,118.894804,7.073240659849489e-13,7.073240659849489e-13
Qian'an City Jiujiang Wire Co Ltd,1,1,7079.0,0.0,1,1,China,Asia Pacific,24.0,1,1205952791.2560177,26184257508.520588,26184257508.520588,1.0,0.7881056646418986,39.95220900000001,118.559444,Qian an Jiujiang Wire Co Ltd,39.952209,118.559444,7.073240659849489e-13,7.073240659849489e-13
Yunnan Yuxi Iron and Steel Group Yukun Iron and Steel Co Ltd,1,1,7042.0,0.0,1,1,China,Asia Pacific,12.09,1,932314590.9645125,19905614083.66219,19905614083.66219,1.0,1.0,24.465883999999996,102.543682,Yunnan Yuxi Iron and Steel Group Yukun Iron and Steel Co Ltd,24.465884,102.543682,3.5366203299247443e-13,3.5366203299247443e-13
Dexin Steel Pte Ltd,1,1,7000.0,14000.0,1,1,Indonesia,Asia Pacific,6.0,0,,,,0.0,1.0,-2.829514,122.174896,Dexin Steel Morowali plant,-2.829514,122.174896,0.0,0.0
Sansteel Minguang Co Ltd Fujian,1,1,6799.0,0.0,1,1,China,Asia Pacific,25.0,1,3154692864.404899,8440845980.476139,8440845980.476138,1.0,1.0,26.261109,117.614709,Sansteel Minguang Co Ltd Fujian plant,26.261109,117.614709,0.0,0.0
Jiangyin Xingcheng SPECIAL Steel Works Co Ltd,1,1,6797.0,1225.0,1,1,China,Asia Pacific,33.0,1,4429745806.121701,146594289861.64615,146594289861.64615,1.0,0.8680300132411358,31.950190999999997,120.32844900000002,Jiangyin Xingcheng Special Steel Works Co Ltd,31.950191,120.328449,7.073240659849489e-13,7.073240659849489e-13
ArcelorMittal Atlantique et Lorraine SAS,2,1,6750.0,2250.0,1,1,France,Europe,87.5,0,,,,0.0,1.0,51.04127400000001,2.2929479999999995,ArcelorMittal Dunkerque steel plant,51.041274,2.292948,333.5136290921516,7.078700139612811e-13
Tianjin Iron and Steel Group Co Ltd,1,1,6650.0,0.0,1,1,China,Asia Pacific,91.0,1,7120436820.791538,420171486451.8294,420171486451.8294,1.0,0.6992481203007519,39.03108300000001,117.49924599999999,Tianjin Iron and Steel Group Co Ltd,39.031083,117.499246,7.073240659849489e-13,7.073240659849489e-13
Kobe Steel Ltd,2,1,6591.0,0.0,1,1,Japan,Asia Pacific,57.0,2,34081805321.518963,843773610371.6078,254696791275.5746,1.0,1.0,34.720268,134.826275,Kobe Kakogawa Works steel plant,34.720268,134.826275,38.519819676259914,0.0
ArcelorMittal México SA de CV,1,1,6500.0,0.0,1,1,Mexico,North America,49.29,0,,,,0.0,0.38461538461538464,17.930688000000004,-102.201498,ArcelorMittal Lázaro Cárdenas steel plant,17.930688,-102.201498,7.073240659849489e-13,7.073240659849489e-13
SSAB AB,3,3,6413.0,6600.0,2,1,"Finland, Sweden",Europe,85.0,0,,,,0.0,0.9979728676126618,63.61150350276322,21.685975158807274,SSAB Raahe steel plant,64.651111,24.418544,601.0315966094578,175.8670157684144
Jingye Iron and Steel Co Ltd,1,1,6400.0,0.0,1,1,China,Asia Pacific,30.0,1,310050323.594974,4617509693.497881,4617509693.497881,1.0,1.0,38.391372,114.139998,Jingye Iron and Steel Co Ltd,38.391372,114.139998,0.0,0.0
Jindal Steel Odisha Ltd,1,1,6300.0,12900.0,1,1,India,Asia Pacific,0.47,1,322827125.6345241,4860049580.14285,4860049580.14285,1.0,1.0,20.874712999999996,84.944082,JSOL Angul steel plant,20.874713,84.944082,3.5366203299247443e-13,3.5366203299247443e-13
Gerdau Ameristeel Corp,8,7,6293.0,150.0,2,1,"Canada, United States",North America,45.5,0,,,,0.0,0.0,37.387712099757486,-86.95246164805639,Gerdau Midlothian Steel Mill,32.457544,-97.034246,1069.3056412787655,1069.3056412787655
Companhia Siderúrgica Nacional SA,1,1,6251.0,0.0,1,1,Brazil,Central & South America,80.0,0,,,,0.0,0.9200127979523276,-22.512631,-44.11287,CSN Volta Redonda steel plant,-22.512631,-44.11287,0.0,0.0
Tosyali Ironsteel Industry Algerie SpA,1,1,6200.0,0.0,1,1,Algeria,Africa,13.0,0,,,,0.0,0.0,35.770912,-0.263031,Tosyali Algerie Oran steel plant,35.770912,-0.263031,0.0,0.0
Fujian Sanbao Steel Co Ltd,1,1,6196.0,0.0,1,1,China,Asia Pacific,27.0,1,1437201755.3926136,56119285310.91528,56119285310.91529,1.0,0.7456423499031634,24.635769000000003,117.603677,Fujian Sanbao Steel Co Ltd,24.635769,117.603677,3.5366203299247443e-13,3.5366203299247443e-13
Dragon Steel Corp,1,1,6081.0,0.0,1,1,Taiwan,Asia Pacific,33.0,0,,,,0.0,0.8223976319684262,24.226896999999997,120.49391100000001,Dragon Steel Taichung steel plant,24.226897,120.493911,3.5366203299247443e-13,3.5366203299247443e-13
Guangxi Guixin Steel Group Co Ltd,1,1,6050.0,0.0,1,1,China,Asia Pacific,33.0,1,90031801.82740928,476301192.8009216,476301192.8009216,1.0,0.6694214876033058,23.978962,111.735523,Guangxi Guixin Iron and Steel Group Co Ltd,23.978962,111.735523,0.0,0.0
Chengyu Vanadium & Titanium Technology Co Ltd,1,1,6050.0,2000.0,1,1,China,Asia Pacific,19.46,1,69319122.10205877,1434232054.946687,1434232054.946687,1.0,1.0,29.732143000000008,104.504339,Chengyu Vanadium and Titanium Technology Co Ltd,29.732143,104.504339,7.073240659849489e-13,7.073240659849489e-13
Big River Steel LLC,1,1,6022.0,0.0,1,1,United States,North America,10.0,0,,,,0.0,0.0,35.644264,-89.941659,U.S. Steel Big River Steel plant,35.644264,-89.941659,0.0,0.0
Qazaqstan Steel Group LLP,1,1,6000.0,0.0,1,1,Kazakhstan,Eurasia,66.0,0,,,,0.0,1.0,50.031766,72.994863,Qarmet steel plant,50.031766,72.994863,0.0,0.0
Saudi Iron and Steel Co,1,1,6000.0,0.0,1,1,Saudi Arabia,Middle East,47.0,0,,,,0.0,0.0,27.018411,49.576356000000004,SABIC Hadeed Al Jubail steel plant,27.018411,49.576356,6.30127139170429e-13,6.30127139170429e-13
Toscelik Profil ve Sac Endustrisi AS,2,2,6000.0,0.0,1,1,Türkiye,Europe,10.0,0,,,,0.0,0.0,36.79762425524037,36.17971842099067,Toscelik Iskenderun steel plant,36.687943,36.214871,25.18366811144511,12.591809462186044
Voestalpine Stahl GmbH,1,1,6000.0,1600.0,1,1,Austria,Europe,86.0,0,,,,0.0,1.0,48.274023,14.334340000000001,Voestalpine Stahl Linz steel plant,48.274023,14.33434,0.0,0.0
Lingyuan Iron & Steel Co Ltd,1,1,5994.0,0.0,1,1,China,Asia Pacific,31.8,1,1351875952.0510519,5426297115.734425,5426297115.734425,1.0,1.0,41.271048,119.41374,Lingyuan Iron and Steel Co Ltd,41.271048,119.41374,0.0,0.0
Panzhihua Steel Group Panzhihua Steel Vanadium Co Ltd,1,1,5900.0,0.0,1,1,China,Asia Pacific,61.0,1,9319315191.657978,21065171303.136433,21065171303.136433,1.0,1.0,26.565265000000004,101.673737,Pangang Group Panzhihua Steel Vanadium Co Ltd,26.565265,101.673737,3.5366203299247443e-13,3.5366203299247443e-13
Zenith Steel Group (Nantong) Co Ltd,1,1,5850.0,750.0,1,1,China,Asia Pacific,4.0,1,1230988127.1191046,5264441163.741129,5264441163.741129,1.0,1.0,32.133954,121.513173,Zenith Steel Group Nantong Co Ltd,32.133954,121.513173,0.0,0.0
Iskenderun Demir ve Celik AŞ,1,1,5800.0,2500.0,1,1,Türkiye,Europe,51.0,0,,,,0.0,1.0,36.735672,36.204581,Isdemir Payas steel plant,36.735672,36.204581,0.0,0.0
Chelyabinskiy Metallurgicheskiy Kombinat PJSC,1,1,5799.0,0.0,1,1,Russia,Eurasia,83.0,0,,,,0.0,0.6896016554578376,55.27073000000001,61.436492,Mechel Chelyabinsk Metallurgical Plant,55.27073,61.436492,7.073240659849489e-13,7.073240659849489e-13
Tangshan Ganglu Iron & Steel Co Ltd,1,1,5614.0,1350.0,1,1,China,Asia Pacific,24.0,1,392661136.5966965,7991515748.939623,7991515748.939622,1.0,1.0,40.183913,118.073913,Tangshan Ganglu Iron and Steel Co Ltd,40.183913,118.073913,0.0,0.0
Laiwu Steel Yinshan Section Co Ltd,1,1,5600.0,0.0,1,1,China,Asia Pacific,22.15,1,1723461254.4344203,22364899706.994675,22364899706.994675,1.0,1.0,36.106143,117.82010800000002,Laiwu Iron and Steel Group Yinshan Section Steel Co Ltd,36.106143,117.820108,0.0,0.0
Hebei Puyang Iron and Steel Co Ltd,1,1,5567.0,0.0,1,1,China,Asia Pacific,34.0,1,313791587.31473416,9183725242.049364,9183725242.049364,1.0,1.0,36.733675000000005,113.925995,Hebei Puyang Iron and Steel Co Ltd,36.733675,113.925995,7.073240659849489e-13,7.073240659849489e-13
Jingye (Yingkou) Medium Plate Co Ltd,1,1,5500.0,0.0,1,1,China,Asia Pacific,23.67,1,1444886964.8755352,50661923556.03532,50661923556.03532,1.0,1.0,40.671136,122.395441,Jingye (Yingkou) Medium Plate Co Ltd,40.671136,122.395441,0.0,0.0
Promsort LLC,3,3,5500.0,0.0,1,1,Russia,Eurasia,21.0,0,,,,0.0,0.36363636363636365,55.906252116302845,45.173867054927314,IMH Tula steel plant,54.156726,37.725551,911.4479781025796,512.6608719022128
Tangshan Donghai Iron and Steel Group Co Ltd,1,1,5499.0,0.0,1,1,China,Asia Pacific,23.0,1,770999040.1643324,37003524212.316574,37003524212.316574,1.0,1.0,39.748373,118.624794,Tangshan Donghai Iron and Steel Group Co Ltd,39.748373,118.624794,0.0,0.0
Alchevsk Metallurgical Plant PJSC,1,1,5472.0,0.0,1,1,Ukraine,Europe,130.0,0,,,,0.0,1.0,48.478111,38.77078699999999,Alchevsk Metallurgical Plant,48.478111,38.770787,4.688894572874635e-13,4.688894572874635e-13
Jiangsu Province Binxin Steel Group Co Ltd,1,1,5400.0,0.0,1,1,China,Asia Pacific,18.05,1,3627723888.232499,8546404266.794768,8546404266.794768,1.0,1.0,35.09556,119.27998899999999,Jiangsu Binxin Steel Group Co Ltd,35.09556,119.279989,0.0,0.0
ArcelorMittal España SA,2,2,5400.0,1100.0,1,1,Spain,Europe,65.5,0,,,,0.0,1.0,43.5481672403491,-5.841319389723965,ArcelorMittal Asturias (Aviles) steel plant,43.554741,-5.87259,9.183819703841152,2.6239476522648277
Zhongxin Iron and Steel Group Co Ltd,1,1,5400.0,0.0,1,1,China,Asia Pacific,22.34,1,2852869883.3872247,11632354500.728123,11632354500.728123,1.0,1.0,34.368618,118.31555999999999,Zhongxin Iron and Steel Group Co Ltd,34.368618,118.31556,0.0,0.0
Shandong Iron & Steel Group Yongfeng Lingang Corp,1,1,5400.0,2750.0,1,1,China,Asia Pacific,4.69,1,238915176.01580334,9753154820.245316,9753154820.245316,1.0,1.0,35.137060999999996,119.06831899999999,Shandong Iron and Steel Group Yongfeng Lingang Co Ltd,35.137061,119.068319,7.073240659849489e-13,7.073240659849489e-13
Jinan Iron & Steel Group Co Ltd,1,1,5200.0,0.0,1,1,China,Asia Pacific,4.0,1,2791499561.2492723,23800884801.555405,23800884801.555405,1.0,1.0,36.718952,114.111677,Jinan Iron and Steel Group Co Ltd,36.718952,114.111677,0.0,0.0
Ternium Brasil Ltda,1,1,5200.0,0.0,1,1,Brazil,Central & South America,16.0,0,,,,0.0,1.0,-22.912548999999995,-43.741614,Ternium Brasil Santa Cruz steel plant,-22.912549,-43.741614,3.5366203299247443e-13,3.5366203299247443e-13
Salzgitter Flachstahl GmbH,1,1,5200.0,1900.0,1,1,Germany,Europe,25.0,0,,,,0.0,1.0,52.161794,10.409371000000002,Salzgitter Flachstahl steel plant,52.161794,10.409371,1.0847412398186639e-13,1.0847412398186639e-13
Fujian Great Dong Hai Industrial Group Co Ltd,1,1,5128.0,0.0,1,1,China,Asia Pacific,8.0,1,548350467.9412751,33788256338.787186,33788256338.787186,1.0,1.0,25.737777,119.59223900000002,Fujian Dadonghai Industrial Group Co Ltd plant,25.737777,119.592239,0.0,0.0
ArcelorMittal Méditerranée SAS,1,1,5100.0,2000.0,1,1,France,Europe,52.0,0,,,,0.0,1.0,43.43283,4.887166,ArcelorMittal Méditerranée Fos sur Mer steel plant,43.43283,4.887166,0.0,0.0
Commercial Metals Co,8,7,5076.0,590.0,1,1,United States,North America,32.0,0,,,,0.0,0.0,34.183715802132966,-90.03458394339714,CMC Steel Texas plant,29.577459,-98.032017,1991.7476595408425,911.9421657914504
Wuyang Iron and Steel Co Ltd,1,1,5040.0,0.0,1,1,China,Asia Pacific,56.0,1,642394331.888709,5845812635.478318,5845812635.478318,1.0,0.23809523809523808,33.287536,113.474328,Wuyang Iron and Steel Co Ltd,33.287536,113.474328,0.0,0.0
Henan Jiyuan Iron & Steel (Group) Co Ltd,1,1,5038.0,1600.0,1,1,China,Asia Pacific,68.0,1,3421395276.0751696,17284831673.714447,17284831673.714447,1.0,1.0,35.08639600000001,112.553774,Henan Jiyuan Iron and Steel Group Co Ltd,35.086396,112.553774,7.073240659849489e-13,7.073240659849489e-13
ArcelorMittal Poland SA,2,1,5001.0,0.0,1,1,Poland,Europe,58.0,0,,,,0.0,1.0,50.342417,19.285037,ArcelorMittal Dąbrowa Górnicza steel plant,50.342417,19.285037,64.49100231499227,0.0
JSW Vijayanagar Metallics Ltd,1,1,5000.0,0.0,1,1,India,Asia Pacific,2.0,1,334841572.46645224,4521383673.340231,4521383673.340231,1.0,1.0,15.203176000000001,76.65912200000001,JSW Vijayanagar Metallics steel plant,15.203176,76.659122,1.3651382192253744e-12,1.3651382192253744e-12
Içdaş Çelik Enerji Tersane Ve Ulaşim Sanayi AŞ,1,1,5000.0,0.0,1,1,Türkiye,Europe,56.0,0,,,,0.0,0.0,40.441491000000006,27.137563000000004,İÇDAŞ Biga steel plant,40.441491,27.137563,7.568058186760618e-13,7.568058186760618e-13
Hebei Jinxi Iron & Steel Group Co Ltd,1,1,5000.0,0.0,1,1,China,Asia Pacific,40.0,1,251849587.08247745,7634982789.47614,7634982789.476141,1.0,1.0,40.209844,118.220547,Hebei Jinxi Iron and Steel Group Co Ltd,40.209844,118.220547,0.0,0.0
Hebei Xinda Iron and Steel Co Ltd,1,1,5000.0,0.0,1,1,China,Asia Pacific,24.0,1,796505445.106471,32052499729.96921,32052499729.96921,1.0,1.0,39.898362,118.57936400000001,Hebei Xinda Iron and Steel Group Co Ltd,39.898362,118.579364,0.0,0.0
Tangshan Songting IRON&STEEL Co Ltd,1,1,5000.0,0.0,1,1,China,Asia Pacific,57.0,1,1205952791.2560177,26468652953.466404,26468652953.466404,1.0,1.0,39.938866,118.576678,Tangshan Songting Iron and Steel Co Ltd,39.938866,118.576678,0.0,0.0
Usinas Siderurgicas de Minas Gerais SA,2,1,5000.0,0.0,1,1,Brazil,Central & South America,63.5,0,,,,0.0,1.0,-19.491277,-42.544253000000005,Usiminas Ipatinga steel plant,-19.491277,-42.544253,626.8882537900772,6.667889510446363e-13
Quzhou Yuanli METAL Products Co Ltd,1,1,5000.0,3450.0,1,1,China,Asia Pacific,35.0,1,1274727897.9611301,18757567892.705128,18757567892.705128,1.0,1.0,28.893407000000007,118.86712500000002,Quzhou Yuanli Metal Products Co Ltd,28.893407,118.867125,7.073240659849489e-13,7.073240659849489e-13
Baowu Group Echeng Iron & Steel Co Ltd,1,1,4971.0,0.0,1,1,China,Asia Pacific,68.0,1,14250230836.869875,49134741626.088264,49134741626.088264,1.0,1.0,30.39574,114.86131300000001,Baowu Group Echeng Iron and Steel Co Ltd,30.39574,114.861313,0.0,0.0
Tianjin Iron PLANT Co Ltd,1,1,4870.0,0.0,1,1,China,Asia Pacific,57.0,1,1279452525.6709294,5117323771.138805,5117323771.138805,1.0,1.0,36.58967,113.745792,Tianjin Iron Plant,36.58967,113.745792,0.0,0.0
Guangxi Chiji Iron and Steel Co Ltd,1,1,4800.0,0.0,1,1,China,Asia Pacific,7.0,1,105313275.99139243,17527437342.038834,17527437342.038834,1.0,1.0,23.402120999999998,111.134606,Guangxi Chiji Iron and Steel Co Ltd,23.402121,111.134606,3.5366203299247443e-13,3.5366203299247443e-13
Shanxi Jinnan Iron and Steel Group Co Ltd,1,1,4800.0,1600.0,1,1,China,Asia Pacific,12.0,1,162446633.34105244,11181969511.287159,11181969511.287159,1.0,1.0,35.678541,111.51465,Shanxi Jinnan Iron and Steel Group Co Ltd,35.678541,111.51465,0.0,0.0
Tokyo Steel Manufacturing Co Ltd,4,4,4786.0,0.0,1,1,Japan,Asia Pacific,42.3,4,18429753186.74529,149765178573.42877,149183166332.31525,1.0,0.0,34.89852274908918,136.24780674663353,Tokyo Steel Tahara plant,34.702012,137.249114,516.3871371690278,94.00128263935389
Kardemir Karabuk Demir Çelik Sanayi Ve Ticaret AŞ,2,2,4751.0,0.0,1,1,Türkiye,Europe,45.22,0,,,,0.0,0.7368974952641549,40.56660515562469,31.103984897090406,Kardemir Merkez steel plant,41.180307,32.634343,408.1695493506188,145.64621258068576
Tangshan Donghua Iron & Steel Enterprise Group Co Ltd,1,1,4750.0,1650.0,1,1,China,Asia Pacific,17.0,1,438464931.03294915,104601089880.18477,104601089880.18477,1.0,1.0,39.468366,118.256774,Tangshan Donghua Iron and Steel Enterprise Group Co Ltd,39.468366,118.256774,0.0,0.0
Shanxi Jianlong Industrial Co Ltd,1,1,4750.0,0.0,1,1,China,Asia Pacific,25.91,1,384406160.84900844,10420441282.32684,10420441282.32684,1.0,1.0,35.417405,111.303919,Shanxi Jianlong Industrial Co Ltd,35.417405,111.303919,0.0,0.0
JiuJiang PXSteel Co Ltd,1,1,4700.0,0.0,1,1,China,Asia Pacific,14.09,1,478146017.5263399,13143784792.108128,13143784792.108128,1.0,1.0,29.778431000000005,116.27527000000002,Jiujiang Pinggang Iron and Steel Co Ltd,29.778431,116.27527,0.0,0.0
Osaka Steel Co Ltd,1,1,4650.0,0.0,1,1,Japan,Asia Pacific,76.0,1,254812052510.10464,2963446320044.215,2963446320044.215,1.0,0.0,34.598220000000005,135.45439,Osaka Steel Sakai Works,34.59822,135.45439,7.073240659849489e-13,7.073240659849489e-13
Shiheng SPECIAL Steel Group Co Ltd,1,1,4650.0,0.0,1,1,China,Asia Pacific,25.15,1,1341653440.6361408,11922002893.391811,11922002893.391811,1.0,1.0,36.229201,116.533981,Shiheng Special Steel Group Co Ltd,36.229201,116.533981,0.0,0.0
Jincheng FUSHENG Iron & Steel Co Ltd,1,1,4600.0,0.0,1,1,China,Asia Pacific,23.2,1,981005265.3164757,30493439287.242214,30493439287.242214,1.0,1.0,35.662985,112.882395,Jincheng Fusheng Iron and Steel Co Ltd,35.662985,112.882395,0.0,0.0
Tonghua Iron & Steel Co Ltd,1,1,4590.0,0.0,1,1,China,Asia Pacific,19.53,1,601217158.3271072,6291983075.24069,6291983075.24069,1.0,1.0,41.779125,126.022349,Tonghua Iron and Steel Co Ltd,41.779125,126.022349,0.0,0.0
British Steel Ltd,2,1,4500.0,0.0,1,1,United Kingdom,Europe,162.0,0,,,,0.0,1.0,53.580827,-0.6165090000000001,British Steel Scunthorpe plant,53.580827,-0.616509,117.10277282707614,6.561405455154217e-15
DeAcero SAPI de CV,2,2,4500.0,3000.0,1,1,Mexico,North America,34.0,0,,,,0.0,0.0,22.959351520607864,-100.94296301615364,DEACERO Celaya steel plant,20.518556,-100.925556,283.7552302700745,271.41040750587194
Habas Industrial and Medical Gases Production Industries AŞ,1,1,4500.0,0.0,1,1,Türkiye,Europe,39.0,0,,,,0.0,0.0,38.751462,26.950172,Habas Aliaga steel plant,38.751462,26.950172,0.0,0.0
Rockcheck Steel Group Co Ltd,1,1,4500.0,1250.0,1,1,China,Asia Pacific,23.08,1,8170303829.634859,422293657920.1425,422293657920.1425,1.0,1.0,38.97063800000001,117.495794,Tianjin Rockcheck Steel Group Co Ltd,38.970638,117.495794,7.073240659849489e-13,7.073240659849489e-13
Çolakoğlu Metalürji AŞ,1,1,4500.0,0.0,1,1,Türkiye,Europe,57.0,0,,,,0.0,0.0,40.768409,29.529979,Colakoglu Metallurgical Dilovasi steel plant,40.768409,29.529979,0.0,0.0
Tangshan RUIFENG Steel and Iron (GROUP) Co Ltd,1,1,4500.0,0.0,1,1,China,Asia Pacific,24.0,1,438464931.03294915,126068925193.79591,126068925193.79591,1.0,1.0,39.497472,118.272056,Tangshan Ruifeng Iron and Steel Group Co Ltd,39.497472,118.272056,0.0,0.0
Tianjin Tiangang UNITED SPECIAL Steel Co Ltd,1,1,4500.0,0.0,1,1,China,Asia Pacific,16.66,1,10311114379.091043,77802195078.26007,77802195078.26007,1.0,1.0,39.300258,117.800231,Tianjin New Tiangang United Special Steel Co Ltd,39.300258,117.800231,0.0,0.0
US Steel Košice sro,1,1,4500.0,0.0,1,1,Slovakia,Europe,61.0,0,,,,0.0,1.0,48.61200100000001,21.191401000000003,U. S. Steel Košice steel plant,48.612001,21.191401,7.449708841081265e-13,7.449708841081265e-13
Hanshan Iron and Steel Co Ltd,1,1,4488.0,0.0,1,1,China,Asia Pacific,4.0,1,296202759.7826058,6090170495.254466,6090170495.254466,1.0,1.0,36.68588100000001,113.837073,Handan Steel Group Handan Bao Steel Co Ltd,36.685881,113.837073,7.073240659849489e-13,7.073240659849489e-13
Evraz NTMK JSC,1,1,4400.0,0.0,1,1,Russia,Eurasia,86.0,0,,,,0.0,1.0,57.922851,60.03354300000001,Evraz NTMK steel plant,57.922851,60.033543,0.0,0.0
Chengde Jianlong SPECIAL Steel Co Ltd,1,1,4400.0,0.0,1,1,China,Asia Pacific,25.0,1,277866579.7444777,960037253.5921401,960037253.5921401,1.0,1.0,40.515035,117.596071,Chengde Jianlong Special Steel Co Ltd,40.515035,117.596071,0.0,0.0
Ternium México SA de CV,4,3,4330.0,2600.0,1,1,Mexico,North America,45.0,0,,,,0.0,0.0,23.715080753457674,-99.66327782147934,Ternium Guerrero San Nicolás de los Garza steel plant,25.720327,-100.301175,524.2371704292518,232.0948179819945
Acciaieria Arvedi SpA,1,1,4300.0,0.0,1,1,Italy,Europe,34.0,0,,,,0.0,0.0,45.14594900000001,9.950821,Finarvedi Cremona steel plant,45.145949,9.950821,7.073240659849489e-13,7.073240659849489e-13
Tangshan Heavy Plate Co Ltd,1,1,4200.0,0.0,1,1,China,Asia Pacific,20.0,1,658638310.9064554,5574342695.914176,5574342695.914176,1.0,1.0,39.268452,119.024819,Tangshan Medium Thick Plate Co Ltd,39.268452,119.024819,0.0,0.0
Jianlong Xilin Iron and Steel Co Ltd,1,1,4200.0,0.0,1,1,China,Asia Pacific,60.0,1,10642384.938641924,64650969.46595777,64650969.46595777,1.0,1.0,47.495036,129.287919,Jianlong Xilin Iron and Steel Co Ltd,47.495036,129.287919,0.0,0.0
Hüttenwerke Krupp Mannesmann GmbH,1,1,4200.0,6000.0,1,1,Germany,Europe,117.0,0,,,,0.0,1.0,51.371279,6.72331,Hüttenwerke Krupp Mannesmann (HKM) steel plant,51.371279,6.72331,0.0,0.0
Qingdao Special Iron and Steel Co Ltd,1,1,4170.0,1150.0,1,1,China,Asia Pacific,13.0,1,431849713.01466113,3766118251.1097937,3766118251.1097937,1.0,0.7673860911270983,35.62960000000001,119.722335,Qingdao Special Iron and Steel Co Ltd,35.6296,119.722335,7.073240659849489e-13,7.073240659849489e-13
Tangshan Fengnan District Jing'an Iron and Steel Co Ltd,1,1,4125.0,1700.0,1,1,China,Asia Pacific,24.0,1,1597397963.2435653,141866314043.75964,141866314043.75964,1.0,1.0,39.600956000000004,118.35872600000002,Tangshan Fengnan District Jing an Iron and Steel Co Ltd,39.600956,118.358726,7.073240659849489e-13,7.073240659849489e-13
Zaporiz'kyi Metalurhiinyi Kombinat Zaporizhstal' PJSC,1,1,4102.0,0.0,1,1,Ukraine,Europe,93.0,0,,,,0.0,0.0,47.86838000000001,35.16177299999999,Metinvest Zaporizhstal steel plant,47.86838,35.161773,8.517371109628805e-13,8.517371109628805e-13
Mobarakeh Steel Co,4,3,4100.0,1500.0,1,1,Iran,Middle East,17.5,0,,,,0.0,0.0,30.458217187589135,53.10095042062256,Mobarakeh Saba Steel Chamgordan plant,32.40787,51.338985,468.77715868326,273.74861552541364
ArcelorMittal Dofasco GP,1,1,4050.0,2400.0,1,1,Canada,North America,114.0,0,,,,0.0,0.6666666666666666,43.269255,-79.804858,ArcelorMittal Dofasco steel plant,43.269255,-79.804858,0.0,0.0
PT Krakatau Steel (Persero) Tbk,1,1,4000.0,4000.0,1,1,Indonesia,Asia Pacific,49.0,0,,,,0.0,0.0,-6.007021,106.001766,Krakatau Steel Cilegon plant,-6.007021,106.001766,0.0,0.0
Jiugang Group Yuzhong Iron & Steel Co Ltd,1,1,4000.0,0.0,1,1,China,Asia Pacific,23.0,1,167993672.70306432,116008672656.27939,116008672656.27939,1.0,1.0,36.033646,104.035535,Jiugang Group Yuzhong Iron and Steel Co Ltd,36.033646,104.035535,0.0,0.0
Ningbo Iron & Steel Co Ltd,1,1,3999.0,0.0,1,1,China,Asia Pacific,23.1,1,7787131930.195617,106590839861.33577,106590839861.33577,1.0,1.0,29.918776000000005,121.876423,Ningbo Iron and Steel Co Ltd,29.918776,121.876423,0.0,0.0
ArcelorMittal Bremen GmbH,1,1,3960.0,0.0,1,1,Germany,Europe,69.0,0,,,,0.0,1.0,53.133305,8.688193,ArcelorMittal Bremen steel plant,53.133305,8.688193,0.0,0.0
Hebei Taihang Iron and Steel Group Co Ltd,1,1,3950.0,0.0,1,1,China,Asia Pacific,5.0,1,383769388.9911753,28412442185.71179,28412442185.71179,1.0,1.0,36.613716,114.082349,Hebei Taihang Iron and Steel Group Co Ltd,36.613716,114.082349,0.0,0.0
Pangang Group Xichang Steel and Vanadium Co Ltd,1,1,3900.0,0.0,1,1,China,Asia Pacific,14.66,1,146825967.31663737,13271250192.453787,13271250192.453787,1.0,1.0,27.74799,102.20517,Pangang Group Xichang Steel and Vanadium Co Ltd,27.74799,102.20517,0.0,0.0
Shandong Iron and Steel Co Ltd,2,1,3850.0,0.0,1,1,China,Asia Pacific,7.375,2,1184398291.2950804,23223586351.664307,23064420998.480877,1.0,1.0,36.087717,117.82792699999999,Shandong Iron and Steel Co Ltd Laiwu Branch Aishan Street,36.087717,117.827927,2.028368340980536,0.0
Eregli Demir ve Celik Fabrikalari AŞ,1,1,3801.0,1400.0,1,1,Türkiye,Europe,61.0,0,,,,0.0,1.0,41.261469000000005,31.420106000000004,Erdemir Eregli steel plant,41.261469,31.420106,7.073240659849489e-13,7.073240659849489e-13
Anhui Changjiang Steel Co Ltd,1,1,3800.0,0.0,1,1,China,Asia Pacific,23.0,1,2369022303.7466125,144195323545.1065,144195323545.1065,1.0,0.7105263157894737,31.502272,118.46516200000002,Anhui Changjiang Steel Co Ltd,31.502272,118.465162,0.0,0.0
Zenith Steel Group Co Ltd,1,1,3700.0,0.0,1,1,China,Asia Pacific,24.39,1,18149919723.49238,439851361202.7066,439851361202.7066,1.0,1.0,31.707656,120.079591,Zenith Steel Group Co Ltd,31.707656,120.079591,0.0,0.0
Esfahan Steel Co,1,1,3600.0,3930.0,1,1,Iran,Middle East,55.0,0,,,,0.0,1.0,32.418304000000006,51.33131399999999,Esfahan Steel Isfahan plant,32.418304,51.331314,9.256492920012063e-13,9.256492920012063e-13
"Xinyang Iron & Steel Co.,ltd of Angang Group",1,1,3600.0,0.0,1,1,China,Asia Pacific,55.0,1,382250327.83036226,823121774.5842192,823121774.5842191,1.0,1.0,32.488704,114.038243,Angang Group Xinyang Iron and Steel Co Ltd,32.488704,114.038243,0.0,0.0
Gerdau Acominas SA,1,1,3600.0,0.0,1,1,Brazil,Central & South America,40.0,0,,,,0.0,1.0,-20.543507000000005,-43.752950000000006,Gerdau Açominas Ouro Branco steel plant,-20.543507,-43.75295,7.508491280463449e-13,7.508491280463449e-13
Shanxi Zhongyang Iron & Steel Co Ltd,1,1,3600.0,0.0,1,1,China,Asia Pacific,20.28,1,320338051.3482251,10953516151.292587,10953516151.292587,1.0,1.0,37.370796000000006,111.161118,Shanxi Zhongyang Iron and Steel Co Ltd,37.370796,111.161118,7.073240659849489e-13,7.073240659849489e-13
Dongkuk Steel Mill Co Ltd,2,2,3600.0,0.0,1,1,South Korea,Asia Pacific,44.5,0,,,,0.0,0.0,36.91658936973745,127.72421342265736,Dongkuk Steel Incheon steel plant,37.486465,126.638607,180.96788654187384,115.15216648847839
Shougang Changzhi IRON& Steel Co Ltd,1,1,3600.0,0.0,1,1,China,Asia Pacific,29.94,1,2449438562.2978115,46912539143.71565,46912539143.71565,1.0,1.0,36.356404000000005,113.060809,Shougang Changzhi Iron and Steel Co Ltd,36.356404,113.060809,7.073240659849489e-13,7.073240659849489e-13
Xinji AOSEN Steel Group Co Ltd,1,1,3600.0,0.0,1,1,China,Asia Pacific,24.0,1,215529762.4241828,13574145863.52741,13574145863.52741,1.0,1.0,37.752351,115.184798,Xinji Aosen Iron and Steel Group Co Ltd,37.752351,115.184798,0.0,0.0
Guangdong Jinshenglan Metallurgical Technology Co Ltd,1,1,3600.0,0.0,1,1,China,Asia Pacific,5.0,1,288572450.6037076,17537360291.947075,17537360291.947075,1.0,0.0,22.888728999999998,112.263081,Guangdong Jinshenglan Metallurgical Technology Co Ltd,22.888729,112.263081,3.5366203299247443e-13,3.5366203299247443e-13
Shougang Shuicheng Iron & Steel (Group) Co Ltd,1,1,3501.0,0.0,1,1,China,Asia Pacific,60.0,1,2917021785.146939,15938825236.627527,15938825236.62753,1.0,1.0,26.595229000000003,104.877413,Shougang Shuicheng Iron and Steel Group Co Ltd,26.595229,104.877413,3.5366203299247443e-13,3.5366203299247443e-13
Ternium Argentina SA,1,1,3501.0,0.0,1,1,Argentina,Central & South America,66.0,0,,,,0.0,1.0,-33.37365,-60.138697,Ternium Siderar San Nicolás steel plant,-33.37365,-60.138697,0.0,0.0
Kamet-Steel PrJSC,1,1,3500.0,0.0,1,1,Ukraine,Europe,139.0,0,,,,0.0,1.0,48.52801900000001,34.640915,Metallurgical Plant Kametstal,48.528019,34.640915,7.073240659849489e-13,7.073240659849489e-13
Alliance Steel (M) Sdn Bhd,1,1,3500.0,6500.0,1,1,Malaysia,Asia Pacific,9.0,0,,,,0.0,1.0,4.007595,103.344458,Alliance Steel Kuantan plant,4.007595,103.344458,0.0,0.0
Oskol'skiy Elektrometallurgicheskiy Kombinat Imeni Alekseya Alekseyevicha Ugarova JSC,1,1,3500.0,1200.0,1,1,Russia,Eurasia,42.0,0,,,,0.0,0.0,51.14273800000001,37.940532,Metalloinvest OEMK steel plant,51.142738,37.940532,7.073240659849489e-13,7.073240659849489e-13
Emsteel Building Materials PJSC,1,1,3500.0,0.0,1,1,United Arab Emirates,Middle East,23.0,0,,,,0.0,0.0,24.322033,54.46798700000001,Emsteel Abu Dhabi steel plant,24.322033,54.467987,6.445454916765369e-13,6.445454916765369e-13
Ningxia Jianlong Special Steel Co Ltd,1,1,3500.0,0.0,1,1,China,Asia Pacific,13.84,1,698923464.9402945,4869267356.411329,4869267356.411329,1.0,1.0,39.215452000000006,106.688294,Ningxia Jianlong Special Steel Co Ltd,39.215452,106.688294,1.4146481319698977e-12,1.4146481319698977e-12
Qinhuangdao Hongxing Iron & Steel Co Ltd,1,1,3450.0,0.0,1,1,China,Asia Pacific,24.0,1,853581286.6142415,17701261726.720314,17701261726.720314,1.0,1.0,39.70072100000001,118.871477,Qinhuangdao Hongxing Iron and Steel Co Ltd,39.700721,118.871477,7.073240659849489e-13,7.073240659849489e-13
Saarstahl AG,2,2,3430.0,1900.0,2,1,"France, Germany",Europe,102.0,0,,,,0.0,0.7871720116618076,49.500187894529375,6.162287910249087,Saarstahl Völklingen steel plant,49.247635,6.848662,211.15376035019483,57.08003287234674
Daye SPECIAL Steel Co Ltd,1,1,3420.0,0.0,1,1,China,Asia Pacific,19.0,1,5065987125.999837,49895458985.18518,49895458985.18518,1.0,0.7894736842105263,30.204603,115.125838,Daye Special Steel Co Ltd,30.204603,115.125838,0.0,0.0
Guangxi BG New Materials Co Ltd,1,1,3400.0,0.0,1,1,China,Asia Pacific,17.0,1,490660026.3866026,1644528946.3086536,1644528946.3086536,1.0,0.0,21.519924,109.506427,Guangxi Beigang New Material Co Ltd,21.519924,109.506427,0.0,0.0
Jiangsu Shagang Group Huaigang SPECIAL Steel Co Ltd,1,1,3364.0,0.0,1,1,China,Asia Pacific,56.0,1,4165354036.0691886,93327286956.40509,93327286956.4051,1.0,0.8067776456599287,33.566039,118.988442,Jiangsu Shagang Group Huaigang Special Steel Co Ltd,33.566039,118.988442,0.0,0.0
ArcelorMittal South Africa Ltd,3,1,3360.0,1700.0,1,1,South Africa,Africa,54.84,0,,,,0.0,1.0,-26.657367000000004,27.82231,ArcelorMittal Vanderbijlpark Steel Works,-26.657367,27.82231,1177.0918842645629,3.5366203299247443e-13
Al Ezz Dekheila Steel Company Alexandria SAE,1,1,3340.0,0.0,1,1,Egypt,Africa,40.0,0,,,,0.0,0.0,31.123467000000005,29.809869999999997,Al-Ezz Dekheila Steel Alexandria plant,31.123467,29.80987,0.0,0.0
Yangzhou Hengrun Ocean Heavy Industry Co Ltd,1,1,3300.0,0.0,1,1,China,Asia Pacific,13.36,1,1835372768.9161925,161364871737.22955,161364871737.22955,1.0,1.0,32.249602,119.620438,Yangzhou Hengrun Ocean Heavy Industry Co Ltd,32.249602,119.620438,0.0,0.0
Changzhou Dongfang Special Steel Co Ltd,1,1,3300.0,0.0,1,1,China,Asia Pacific,16.09,1,1518567272.309646,75968188617.05792,75968188617.05792,1.0,1.0,31.60255400000001,119.724256,Changzhou Eastern Special Steel Co Ltd,31.602554,119.724256,7.073240659849489e-13,7.073240659849489e-13
Golgohar Iron and Steel Development Co,1,1,3300.0,0.0,1,1,Iran,Middle East,11.0,0,,,,0.0,0.0,29.134614000000006,55.360773,Golgohar Iron and Steel Company Kerman,29.134614,55.360773,7.073240659849489e-13,7.073240659849489e-13
JiLin Province Xinda Steel Co Ltd,1,1,3300.0,2300.0,1,1,China,Asia Pacific,18.27,1,15053158.02973983,184765893.49799255,184765893.49799255,1.0,1.0,42.3249,125.246892,Jilin Xinda Iron and Steel Co Ltd,42.3249,125.246892,0.0,0.0
Hubei Jinshenglan Metallurgical Technology Co Ltd,1,1,3250.0,1200.0,1,1,China,Asia Pacific,10.0,1,96700424.06712171,3817974765.9364986,3817974765.9364986,1.0,1.0,29.916729,113.822921,Hubei Jinshenglan Metallurgical Technology Co Ltd,29.916729,113.822921,0.0,0.0
Baosteel Desheng Stainless Steel Co Ltd,1,1,3220.0,0.0,1,1,China,Asia Pacific,15.0,1,53661889.35483706,5593875427.628957,5593875427.628957,1.0,1.0,26.48747,119.654461,Baosteel Desheng Stainless Steel Co Ltd,26.48747,119.654461,0.0,0.0
Changshu Longteng Special Steel Co Ltd,1,1,3203.0,0.0,1,1,China,Asia Pacific,31.75,1,9736930825.62187,146741063498.04492,146741063498.04492,1.0,0.7305650952232282,31.723833000000003,120.835685,Changshu Longteng Special Steel Co Ltd,31.723833,120.835685,0.0,0.0
BlueScope Steel Ltd,2,1,3200.0,500.0,2,2,"Australia, United States",Asia Pacific,98.0,0,,,,0.0,1.0,-34.463834000000006,150.886191,BlueScope Port Kembla steel plant,-34.463834,150.886191,13766.36220402383,7.073240659849489e-13
Yancheng Lianxin Steel Co Ltd,1,1,3200.0,750.0,1,1,China,Asia Pacific,68.0,1,47191425.791021824,1209931655.8535104,1209931655.8535104,1.0,0.753125,33.21133200000001,120.774892,Yancheng Lianxin Iron and Steel Co Ltd,33.211332,120.774892,1.4146481319698977e-12,1.4146481319698977e-12
Nucor Yamato Steel Co,1,1,3174.0,0.0,1,1,United States,North America,38.0,0,,,,0.0,0.0,35.941421,-89.713819,Nucor-Yamato Steel Blytheville plant,35.941421,-89.713819,0.0,0.0
Nghi Son VAS Group JSC,1,1,3150.0,0.0,1,1,Vietnam,Asia Pacific,8.0,0,,,,0.0,0.0,19.326923999999998,105.77744900000002,VAS Nghi Son Cast Iron and Steel plant,19.326924,105.777449,1.3809798360285078e-12,1.3809798360285078e-12
Nucor Steel Decatur LLC,1,1,3100.0,0.0,1,1,United States,North America,29.0,0,,,,0.0,0.0,34.63963,-87.085738,Nucor Steel Decatur plant,34.63963,-87.085738,0.0,0.0
Izmir Demir Celik Sanayi AŞ,1,1,3100.0,0.0,1,1,Türkiye,Europe,39.0,0,,,,0.0,0.0,38.73959599999999,26.929090999999996,İDÇ Izdemir Aliaga steel plant,38.739596,26.929091,7.592125621981562e-13,7.592125621981562e-13
Xingtai Iron and Steel Co Ltd,2,1,3060.0,2250.0,1,1,China,Asia Pacific,68.0,2,11288701979.281197,40486535598.71355,74501064540.9767,1.0,1.0,37.041601,114.452352,Xingtai Iron and Steel Co Ltd,37.041601,114.452352,81.11309863914761,0.0
Zhuhai Yueyufeng IRON&STEEL Co Ltd,1,1,3051.0,0.0,1,1,China,Asia Pacific,24.0,0,,,,0.0,1.0,21.960919999999998,113.198718,Zhuhai Yueyufeng Iron and Steel Co Ltd,21.96092,113.198718,3.5366203299247443e-13,3.5366203299247443e-13
Jiangsu Xusteel Group Co Ltd,1,1,3050.0,0.0,1,1,China,Asia Pacific,22.46,1,536146471.99254227,15167643065.542011,15167643065.542011,1.0,1.0,34.57701600000001,117.339638,Jiangsu Xugang Iron and Steel Group Co Ltd,34.577016,117.339638,7.073240659849489e-13,7.073240659849489e-13
North Star BlueScope Steel Ltd,1,1,3034.0,0.0,1,1,United States,North America,30.0,0,,,,0.0,0.0,41.56878300000001,-84.048129,BlueScope North Star Steel plant,41.568783,-84.048129,7.073240659849489e-13,7.073240659849489e-13
Hebei Tianzhu Iron and Steel Group Special Steel Co Ltd,1,1,3034.0,0.0,1,1,China,Asia Pacific,4.0,1,658638310.9064554,5574342695.914176,5574342695.914176,1.0,1.0,39.27003199999999,119.01376,Hebei Tianzhu Iron and Steel Group Co Ltd,39.270032,119.01376,7.073240659849489e-13,7.073240659849489e-13
Nanyang Hanye SPECIAL STREET Co Ltd,1,1,3000.0,0.0,1,1,China,Asia Pacific,23.0,1,313551485.3556643,2467774146.9469643,2467774146.9469643,1.0,1.0,33.269324,111.534635,Nanyang Hanye Special Steel Co Ltd,33.269324,111.534635,0.0,0.0
Anhui Shoukuang Dachang Metal Material Co Ltd,1,1,3000.0,0.0,1,1,China,Asia Pacific,16.0,1,26192474.427464876,877711306.233154,877711306.2331542,1.0,1.0,32.329171,115.95496300000002,Anhui Shoukuang Dachang Metal Material Co Ltd,32.329171,115.954963,0.0,0.0
Fujian Tsingtuo Nickel Industry Co Ltd,1,1,3000.0,0.0,1,1,China,Asia Pacific,15.0,1,11794218.386546498,3604288971.229977,3604288971.229977,1.0,0.0,26.768925000000003,119.765203,Fujian Tsingtuo Nickel Industry Co Ltd,26.768925,119.765203,3.5366203299247443e-13,3.5366203299247443e-13
Egyptian Sponge Iron & Steel Company SAE,1,1,3000.0,0.0,1,1,Egypt,Africa,18.0,0,,,,0.0,0.0,30.393078999999997,30.58773,Egyptian Sponge Iron and Steel Company Sadat City plant,30.393079,30.58773,0.0,0.0
Weifang SPECIAL Steel Group Co Ltd,1,1,3000.0,0.0,1,1,China,Asia Pacific,32.28,1,3368126297.6347632,114727029898.56943,114727029898.56944,1.0,1.0,36.64446900000001,119.238427,Weifang Special Steel Group Co Ltd,36.644469,119.238427,7.073240659849489e-13,7.073240659849489e-13
PT Krakatau Posco,1,1,3000.0,3000.0,1,1,Indonesia,Asia Pacific,12.14,0,,,,0.0,1.0,-5.998661,105.99866,KS Posco Cilegon steel plant,-5.998661,105.99866,0.0,0.0
NMDC Steel Ltd,2,1,3000.0,0.0,1,1,India,Asia Pacific,2.47,2,166213907.73032075,2351594293.743137,692304267.2293067,1.0,1.0,19.093190100000005,82.17,NMDC Nagarnar steel plant,19.0931901,82.17,707.2145987820388,3.5366203299247443e-13
Tianjin Pipe Corp,1,1,3000.0,0.0,1,1,China,Asia Pacific,15.2,1,7120436820.791538,479048193622.6315,479048193622.6315,1.0,0.0,39.034002,117.48679800000001,Tianjin Pipe Corporation,39.034002,117.486798,0.0,0.0
Shanxi Xintai Iron & Steel Co Ltd,1,1,3000.0,0.0,1,1,China,Asia Pacific,20.73,1,4334687658.950084,34995575833.858185,34995575833.858185,1.0,1.0,37.075017,111.985148,Shanxi Xintai Iron and Steel Co Ltd,37.075017,111.985148,0.0,0.0
Lengshuijiang Iron and Steel Co Ltd,1,1,3000.0,0.0,1,1,China,Asia Pacific,68.0,1,982323572.5654914,6211984233.032595,6211984233.032595,1.0,1.0,27.690401,111.43728800000001,Lengshuijiang Steel Co Ltd,27.690401,111.437288,1.2526305895917441e-12,1.2526305895917441e-12
Jindal Stainless Ltd,3,2,3000.0,4999.0,1,1,India,Asia Pacific,35.5,3,3568032814.4749894,65488759992.613464,6341762090.795901,1.0,0.0,23.194865106729115,83.44820967992236,Jindal Stainless Jajpur steel plant,20.954939,86.051986,1167.353950753455,366.06860778312296
BMZ-Upravlyayushchaya Kompaniya Kholdinga BMK JSC,1,1,3000.0,0.0,1,1,Belarus,Europe,42.0,0,,,,0.0,0.0,52.84932100000001,29.988985,Byelorussian Steel Works,52.849321,29.988985,7.073240659849489e-13,7.073240659849489e-13
Tangshan Guotang Steel Co Ltd,1,1,3000.0,0.0,1,1,China,Asia Pacific,4.0,1,658638310.9064554,5582819191.222354,5582819191.222354,1.0,1.0,39.293147,119.04697200000001,Tangshan Guotang Steel Co Ltd,39.293147,119.046972,0.0,0.0
Jinding Heavy Industries Co Ltd,1,1,3000.0,0.0,1,1,China,Asia Pacific,31.0,1,2791499561.2492723,23800884801.555405,23800884801.555405,1.0,1.0,36.718952,114.111677,Jinding Heavy Industry Co Ltd,36.718952,114.111677,0.0,0.0
KISCO Corp,1,1,3000.0,0.0,1,1,South Korea,Asia Pacific,61.0,0,,,,0.0,0.0,35.216552,128.640158,KISCO steel Changwon plant,35.216552,128.640158,0.0,0.0
Jiangsu Jingye Iron and Steel Co Ltd,1,1,3000.0,0.0,1,1,China,Asia Pacific,22.31,1,1557019273.7154286,5950833178.656117,5950833178.656117,1.0,1.0,34.383810000000004,119.786878,Jiangsu Jingye Iron and Steel Co Ltd,34.38381,119.786878,7.073240659849489e-13,7.073240659849489e-13
DELONG Steel Ltd,1,1,3000.0,0.0,1,1,China,Asia Pacific,26.0,1,676290293.567939,66640415292.63746,66640415292.63746,1.0,1.0,37.086116,114.384832,Delong Steel Co Ltd,37.086116,114.384832,0.0,0.0
Shangang Group Hanzhong Iron & Steel Co Ltd,1,1,3000.0,0.0,1,1,China,Asia Pacific,16.65,1,686629951.6960833,2225382733.2569275,2225382733.2569275,1.0,1.0,33.133192,106.671859,Shaanxi Steel Group Hanzhong Iron and Steel Co Ltd,33.133192,106.671859,0.0,0.0
"Sichuan De Sheng Group, Vanadium and Titanium Co Ltd",1,1,3000.0,0.0,1,1,China,Asia Pacific,29.0,1,181895609.9521647,10461070700.557838,10461070700.557838,1.0,1.0,29.397980000000004,103.542532,Sichuan Desheng Group Vanadium and Titanium Co Ltd,29.39798,103.542532,7.073240659849489e-13,7.073240659849489e-13
Lianyungang Yaxin Iron and Steel Co Ltd,1,1,3000.0,0.0,1,1,China,Asia Pacific,16.51,1,890142435.6329616,5141910390.156075,5141910390.156075,1.0,1.0,34.42378600000001,119.77831099999999,Lianyungang Yaxin Iron and Steel Co Ltd,34.423786,119.778311,7.073240659849489e-13,7.073240659849489e-13
Yunnan Yuxi Xianfu Iron and Steel (Group) Co Ltd,1,1,2980.0,0.0,1,1,China,Asia Pacific,24.53,1,20949106.01836089,477546589.2204616,477546589.2204616,1.0,0.87248322147651,24.012309,102.186364,Yunnan Yuxi Xianfu Iron and Steel Group Co Ltd,24.012309,102.186364,0.0,0.0
Tung Ho Steel Enterprise Corp,3,3,2900.0,0.0,1,1,Taiwan,Asia Pacific,39.0,0,,,,0.0,0.0,24.256670177216588,120.78544690021026,Tung Ho Steel Miaoli plant,24.568401,120.74062,193.19538962906967,34.958837699941434
Qatar Steel Company QPSC,1,1,2900.0,0.0,1,1,Qatar,Middle East,48.0,0,,,,0.0,0.0,24.952688,51.584777,Industries Qatar Steel Mesaieed plant,24.952688,51.584777,0.0,0.0
Al Ezz Flat Steel Company SAE,1,1,2880.0,0.0,1,1,Egypt,Africa,28.0,0,,,,0.0,0.0,29.692045,32.322117,Ezz Flat Steel Ain Sokhna plant,29.692045,32.322117,0.0,0.0
Shandong Shouguang Juneng SPECIAL Steel Co Ltd,1,1,2850.0,0.0,1,1,China,Asia Pacific,23.21,1,1440684200.7685635,32050209982.774628,32050209982.774628,1.0,0.8245614035087719,36.939125000000004,118.785598,Shandong Shouguang Juneng Special Steel Co Ltd,36.939125,118.785598,7.073240659849489e-13,7.073240659849489e-13
Shandong Jinguan Metallurgical Technology Co Ltd,1,1,2810.0,0.0,1,1,China,Asia Pacific,22.79,1,9904946687.227655,43214153692.66725,43214153692.66725,1.0,0.0,37.44912600000001,116.396787,Shandong Jinguan Metallurgical Technology Co Ltd,37.449126,116.396787,7.073240659849489e-13,7.073240659849489e-13
PT Gunung Raja Paksi Tbk,3,1,2800.0,1200.0,1,1,Indonesia,Asia Pacific,40.0,0,,,,0.0,0.35,-6.2826580000000005,107.117683,Gunung Raja Paksi West Java steel plant,-6.282658,107.117683,1450.4715152023398,1.7683101649623721e-13
Yingkou Iron & Steel Co Ltd,1,1,2800.0,0.0,1,1,China,Asia Pacific,15.23,1,758099574.9849542,50632408986.63062,50632408986.63062,1.0,1.0,40.664651,122.41505700000002,Yingkou Iron and Steel Co Ltd,40.664651,122.415057,0.0,0.0
TRINECKÉ ZELEZÁRNY AS,1,1,2800.0,2600.0,1,1,Czech Republic,Europe,187.0,0,,,,0.0,0.9285714285714286,49.689053,18.654556999999997,TZMS Třinecké železárny Trinec steel plant,49.689053,18.654557,2.2879651849537317e-13,2.2879651849537317e-13
Fangda Special Steel Technology Co Ltd,1,1,2800.0,0.0,1,1,China,Asia Pacific,67.55,1,30850521591.191532,287519023382.41455,287519023382.41455,1.0,1.0,28.645441,115.99204000000002,Fangda Special Steel Technology Co Ltd,28.645441,115.99204,0.0,0.0
ShanXi TongCai Industry and Trade Co Ltd,1,1,2780.0,0.0,1,1,China,Asia Pacific,24.0,1,747390169.8949468,12480281378.5608,12480281378.5608,1.0,0.8273381294964028,35.694321,111.429381,Shanxi Tongcai Industry and Trade Co Ltd,35.694321,111.429381,0.0,0.0
AG der Dillinger Hüttenwerke AG,1,1,2760.0,3150.0,1,1,Germany,Europe,57.0,0,,,,0.0,1.0,49.35388400000001,6.746603,AG der Dillinger Hüttenwerke Dillingen steel plant,49.353884,6.746603,7.073240659849489e-13,7.073240659849489e-13
Liyang Baorun Steel Co Ltd,1,1,2760.0,0.0,1,1,China,Asia Pacific,2.58,1,5294448729.56292,24809379172.701572,24809379172.701572,1.0,0.0,31.471123000000002,119.485941,Liyang Baorun Steel Co Ltd,31.471123,119.485941,0.0,0.0
Shyam Metalics and Energy Ltd,2,2,2750.0,1073.0,1,1,India,Asia Pacific,16.5,2,508460503.06881213,23077254315.41832,20458051350.153675,1.0,0.0,22.52500665817638,85.31240698764658,Shyam Metalics Sambalpur steel plant,21.680344,84.04179,226.1975133689236,161.11031730408803
Shanxi Gaoyi Steel Co Ltd,1,1,2700.0,0.0,1,1,China,Asia Pacific,29.0,1,2190467911.060826,12910462547.39323,12910462547.39323,1.0,1.0,35.586841,111.258436,Shanxi Gaoyi Steel Co Ltd,35.586841,111.258436,0.0,0.0
Jilin Jianlong Steel Co Ltd,1,1,2700.0,0.0,1,1,China,Asia Pacific,24.8,1,133726064.71790448,117693890056.63945,117693890056.63945,1.0,1.0,44.011951,126.537086,Jilin Jianlong Steel Co Ltd,44.011951,126.537086,0.0,0.0
Chifeng Zhongtang Special Steel Co Ltd,1,1,2700.0,0.0,1,1,China,Asia Pacific,4.0,1,14520160.651008502,2567485426.080655,2567485426.080655,1.0,1.0,41.834064,119.281883,Chifeng Zhongtang Special Steel Co Ltd,41.834064,119.281883,0.0,0.0
Minyuan Iron and Steel Group Co Ltd,1,1,2700.0,0.0,1,1,China,Asia Pacific,23.0,1,258770067.85181326,11259126508.714985,11259126508.714985,1.0,1.0,34.013369,116.422599,Minyuan Iron and Steel Group Co Ltd,34.013369,116.422599,0.0,0.0
Fulun Iron & Steel Co Ltd,1,1,2700.0,0.0,1,1,China,Asia Pacific,22.63,1,792299266.5563575,19264789088.9821,19264789088.9821,1.0,1.0,36.308447,117.540425,Shandong Fulun Iron and Steel Co Ltd,36.308447,117.540425,0.0,0.0
Eastern Steel Sdn Bhd,1,1,2700.0,2300.0,1,1,Malaysia,Asia Pacific,11.0,0,,,,0.0,1.0,4.285062,103.432551,Eastern Steel Kemaman plant,4.285062,103.432551,0.0,0.0
Tongling City Xuanli Special Steel Co Ltd,1,1,2700.0,0.0,1,1,China,Asia Pacific,17.0,1,322755495.5135918,21605735396.125427,21605735396.125427,1.0,1.0,31.062807,117.95601499999998,Tongling Xuanli Special Steel Co Ltd,31.062807,117.956015,0.0,0.0
Anhui Guihang Special Steel Co Ltd,1,1,2700.0,0.0,1,1,China,Asia Pacific,15.89,1,189683194.67400867,33326954857.2783,33326954857.278297,1.0,1.0,30.531068,117.25114700000002,Anhui Guihang Special Steel Co Ltd,30.531068,117.251147,0.0,0.0
Linyi Iron and Steel Investment Group Co Ltd,1,1,2700.0,0.0,1,1,China,Asia Pacific,6.92,1,212520272.51501238,10483126410.17816,10483126410.17816,1.0,1.0,35.15735,119.133999,Linyi Iron and Steel Investment Group Special Steel Co Ltd,35.15735,119.133999,0.0,0.0
Fushun New Steel Corp Ltd,1,1,2700.0,0.0,1,1,China,Asia Pacific,20.36,1,8540543698.927486,147904763037.43344,147904763037.43344,1.0,1.0,41.841223,123.753895,Fushun New Steel Co Ltd,41.841223,123.753895,0.0,0.0
Hebei Xinjin Iron and Steel Co Ltd,1,1,2700.0,0.0,1,1,China,Asia Pacific,33.0,1,6917400988.421546,69987899829.69107,69987899829.69107,1.0,1.0,36.715632,114.208992,Hebei Xinjin Iron and Steel Co Ltd,36.715632,114.208992,0.0,0.0
Wuan Yuhua Steel Co Ltd,1,1,2700.0,0.0,1,1,China,Asia Pacific,38.0,1,2791499561.2492723,23436220267.451218,23436220267.451218,1.0,1.0,36.731752,114.098377,Wu an Yuhua Iron and Steel Co Ltd,36.731752,114.098377,0.0,0.0
Dongbei Special Steel Group Dalian Special Steel Co Ltd,1,1,2695.0,0.0,1,1,China,Asia Pacific,57.0,1,278283618.2820494,14378633962.089565,14378633962.089563,1.0,0.46382189239332094,39.193697,122.057788,Dongbei Special Steel Group Dalian Special Steel Co Ltd,39.193697,122.057788,0.0,0.0
Anyuan Iron & Steel Co Ltd,1,1,2650.0,0.0,1,1,China,Asia Pacific,72.0,1,7940031421.185044,13162070817.857666,13162070817.857666,1.0,1.0,27.645549999999997,113.902126,Pingxiang Pinggang Anyuan Iron and Steel Co Ltd,27.64555,113.902126,3.5366203299247443e-13,3.5366203299247443e-13
Fujian Luoyuan Minguang Iron & Steel Co Ltd,1,1,2650.0,0.0,1,1,China,Asia Pacific,12.0,1,53661889.35483706,5418403103.357185,5418403103.357185,1.0,1.0,26.483814999999996,119.67105,Fujian Luoyuan Minguang Iron and Steel Co Ltd,26.483815,119.67105,3.5366203299247443e-13,3.5366203299247443e-13
Kyoei Steel Ltd,3,3,2645.0,0.0,1,1,Japan,Asia Pacific,54.0,3,33170209963.181366,1353184680023.0298,1472531591936.4473,1.0,0.0,34.77262558683421,135.23191107872788,Kyoei Steel Nagoya Division (Tokai),35.065055,136.815384,382.85239391864144,147.98925551870607
Yunnan Qujing Iron and Steel Group Chenggang Iron and Steel Co Ltd,1,1,2600.0,0.0,1,1,China,Asia Pacific,12.5,1,240153183.6302977,11180249599.132425,11180249599.132425,1.0,1.0,25.45543,103.547242,Yunnan Qujing Iron and Steel Group Chenggang Iron and Steel Co Ltd,25.45543,103.547242,0.0,0.0
Houying Group Haicheng Iron and Steel Co Ltd,1,1,2600.0,2300.0,1,1,China,Asia Pacific,19.58,1,563518410.1278985,130848494741.63086,130848494741.63086,1.0,1.0,40.981855,122.94864300000002,Houying Group Haicheng Iron and Steel Co Ltd Datun Branch,40.981855,122.948643,0.0,0.0
Benxi Beiying Iron & Steel (GROUP) Co Ltd,1,1,2600.0,1350.0,1,1,China,Asia Pacific,23.88,1,423489077.5911907,41288019014.13898,41288019014.13898,1.0,1.0,41.22481400000001,123.608374,Benxi Beiying Iron and Steel Group Co Ltd Beitai Town,41.224814,123.608374,7.073240659849489e-13,7.073240659849489e-13
Arab Steel Co,1,1,2600.0,1900.0,1,1,Saudi Arabia,Middle East,37.0,0,,,,0.0,0.0,26.277917000000002,49.949177,Al Ittefaq Arab Steel Dammam plant,26.277917,49.949177,3.5366203299247443e-13,3.5366203299247443e-13
Shagang Group Anyang Yongxing Iron & Steel Co Ltd,1,1,2600.0,0.0,1,1,China,Asia Pacific,33.0,1,3691623504.775808,76441400310.91843,76441400310.91843,1.0,1.0,36.143572999999996,114.149964,Shagang Group Anyang Yongxing Special Steel Co Ltd,36.143573,114.149964,7.073240659849489e-13,7.073240659849489e-13
Jianlong Beiman SPECIAL Steel Co Ltd,1,1,2570.0,0.0,1,1,China,Asia Pacific,69.0,1,3437488269.916678,6289331059.28205,6289331059.28205,1.0,0.5252918287937743,47.191285,123.616512,Jianlong Beiman Special Steel Co Ltd,47.191285,123.616512,0.0,0.0
Hoa Phat Hai Duong Steel JSC,1,1,2525.0,0.0,1,1,Vietnam,Asia Pacific,19.0,0,,,,0.0,1.0,21.015360000000005,106.536023,Hoa Phat Hai Duong Steel plant,21.01536,106.536023,3.5366203299247443e-13,3.5366203299247443e-13
Compania Espanola de Laminacion SL,1,1,2500.0,0.0,1,1,Spain,Europe,69.0,0,,,,0.0,0.0,41.45485500000001,1.980107,Celsa Barcelona Castellbisbal steel plant,41.454855,1.980107,7.073240659849489e-13,7.073240659849489e-13
Hebei Xinxing Ductile Iron Pipes Co Ltd,1,1,2500.0,0.0,1,1,China,Asia Pacific,33.0,1,1570133414.6514165,33584625095.21064,33584625095.210636,1.0,1.0,36.621504,114.128189,Hebei Xinxing Ductile Iron Pipes Co Ltd,36.621504,114.128189,0.0,0.0
Guangdong Guoxin Industrial Co Ltd,1,1,2500.0,0.0,1,1,China,Asia Pacific,24.0,1,4977101905.5661955,385244145928.68036,385244145928.68036,1.0,1.0,23.407415,116.570818,"Guangdong Guoxin Industrial Co., Ltd.",23.407415,116.570818,0.0,0.0
Badische Stahlwerke GmbH,1,1,2500.0,0.0,1,1,Germany,Europe,71.0,0,,,,0.0,0.0,48.59505800000001,7.821633,Kehler Baden Steel Works,48.595058,7.821633,7.073240659849489e-13,7.073240659849489e-13
Jindal Shadeed Iron & Steel LLC,2,1,2500.0,5100.0,1,1,Oman,Middle East,8.0,0,,,,0.0,0.0,24.502551000000004,56.600739,Jindal Steel Sohar plant,24.502551,56.600739,551.9240638050334,3.5366203299247443e-13
Shanxi Tongde Xinghua Special Steel Co Ltd,1,1,2500.0,0.0,1,1,China,Asia Pacific,20.21,1,353310074.948443,103394504652.0815,103394504652.0815,1.0,1.0,40.183517,113.305462,Shanxi Tongde Xinghua Special Steel Co Ltd,40.183517,113.305462,0.0,0.0
Gerdau Acos Longos SA,4,3,2486.0,0.0,1,1,Brazil,Central & South America,49.5,0,,,,0.0,0.2413515687851971,-22.450756022114433,-45.29321422793589,Gerdau São Paulo Araçariguama steel plant,-23.43864,-47.08825,543.7105759267848,214.1259384838065
Chifeng Yuanlian Steel Co Ltd,1,1,2450.0,0.0,1,1,China,Asia Pacific,23.53,1,1995635766.3421109,37540157912.30757,37540157912.30757,1.0,1.0,42.278115,119.015289,Chifeng Yuanlian Steel Co Ltd,42.278115,119.015289,0.0,0.0
SSAB Americas Holding AB,2,2,2450.0,0.0,1,1,United States,North America,27.0,0,,,,0.0,0.0,36.11216893431017,-89.29332440346693,SSAB Americas Alabama steel plant,30.941783,-88.012437,611.5682702835715,587.0346116935148
Tangshan Zhengfeng Steel Co Ltd,1,1,2439.0,0.0,1,1,China,Asia Pacific,22.0,1,2256673828.2882605,55350743231.76233,55350743231.76233,1.0,0.0,39.85271,118.18127899999999,Tangshan Zhengfeng Steel Co Ltd,39.85271,118.181279,0.0,0.0
Tangshan Chunxing Special Steel Co Ltd,1,1,2400.0,0.0,1,1,China,Asia Pacific,23.5,1,1872854078.2187674,92559277497.5648,92559277497.5648,1.0,1.0,39.676326,118.427914,Tangshan Chunxing Special Steel Co Ltd,39.676326,118.427914,0.0,0.0
Yangchun New Iron & Steel Co Ltd,1,1,2400.0,0.0,1,1,China,Asia Pacific,19.0,1,126961940.125218,3221363170.291931,3221363170.291931,1.0,1.0,22.084903999999998,111.642187,Yangchun New Steel Co Ltd,22.084904,111.642187,3.5366203299247443e-13,3.5366203299247443e-13
ArcelorMittal Eisenhüttenstadt GmbH,1,1,2400.0,0.0,1,1,Germany,Europe,76.0,0,,,,0.0,1.0,52.168648999999995,14.623473000000002,ArcelorMittal Eisenhüttenstadt steel plant,52.168649,14.623473,7.073240659849489e-13,7.073240659849489e-13
ArcelorMittal Long Products Canada GP,1,1,2400.0,0.0,1,1,Canada,North America,112.0,0,,,,0.0,0.0,45.83514799999999,-73.254957,ArcelorMittal Montreal steel plant,45.835148,-73.254957,7.073240659849489e-13,7.073240659849489e-13
Orion Steel Group LLC,2,2,2400.0,0.0,2,1,"Canada, United States",North America,105.0,0,,,,0.0,0.0,44.8843897456477,-104.61899035096434,Orion Regina Steel plant,50.51499,-104.630589,740.4063302920572,626.095646487346
Guangdong Nanfang Donghai Iron and Steel Co Ltd,1,1,2400.0,0.0,1,1,China,Asia Pacific,3.0,1,194781090.93254027,18466041820.838684,18466041820.838684,1.0,0.0,22.907613999999995,112.224952,Guangdong Nanfang Donghai Iron and Steel Co Ltd,22.907614,112.224952,3.5366203299247443e-13,3.5366203299247443e-13
Kish South Kaveh Steel Co,1,1,2400.0,0.0,1,1,Iran,Middle East,15.0,0,,,,0.0,0.0,27.169696,56.09520700000001,Kish South Kaveh Steel Hormuzgan plant,27.169696,56.095207,6.292765210137542e-13,6.292765210137542e-13
Yangzhou Qinyou Special Metal Materials Co Ltd,1,1,2400.0,0.0,1,1,China,Asia Pacific,24.7,1,361408387.5824465,12183217479.764217,12183217479.764217,1.0,1.0,32.83870300000001,119.425236,Yangzhou Qinyou Special Metal Materials Co Ltd,32.838703,119.425236,7.073240659849489e-13,7.073240659849489e-13
Shanxi HONGDA Iron and Steel Group Co Ltd,1,1,2300.0,0.0,1,1,China,Asia Pacific,26.81,1,250634379.58227268,11052557794.235445,11052557794.235445,1.0,1.0,35.701895,110.786826,Shanxi Hongda Iron and Steel Group Co Ltd,35.701895,110.786826,0.0,0.0
Liaoyang United Steel Co Ltd,1,1,2300.0,0.0,1,1,China,Asia Pacific,6.17,1,1281795295.850902,145469805968.16263,145469805968.16263,1.0,1.0,41.19138,122.87731100000002,Liaoyang United Steel Co Ltd,41.19138,122.877311,0.0,0.0
Sichuan Dazhou Iron & Steel Group Co Ltd,1,1,2300.0,0.0,1,1,China,Asia Pacific,28.89,1,10197981456.470524,16472287883.06964,16472287883.06964,1.0,1.0,31.18945,107.453099,Sichuan Dazhou Iron and Steel Group Co Ltd,31.18945,107.453099,0.0,0.0
Hebei Tangyin IRON&STEEL Co Ltd,2,1,2300.0,0.0,1,1,China,Asia Pacific,17.0,2,6582094224.79956,83780785508.97925,5420460228.12082,1.0,1.0,39.160401,118.42980600000001,Hebei Tangyin Iron and Steel Co Ltd Caofeidian base,39.160401,118.429806,62.75033407220076,0.0
Hebei Rongxin Iron & Steel Co Ltd,1,1,2300.0,0.0,1,1,China,Asia Pacific,24.0,1,796505445.106471,37676094217.017624,37676094217.017624,1.0,1.0,39.88066100000001,118.55875500000002,Hebei Rongxin Steel Co Ltd,39.880661,118.558755,7.073240659849489e-13,7.073240659849489e-13
MMK Metalurji Sanayi Ticaret ve Liman Isletmeciligi AŞ,1,1,2300.0,0.0,1,1,Türkiye,Europe,15.0,0,,,,0.0,0.0,36.768975,36.213842,MMK Türkiye Metallurgical Payas steel plant,36.768975,36.213842,0.0,0.0
Fujian San'an Iron & Steel Co Ltd,1,1,2300.0,0.0,1,1,China,Asia Pacific,25.0,1,1080493062.2097301,9718651806.53008,9718651806.53008,1.0,1.0,25.244396,118.029905,Fujian Quanzhou Minguang Iron and Steel Co Ltd,25.244396,118.029905,0.0,0.0
WISCO Group Kunming Steel Co Ltd,2,1,2276.0,3200.0,1,1,China,Asia Pacific,11.77,2,401331048.2710037,16013837263.227234,18309452908.098064,1.0,1.0,24.953261,102.378082,WISCO Group Kunming Steel Co Ltd New District Branch,24.953261,102.378082,1.2430775632602602,0.0
Qinhuangdao Baigong Steel Co Ltd,1,1,2260.0,0.0,1,1,China,Asia Pacific,20.0,1,1644959560.7920702,18213193280.373558,18213193280.373558,1.0,0.8407079646017699,39.74877299999999,118.81947200000002,Qinhuangdao Baigong Steel Co Ltd,39.748773,118.819472,7.073240659849489e-13,7.073240659849489e-13
Zhongpu (Handan) Iron and Steel Co Ltd,1,1,2250.0,0.0,1,1,China,Asia Pacific,23.0,1,296202759.7826058,9064068513.111492,9064068513.111492,1.0,0.6666666666666666,36.721376,113.910271,Zhongpu Handan Iron and Steel Co Ltd,36.721376,113.910271,0.0,0.0
JFE Bars & Shapes Corp,3,3,2220.0,0.0,1,1,Japan,Asia Pacific,89.0,3,10166868071.82332,90803702125.44612,95015461029.1508,1.0,0.0,35.102322662375435,136.34926444273793,JFE Bars & Shapes Himeji Works steel plant,34.784113,134.658493,406.08474127535186,158.1193517178651
BMM Ispat Ltd,1,1,2208.0,0.0,1,1,India,Asia Pacific,20.0,1,326466748.184155,3195093655.900409,3195093655.900409,1.0,0.49818840579710144,15.169719999999998,76.37971,BMM Ispat Danapur steel plant,15.16972,76.37971,3.5366203299247443e-13,3.5366203299247443e-13
Aperam Stainless Belgium NV,2,2,2200.0,0.0,1,1,Belgium,Europe,53.0,0,,,,0.0,0.0,50.69909295274324,5.063786619269357,Aperam Stainless Belgium Genk steel plant,50.933973,5.511494,49.05961200777026,40.882886548155135
Yenakiieve Metallurgical Plant Branch PJSC,1,1,2200.0,0.0,1,1,Ukraine,Europe,131.0,0,,,,0.0,1.0,48.22050200000001,38.228626,Yenakiieve Metallurgical Plant,48.220502,38.228626,7.073240659849489e-13,7.073240659849489e-13
Ferriere Nord SpA,1,1,2200.0,0.0,1,1,Italy,Europe,51.0,0,,,,0.0,0.0,46.23219900000001,13.079103999999997,Pittini Ferriere Nord Osoppo steel plant,46.232199,13.079104,7.178228698320934e-13,7.178228698320934e-13
HBIS Group Serbia Iron & Steel Beograd doo,1,1,2199.0,,1,1,Serbia,Europe,62.0,0,,,,0.0,1.0,44.606332,20.970066,HBIS GROUP Serbia Iron & Steel plant Belgrade,44.606332,20.970066,0.0,0.0
SeAH Besteel Holdings Corp,1,1,2101.0,0.0,1,1,South Korea,Asia Pacific,29.0,0,,,,0.0,0.0,35.968596,126.609524,SeAH Besteel Gunsan steel plant,35.968596,126.609524,0.0,0.0
SteelAsia Manufacturing Corp,7,3,2100.0,9800.0,1,1,Philippines,Asia Pacific,7.5,0,,,,0.0,0.0,10.363530155295422,123.72675043092036,SteelAsia Compostela steel plant,10.45078,124.006424,644.3549424615532,32.088493905512046
Algerian Qatari Steel,1,1,2100.0,2200.0,1,1,Algeria,Africa,9.0,0,,,,0.0,0.0,36.753961,6.24442,Algerian Qatari Steel Jijel plant,36.753961,6.24442,0.0,0.0
Suez Steel Company SAE,1,1,2080.0,0.0,1,1,Egypt,Africa,26.0,0,,,,0.0,0.0,29.927875000000004,32.437744,Suez Steel Solb Misr Attaka plant,29.927875,32.437744,0.0,0.0
Guangdong Yuebei United Steel Co Ltd,1,1,2055.0,0.0,1,1,China,Asia Pacific,16.0,1,114780320.39245096,1125333997.9230347,1125333997.9230347,1.0,0.4744525547445255,24.262452,113.728198,Guangdong Yuebei United Steel Co Ltd,24.262452,113.728198,0.0,0.0
Uralskaya Stal JSC,1,1,2050.0,0.0,1,1,Russia,Eurasia,71.0,0,,,,0.0,0.0,51.214781,58.353913,Ural Steel Metallurgical Plant,51.214781,58.353913,0.0,0.0
Orissa Metaliks Pvt Ltd,3,3,2050.0,3103.0,1,1,India,Asia Pacific,9.0,3,2205613025.7592883,11647420002.710455,11937673818.653206,1.0,0.0,22.228916368518345,86.31632919197715,Orissa Metaliks Kharagpur steel plant,22.378355,87.281773,245.72332664844237,100.70131750406449
Xining Special Steel Co Ltd,1,1,2040.0,0.0,1,1,China,Asia Pacific,28.37,1,3718700727.8378444,78026869502.55952,78026869502.55952,1.0,0.4411764705882353,36.66856,101.671414,Xining Special Steel Co Ltd,36.66856,101.671414,0.0,0.0
Guangdong Guangqing METAL Technology Co Ltd,1,1,2040.0,0.0,1,1,China,Asia Pacific,16.0,1,546325381.749661,8965655529.844513,8965655529.844513,1.0,0.0,21.697069,111.848841,Guangdong Guangqing Metal Technology Co Ltd,21.697069,111.848841,0.0,0.0
Heilongjiang Jianlong Iron and Steel Co Ltd,1,1,2001.0,0.0,1,1,China,Asia Pacific,23.0,1,125175844.19061546,5871935016.85296,5871935016.85296,1.0,1.0,46.602297,131.071877,Heilongjiang Jianlong Iron and Steel Co Ltd,46.602297,131.071877,0.0,0.0
Guangdong Jingye Iron and Steel Co Ltd,1,1,2000.0,0.0,1,1,China,Asia Pacific,6.0,1,7797595936.055308,345789484427.87335,345789484427.87335,1.0,1.0,23.454666,116.498483,Guangdong Jingye Iron and Steel Co Ltd,23.454666,116.498483,0.0,0.0
PT The Master Steel MFG,1,1,2000.0,0.0,1,1,Indonesia,Asia Pacific,54.0,0,,,,0.0,0.0,-6.18421,106.920067,Master Steel Jakarta Steel plant,-6.18421,106.920067,0.0,0.0
Shijiazhuang Iron and Steel Co Ltd,2,1,2000.0,0.0,1,1,China,Asia Pacific,34.5,2,41715661516.27928,170201054489.4095,9741885478.582943,1.0,0.0,38.075008000000004,114.033043,Shijiazhuang Iron and Steel Co Ltd Special Steel Branch,38.075008,114.033043,46.189297000884025,7.073240659849489e-13
Panhua Group Co Ltd,2,1,2000.0,0.0,1,1,Philippines,Asia Pacific,0.0,0,,,,0.0,1.0,5.866550000000001,125.078751,Panhua Group Sarangani steel plant,5.86655,125.078751,297.9305071072437,1.7683101649623721e-13
Fujian Wuhang Stainless Steel Products Co Ltd,1,1,2000.0,0.0,1,1,China,Asia Pacific,33.0,1,6512786661.363352,121317464955.75766,121317464955.75766,1.0,0.0,25.95923,119.452018,Fujian Wuhang Stainless Steel Products Co Ltd,25.95923,119.452018,0.0,0.0
Xinxing Ductile Iron Pipes Xinjiang Co Ltd,1,1,2000.0,750.0,1,1,China,Asia Pacific,15.46,1,31013010.919899933,271826943.1926223,271826943.1926223,1.0,1.0,42.333321000000005,86.302481,Xinjiang Tianshan Iron and Steel Bazhou Co Ltd,42.333321,86.302481,1.4146481319698977e-12,1.4146481319698977e-12
Jiangsu Changqiang Iron & Steel Co Ltd,1,1,2000.0,0.0,1,1,China,Asia Pacific,22.42,1,5149260849.902505,141261220919.2089,141261220919.2089,1.0,1.0,31.952064000000004,120.189749,Jiangsu Changqiang Iron and Steel Co Ltd,31.952064,120.189749,0.0,0.0
Henan YAXIN Steel Industry Co Ltd,1,1,2000.0,1600.0,1,1,China,Asia Pacific,23.0,1,1630271672.3960836,46949897947.47488,46949897947.47488,1.0,1.0,35.87995600000001,114.334825,Henan Yaxin Iron and Steel Group Co Ltd,35.879956,114.334825,7.073240659849489e-13,7.073240659849489e-13
BERIS Jiangsu Heavy Industry Co Ltd,1,1,2000.0,0.0,1,1,China,Asia Pacific,16.33,1,178113102.28059617,67465694863.543724,67465694863.543724,1.0,0.0,32.104319,119.79212599999998,Zhongye Dongfang Jiangsu Heavy Industry Co Ltd,32.104319,119.792126,0.0,0.0
Acindar Industria Argentina de Aceros SA,1,1,2000.0,0.0,1,1,Argentina,Central & South America,80.0,0,,,,0.0,0.0,-33.249936,-60.300415,ArcelorMittal Acindar Villa Constitución steel plant,-33.249936,-60.300415,0.0,0.0
Alfa Acciai SpA,1,1,2000.0,0.0,1,1,Italy,Europe,71.0,0,,,,0.0,0.0,45.50869800000001,10.248464000000002,Alfa Acciai Brescia steel plant,45.508698,10.248464,7.180977167827795e-13,7.180977167827795e-13
Tangshan Wenfeng Special Steel Co Ltd,1,1,2000.0,0.0,1,1,China,Asia Pacific,18.47,1,146526011.7107865,4822170639.785444,4822170639.785444,1.0,0.675,39.146541,118.432261,Tangshan Wenfeng Special Steel Co Ltd,39.146541,118.432261,0.0,0.0
Wuhai Baogang Wanteng Iron and Steel Co Ltd,1,1,2000.0,0.0,1,1,China,Asia Pacific,15.0,1,111523145.34028804,4238109972.7364726,4238109972.7364726,1.0,1.0,39.855971000000004,106.88664700000001,Wuhai Baogang Wanteng Iron and Steel Co Ltd,39.855971,106.886647,1.2960049860395555e-12,1.2960049860395555e-12
Inner Mongolia Yaxinlongshun Special Steel Co Ltd,1,1,2000.0,0.0,1,1,China,Asia Pacific,20.3,1,2337622.9703656165,43882319875.08875,43882319875.08875,1.0,1.0,40.689778000000004,110.214707,Inner Mongolia Yaxin Longshun Special Steel Co Ltd,40.689778,110.214707,7.073240659849489e-13,7.073240659849489e-13
Hubei Shunle Iron and Steel Co Ltd,1,1,2000.0,0.0,1,1,China,Asia Pacific,5.0,1,96700424.06712171,3896296123.857642,3896296123.857642,1.0,0.0,29.925025999999995,113.826118,Hubei Shunle Steel Co Ltd plant,29.925026,113.826118,0.0,0.0
Fuzhou Wuhang Steel Products Co Ltd,1,1,2000.0,0.0,1,1,China,Asia Pacific,5.0,1,6512786661.363352,122602138013.36755,122602138013.36755,1.0,0.0,25.995101000000002,119.495725,Fuzhou Wuhang Steel Products Co Ltd,25.995101,119.495725,7.073240659849489e-13,7.073240659849489e-13
Wuhu Fuxin Iron & Steel Co Ltd,1,1,2000.0,0.0,1,1,China,Asia Pacific,23.0,1,203072621.1319695,14988877836.507608,14988877836.50761,1.0,1.0,31.194505000000003,118.067833,Wuhu Fuxin Iron and Steel Co Ltd,31.194505,118.067833,0.0,0.0
Arcelormittal Sestao SL,1,1,2000.0,0.0,1,1,Spain,Europe,124.0,0,,,,0.0,0.0,43.31314400000001,-2.998964,ArcelorMittal Sestao steel plant,43.313144,-2.998964,7.073240659849489e-13,7.073240659849489e-13
Luzhou Xinyang Vanadium Titanium Steel Co Ltd,1,1,2000.0,0.0,1,1,China,Asia Pacific,6.12,1,20271489.796361625,14827483803.874836,14827483803.874836,1.0,0.0,28.851779000000004,105.70509,Luzhou Xinyang Vanadium Titanium Steel Co Ltd,28.851779,105.70509,7.073240659849489e-13,7.073240659849489e-13
Wuhu Xinxing Ductile Iron Pipes Co Ltd,1,1,2000.0,0.0,1,1,China,Asia Pacific,23.0,1,1042494789.8844099,47168529761.85727,47168529761.85727,1.0,0.75,31.229893,118.15086699999999,Wuhu Xinxing Ductile Iron Pipes Co Ltd,31.229893,118.150867,0.0,0.0
Hubei Lijin Steel Group Co Ltd,1,1,2000.0,0.0,1,1,China,Asia Pacific,24.0,1,728653447.9992169,3421129107.2619076,3421129107.2619076,1.0,0.0,32.127263,112.715688,Hubei Lijin Steel Group Co Ltd,32.127263,112.715688,0.0,0.0
Guizhou United Steel (Group) Co Ltd,1,1,1990.0,0.0,1,1,China,Asia Pacific,12.0,1,288427354.33009654,39984761441.50749,39984761441.50749,1.0,0.0,27.591691,106.814024,Guizhou United Iron and Steel Group Co Ltd,27.591691,106.814024,0.0,0.0
Sev.en Global Investments AS,2,2,1970.0,0.0,2,1,"Norway, United Kingdom",Europe,50.0,0,,,,0.0,0.0,57.514347929417234,1.9062521125780907,Se.ven GI Cardiff steel plant,51.479757,-3.137056,1165.4888771893673,745.3904516228835
Aceros Especiales Simec Tlaxcala SA de CV,2,2,1956.0,0.0,1,1,Mexico,North America,20.32,0,,,,0.0,0.0,20.530744149724534,-99.25721369397296,Grupo Simec Apizaco Cholula steel plant,19.395628,-98.088777,245.3845924193006,175.62252562202744
Pavgord doo,1,1,1940.0,0.0,1,1,Bosnia and Herzegovina,Europe,134.0,0,,,,0.0,0.5876288659793815,44.224446,17.899815,Pavgord Zenica steel plant,44.224446,17.899815,0.0,0.0
Angang Lianzhong Stainless Steel Corp,1,1,1900.0,0.0,1,1,China,Asia Pacific,25.0,1,23605391215.706425,860628677784.8787,860628677784.8787,1.0,0.0,23.126822000000004,113.505817,Angang Lianzhong Stainless Steel Co Ltd,23.126822,113.505817,3.5366203299247443e-13,3.5366203299247443e-13
ShiGangJingCheng Equipment Development and Manufacturing Co Ltd,1,1,1900.0,0.0,1,1,China,Asia Pacific,20.0,1,758099574.9849542,50793015085.371735,50793015085.371735,1.0,0.6052631578947368,40.626396,122.38884000000002,ShiGangJingCheng Equipment Development and Manufacturing Co Ltd,40.626396,122.38884,0.0,0.0
Shaanxi Lueyang Iron and Steel Co Ltd,1,1,1900.0,1150.0,1,1,China,Asia Pacific,22.29,1,32314098.785076372,235071813.0636932,235071813.0636932,1.0,1.0,33.323678,106.167206,Shaanxi Lueyang Iron and Steel Co Ltd,33.323678,106.167206,0.0,0.0
Lucheng Xingbao Iron & Steel Co Ltd,1,1,1900.0,0.0,1,1,China,Asia Pacific,22.85,1,2719454994.077153,51965769924.3065,51965769924.3065,1.0,1.0,36.332449,113.15509000000002,Changzhi Xingbao Steel Co Ltd,36.332449,113.15509,1.1396304503097789e-12,1.1396304503097789e-12
Shandong Taigang Xinhai Stainless Steel Co Ltd,1,1,1860.0,0.0,1,1,China,Asia Pacific,10.07,1,374021532.01611346,9458763157.781725,9458763157.781725,1.0,1.0,35.228556,119.08417800000001,Shandong Taigang Xinhai Stainless Steel Co Ltd,35.228556,119.084178,0.0,0.0
Wuzhou Yongda Steel Works Co Ltd,1,1,1851.0,1645.0,1,1,China,Asia Pacific,17.0,1,607979569.3111423,17168553692.68113,17168553692.68113,1.0,0.0,23.524464999999996,111.2402,Wuzhou Yongda Iron and Steel Co Ltd,23.524465,111.2402,3.5366203299247443e-13,3.5366203299247443e-13
Algoma Steel Group Inc,1,1,1850.0,1850.0,1,1,Canada,North America,125.0,0,,,,0.0,0.0,46.518984,-84.374068,Algoma steel plant,46.518984,-84.374068,0.0,0.0
Hebei Huaxi Special Steel Co Ltd,1,1,1824.0,0.0,1,1,China,Asia Pacific,5.0,1,658638310.9064554,5574342695.914176,5574342695.914176,1.0,1.0,39.260784,119.00592499999999,Hebei Huaxi Special Steel Co Ltd,39.260784,119.005925,0.0,0.0
Anshan Baode Iron & Steel Co Ltd,1,1,1800.0,0.0,1,1,China,Asia Pacific,26.73,1,4381066890.384275,163827269958.9023,163827269958.9023,1.0,1.0,41.173613,122.94550100000001,Anshan Baode Iron and Steel Co Ltd,41.173613,122.945501,0.0,0.0
Ningxia Iron and Steel (Group) Co Ltd,1,1,1800.0,0.0,1,1,China,Asia Pacific,68.0,1,21396075.606333133,5611743146.297188,5611743146.297188,1.0,1.0,37.503054,105.078348,Ningxia Iron and Steel Group Co Ltd,37.503054,105.078348,0.0,0.0
Hbzx HIGH Tech Co Ltd,1,1,1800.0,0.0,1,1,China,Asia Pacific,3.0,1,11073664760.627905,24373336350.227478,24373336350.227478,1.0,0.0,40.607977,115.067516,Hebei Zhangxuan High Tech Co Ltd,40.607977,115.067516,0.0,0.0
G Steel PCL,1,1,1800.0,0.0,1,1,Thailand,Asia Pacific,27.0,0,,,,0.0,0.0,12.793786000000003,101.244592,Nippon Rayong Steel plant,12.793786,101.244592,1.7683101649623721e-13,1.7683101649623721e-13
BES Brandenburger Elektrostahlwerke GmbH,1,1,1800.0,0.0,1,1,Germany,Europe,114.0,0,,,,0.0,0.0,52.402617,12.496135000000002,Riva Brandenburg Electric Steel Works,52.402617,12.496135,1.0788619026237353e-13,1.0788619026237353e-13
Feng Hsin Steel Co Ltd,1,1,1800.0,0.0,1,1,Taiwan,Asia Pacific,55.0,0,,,,0.0,0.0,24.31287,120.712774,Feng Hsin Taichung Steel plant,24.31287,120.712774,0.0,0.0
Henan Angang Zhoukou Iron and Steel Co Ltd,1,1,1750.0,1300.0,1,1,China,Asia Pacific,5.0,1,1216482444.7504897,9764326764.785652,9764326764.785652,1.0,1.0,33.364534,115.099661,Henan Angang Zhoukou Iron and Steel Co Ltd,33.364534,115.099661,0.0,0.0
Acciaierie Venete SpA,3,3,1740.0,750.0,1,1,Italy,Europe,47.0,0,,,,0.0,0.0,45.70981547447659,11.21947479113646,Acciaierie Venete Borgo Valsugana steel plant,46.049182,11.440394,78.78725484784968,41.430118722530835
Fujian Dingsheng Steel Co Ltd,1,1,1726.0,0.0,1,1,China,Asia Pacific,8.0,1,65973740.548705816,4145571679.748354,4145571679.748354,1.0,0.0,27.224477,120.32882799999999,Fujian Dingsheng Iron and Steel Co Ltd,27.224477,120.328828,0.0,0.0
Guangxi Longzhou Zhongheng Wanhua Industrial Co Ltd,2,1,1725.0,0.0,1,1,China,Asia Pacific,17.5,2,14775761.727532735,1219183267.816457,1401279019.1171057,1.0,0.0,23.987136000000003,111.914197,Guangxi Guifeng Special Steel Co Ltd,23.987136,111.914197,540.3949499231294,3.5366203299247443e-13
Siderca SAIC,1,1,1720.0,0.0,1,1,Argentina,Central & South America,65.57,0,,,,0.0,0.0,-34.152553999999995,-58.97738800000001,TenarisSiderca Campana steel plant,-34.152554,-58.977388,1.367776716465101e-12,1.367776716465101e-12
Libyan Iron and Steel Co,1,1,1710.0,0.0,1,1,Libya,Africa,37.0,0,,,,0.0,0.0,32.335185,15.215053000000005,Libyan Iron and Steel Misrata plant,32.335185,15.215053,2.988209104017904e-13,2.988209104017904e-13
Licheng Taihang Iron & Steel Co Ltd,1,1,1700.0,0.0,1,1,China,Asia Pacific,25.68,1,231213739.23506635,5164716713.87076,5164716713.87076,1.0,1.0,36.472303000000004,113.344155,Licheng Taihang Iron and Steel Co Ltd,36.472303,113.344155,7.073240659849489e-13,7.073240659849489e-13
Shanxi Meijin Iron and Steel Co Ltd,2,1,1700.0,3090.0,1,1,China,Asia Pacific,22.32,2,2089291270.347642,10351724174.808672,15890424232.047594,1.0,1.0,37.571354000000014,112.229791,Shanxi Meijin Iron and Steel Co Ltd Dongyu Town,37.571354,112.229791,135.93671699328087,1.4146481319698977e-12
CMC Poland SP zoo,1,1,1700.0,0.0,1,1,Poland,Europe,125.0,0,,,,0.0,0.0,50.487463000000005,19.456758999999998,CMC Zawiercie steel plant,50.487463,19.456759,7.422531409456115e-13,7.422531409456115e-13
Outokumpu Stainless AB,2,2,1700.0,0.0,2,1,"Finland, Sweden",Europe,73.0,0,,,,0.0,0.0,64.16440130050796,21.491735929622468,Outokumpu Tornio steel plant,65.767115,24.176472,524.6614350781408,218.404698414033
Godo Steel Ltd,3,3,1700.0,0.0,1,1,Japan,Asia Pacific,51.0,3,176002564914.40576,2363553848858.4585,2534076359059.482,1.0,0.0,35.15747324435747,137.0586753625425,Godo Steel Funabashi Works,35.697541,139.964104,270.0040342534613,270.0040342534613
Egyptian Steel Group,2,2,1660.0,0.0,1,1,Egypt,Africa,8.0,0,,,,0.0,0.0,29.401049496331158,31.76275103227149,Egyptian Steel Ain Sokhna plant,29.64769,32.2789,56.975289840807264,56.975289840807264
Heyuan Derun Steel Co Ltd,2,1,1650.0,0.0,1,1,China,Asia Pacific,26.0,2,5199836757.785021,11378305158.915005,226801845.94090843,1.0,0.0,23.39775,114.898646,Heyuan Derun Steel Co Ltd LanTang Industrial Park,23.39775,114.898646,36.52705729405504,0.0
Talleres y Aceros SA de CV,1,1,1650.0,0.0,1,1,Mexico,North America,33.0,0,,,,0.0,0.0,18.869271999999995,-97.047263,TYASA steel plant,18.869272,-97.047263,3.5366203299247443e-13,3.5366203299247443e-13
Hebei YongYang Special Steel Group Co Ltd,1,1,1610.0,0.0,1,1,China,Asia Pacific,33.0,1,364664534.1041899,105774755639.35507,105774755639.35507,1.0,0.7453416149068323,36.786851,114.37613200000001,Hebei Yongyang Special Steel Group Co Ltd,36.786851,114.376132,2.26589516539562e-12,2.26589516539562e-12
Jianglong Acheng Iron & Steel Co Ltd,1,1,1600.0,0.0,1,1,China,Asia Pacific,25.0,1,3851213851.5239058,22150430318.140865,22150430318.140865,1.0,1.0,45.562002,126.968128,Jianglong Acheng Iron and Steel Co Ltd,45.562002,126.968128,0.0,0.0
West Alborz Steel Co,1,1,1600.0,0.0,1,1,Iran,Middle East,21.0,0,,,,0.0,0.0,36.119574,49.306253000000005,West Alborz Ana Steel Zanjan plant,36.119574,49.306253,5.713682810471618e-13,5.713682810471618e-13
Abinski Elektrometallurgicheski Zavod LLC,1,1,1600.0,0.0,1,1,Russia,Eurasia,12.0,0,,,,0.0,0.0,44.88193799999999,38.12751,Abinsk Electric Steel Works,44.881938,38.12751,7.073240659849489e-13,7.073240659849489e-13
North American Stainless Inc,1,1,1600.0,0.0,1,1,United States,North America,36.0,0,,,,0.0,0.0,38.725418,-85.076015,North American Stainless Ghent steel plant,38.725418,-85.076015,0.0,0.0
Guangxi Deyuan Metallurgy Co Ltd,2,1,1600.0,1600.0,1,1,China,Asia Pacific,36.0,2,271821385.1967023,2050654951.2266204,3308487119.423714,1.0,0.0,22.712996,109.33725,Guangxi Deyuan Metallurgy Co Ltd (Nayangdaqiao),22.712996,109.33725,47.54394329250853,0.0
Sanyo Special Steel Co Ltd,1,1,1596.0,0.0,1,1,Japan,Asia Pacific,91.0,1,12333371034.581137,143476292065.9075,143476292065.9075,1.0,0.0,34.788074,134.672046,Nippon Sanyo Special Steel,34.788074,134.672046,0.0,0.0
Jiangsu HONGTAI Metals Ware Co Ltd,1,1,1576.0,0.0,1,1,China,Asia Pacific,25.68,1,3200493895.461697,126766002274.87663,126766002274.87663,1.0,0.0,32.138393,119.554693,Jiangsu Hongtai Iron and Steel Co Ltd,32.138393,119.554693,0.0,0.0
Hebei New Wuan Iron and Steel Group Xin Hui Metallurgy Co Ltd,1,1,1575.0,0.0,1,1,China,Asia Pacific,26.0,1,1570133414.6514165,32209850622.246307,32209850622.24631,1.0,0.0,36.664097,114.11526299999998,Hebei Xinwuan Iron and Steel Group Xinhui Metallurgy Co Ltd,36.664097,114.115263,1.1347599622788e-12,1.1347599622788e-12
Voestalpine Stahl Donawitz GmbH,1,1,1570.0,1700.0,1,1,Austria,Europe,148.0,0,,,,0.0,1.0,47.380455,15.065182000000002,Voestalpine Stahl Donawitz steel plant,47.380455,15.065182,2.3947412242048855e-13,2.3947412242048855e-13
Infrabuild Australia Pty Ltd,2,2,1530.0,0.0,1,1,Australia,Asia Pacific,39.0,0,,,,0.0,0.0,-35.87664148203429,147.83717020740806,GFG Liberty Laverton Steel Mill,-37.831379,144.788169,361.5002960144203,347.58235011116346
Shanxi Changxin Industry Co Ltd,1,1,1520.0,1475.0,1,1,China,Asia Pacific,37.0,1,2719454994.077153,57194942525.12237,57194942525.12237,1.0,1.0,36.326589,113.11718100000002,Shanxi Changxin Industrial Co Ltd,36.326589,113.117181,1.139716165782187e-12,1.139716165782187e-12
AM/NS Calvert LLC,1,1,1500.0,1500.0,1,1,United States,North America,1.0,0,,,,0.0,0.0,31.148445999999996,-87.990521,ArcelorMittal Calvert steel plant,31.148446,-87.990521,7.073240659849489e-13,7.073240659849489e-13
Zarand Iranian Steel Co,1,1,1500.0,1000.0,1,1,Iran,Middle East,6.0,0,,,,0.0,1.0,30.749632999999996,56.66750960000001,Zarand Iranian Steel Company Kerman plant,30.749633,56.6675096,9.326450726125852e-13,9.326450726125852e-13
Danyang Longjiang Steel Co Ltd,1,1,1500.0,0.0,1,1,China,Asia Pacific,22.59,1,5805245295.940704,102713030996.41043,102713030996.41043,1.0,1.0,32.027791,119.57705999999999,Danyang Longjiang Steel Co Ltd,32.027791,119.57706,0.0,0.0
Acciaierie Bertoli Safau SpA,1,1,1500.0,730.0,1,1,Italy,Europe,213.0,0,,,,0.0,0.0,46.008483000000005,13.255117,Danieli ABS Pozzuolo del Friuli steel plant,46.008483,13.255117,7.073240659849489e-13,7.073240659849489e-13
Kroman Celik Sanayii AS,1,1,1500.0,0.0,1,1,Türkiye,Europe,57.0,0,,,,0.0,0.0,40.801101,29.374114999999996,Kroman Steel Darica plant,40.801101,29.374115,0.0,0.0
Butia Iranian Steel Co,1,1,1500.0,0.0,1,1,Iran,Middle East,15.0,0,,,,0.0,0.0,30.491199999999992,56.821400000000004,Butia Iranian Steel Kerman plant,30.4912,56.8214,9.33705043038471e-13,9.33705043038471e-13
Chengdu Changfeng Steel Group Co Ltd,1,1,1500.0,0.0,1,1,China,Asia Pacific,56.0,1,846260426.3465284,20216826188.210163,20216826188.210163,1.0,0.0,31.031921000000004,103.672956,Chengdu Changfeng Iron and Steel Group Co Ltd,31.031921,103.672956,0.0,0.0
Daido Steel Co Ltd,1,1,1500.0,0.0,1,1,Japan,Asia Pacific,64.0,1,27104407629.54368,1439619650330.7676,1439619650330.7676,1.0,0.0,35.016404,136.86474400000003,Daido Steel Chita plant (Tokai),35.016404,136.864744,2.3171591046419547e-12,2.3171591046419547e-12
Henan Fengbao SPECIAL Steel Co Ltd,1,1,1500.0,1150.0,1,1,China,Asia Pacific,25.0,1,1250100343.4634068,12382607196.784225,12382607196.784227,1.0,1.0,36.131666,113.872158,Henan Fengbao Special Steel Co Ltd,36.131666,113.872158,0.0,0.0
Qian'an Zhayi Steel Group Co Ltd,1,1,1500.0,0.0,1,1,China,Asia Pacific,22.0,1,722897426.2393645,20922674707.457275,20922674707.457275,1.0,0.0,40.044026,118.552001,Qian an Zhayi Steel Group Co Ltd,40.044026,118.552001,0.0,0.0
Pomina Steel JSC,2,2,1500.0,0.0,1,1,Vietnam,Asia Pacific,20.5,0,,,,0.0,0.0,10.585217342626525,107.0420462414459,Pomina Steel 3 Phu My plant,10.577042,107.040324,1.8566892129197723,0.9283445966045943
Pasargad Steel Complex Co,1,1,1500.0,0.0,1,1,Iran,Middle East,13.0,0,,,,0.0,0.0,29.191019,52.84540500000001,Pasargad Steel Complex Fars,29.191019,52.845405,6.174928752009486e-13,6.174928752009486e-13
ESL Steel Ltd,1,1,1500.0,5500.0,1,1,India,Asia Pacific,20.0,1,1365011682.389793,43723661303.11369,43723661303.11369,1.0,1.0,23.632907000000003,86.293671,Electrosteel Bokaro steel plant,23.632907,86.293671,3.5366203299247443e-13,3.5366203299247443e-13
Longnan Fuxin Steel Co Ltd,1,1,1500.0,0.0,1,1,China,Asia Pacific,20.91,1,85055828.36295038,2043486888.1904335,2043486888.1904335,1.0,0.0,24.912904,114.844503,Longnan Fuxin Iron and Steel Co Ltd,24.912904,114.844503,0.0,0.0
G J Steel PCL,1,1,1500.0,0.0,1,1,Thailand,Asia Pacific,31.0,0,,,,0.0,0.0,13.054668,101.078842,Nippon Chonburi steel plant,13.054668,101.078842,0.0,0.0
Ningxia Xinghua Iron and Steel Co Ltd,1,1,1500.0,0.0,1,1,China,Asia Pacific,4.22,1,1044069289.8932406,7853591900.804573,7853591900.804573,1.0,1.0,39.309571,106.79093,Ningxia Xinghua Iron and Steel Co Ltd,39.309571,106.79093,0.0,0.0
JSW Steel USA Ohio Inc,1,1,1500.0,0.0,1,1,United States,North America,8.0,0,,,,0.0,0.0,40.31489100000001,-80.605553,JSW Steel USA Ohio plant,40.314891,-80.605553,7.073240659849489e-13,7.073240659849489e-13
Guangxi Wuzhou Jinhai Stainless Steel Co Ltd,1,1,1500.0,0.0,1,1,China,Asia Pacific,16.0,1,607979569.3111423,17160960324.747437,17160960324.747438,1.0,0.0,23.518229000000005,111.235509,Guangxi Wuzhou Jinhai Stainless Steel Co Ltd,23.518229,111.235509,3.5366203299247443e-13,3.5366203299247443e-13
Jilin Jingang Lron and Steel Co Ltd,1,1,1500.0,0.0,1,1,China,Asia Pacific,47.0,1,7056524178.650425,23181462756.71462,23181462756.71462,1.0,1.0,43.20023,124.33569700000001,Jilin Jingang Iron and Steel Co Ltd,43.20023,124.335697,0.0,0.0
Jiangyin Huaxi Steel Co Ltd,1,1,1500.0,0.0,1,1,China,Asia Pacific,23.39,1,10086515908.61508,305294826329.78326,305294826329.78326,1.0,1.0,31.816481999999993,120.424347,Jiangyin Huaxi Iron and Steel Co Ltd,31.816482,120.424347,7.073240659849489e-13,7.073240659849489e-13
Gerdau Corsa SAPI de CV,2,2,1500.0,0.0,1,1,Mexico,North America,26.5,0,,,,0.0,0.0,19.712545621747747,-98.79119258832152,Gerdau Corsa Ciudad Sahagún steel plant,19.753326,-98.596483,41.75570028072426,20.87773803869056
Aichi Steel Corp,1,1,1495.0,0.0,1,1,Japan,Asia Pacific,83.0,1,110186877555.41345,1502462582382.9646,1502462582382.9646,1.0,0.0,35.044557999999995,136.900772,Aichi Steel Chita plant (Tokai),35.044558,136.900772,7.073240659849489e-13,7.073240659849489e-13
Torbat Heydarieh Steel Co,1,1,1450.0,0.0,1,1,Iran,Middle East,1.0,0,,,,0.0,0.0,35.594882,59.20598400000001,Torbat Heydarieh Khorasan Steel Complex,35.594882,59.205984,0.0,0.0
Arcelormittal Olaberria-Bergara SL,1,1,1450.0,0.0,1,1,Spain,Europe,34.0,0,,,,0.0,0.0,43.03829,-2.219625,ArcelorMittal Olaberria-Bergara (Olaberria) steel plant,43.03829,-2.219625,0.0,0.0
Acciai Speciali Terni SpA,1,1,1450.0,0.0,1,1,Italy,Europe,142.0,0,,,,0.0,0.0,42.564752,12.669360000000001,Finarvedi Acciai Speciali Terni steel plant,42.564752,12.66936,1.3023840568785862e-13,1.3023840568785862e-13
Jishan Mingfu Steel Products Co Ltd,1,1,1433.0,0.0,1,1,China,Asia Pacific,12.44,1,245177255.62792537,6320653808.552563,6320653808.552563,1.0,1.0,35.665945,111.025976,Jishan Mingfu Steel Products Co Ltd,35.665945,111.025976,0.0,0.0
UMK-Stal LLC,2,2,1420.0,0.0,1,1,Russia,Eurasia,71.0,0,,,,0.0,0.0,58.457150305393824,63.054534082416964,Nadezhdinski Metallurgical Plant,59.593854,60.591196,215.55476025114078,189.3149694979519
Yantai Walsin Stainless Steel Co Ltd,1,1,1400.0,0.0,1,1,China,Asia Pacific,18.92,1,18963550948.945488,84855701294.55832,84855701294.55832,1.0,0.0,37.548627,121.277488,Yantai Walsin Stainless Steel Co Ltd,37.548627,121.277488,0.0,0.0
Henan Xinjinhui Stainless Steel Industry Co Ltd,1,1,1400.0,2000.0,1,1,China,Asia Pacific,21.0,1,797364861.8664675,45358896847.879585,45358896847.879585,1.0,0.0,34.263509,113.853979,Henan Jinhui Industrial Group,34.263509,113.853979,0.0,0.0
Stomana Industry AD,1,1,1400.0,0.0,1,1,Bulgaria,Europe,68.0,0,,,,0.0,0.0,42.595629,23.093095,Stomana Industry Pernik steel plant,42.595629,23.093095,0.0,0.0
Shandong Luli Steel Co Ltd,1,1,1400.0,0.0,1,1,China,Asia Pacific,33.0,1,309288577.011094,35092020109.56995,35092020109.56995,1.0,1.0,36.970875,118.955444,Shandong Luli Steel Co Ltd,36.970875,118.955444,0.0,0.0
Lech Stahlwerke GmbH,1,1,1400.0,0.0,1,1,Germany,Europe,56.0,0,,,,0.0,0.0,48.51205100000001,10.855292,Lech Stahlwerke Meitingen steel plant,48.512051,10.855292,7.073240659849489e-13,7.073240659849489e-13
Heping Yueshen Steel Industrial Co Ltd,1,1,1400.0,0.0,1,1,China,Asia Pacific,15.0,1,922848789.0805657,1532221880.5019057,1532221880.5019057,1.0,0.0,24.497960000000003,114.93888,Heping Yueshen Steel Industry Co Ltd,24.49796,114.93888,3.5366203299247443e-13,3.5366203299247443e-13
Vyksunskiy Metallurgicheskiy Zavod AO,1,1,1400.0,0.0,1,1,Russia,Eurasia,268.99,0,,,,0.0,0.0,55.382815,42.188954,OMK Vyksa Casting and Rolling Complex,55.382815,42.188954,0.0,0.0
Yunnan Qujing Iron and Steel Group Co Ltd,1,1,1400.0,0.0,1,1,China,Asia Pacific,12.55,1,54580293.24053438,4352750659.950532,4352750659.950532,1.0,0.0,26.275341999999995,104.168311,Yunnan Qujing Iron and Steel Group Fenghuang Steel Co Ltd,26.275342,104.168311,3.5366203299247443e-13,3.5366203299247443e-13
Lvliang Jianlong Industrial Co Ltd,1,1,1400.0,1600.0,1,1,China,Asia Pacific,41.0,1,1570081181.240564,11016961277.147089,11016961277.147089,1.0,1.0,37.473110000000005,112.06093,Lvliang Jianlong Industrial Co Ltd,37.47311,112.06093,7.073240659849489e-13,7.073240659849489e-13
Khorasan Steel Complex Co,1,1,1400.0,0.0,1,1,Iran,Middle East,25.0,0,,,,0.0,0.0,36.3445,58.67875000000001,Khorasan Steel Complex,36.3445,58.67875,0.0,0.0
Southern Steel Bhd,1,1,1400.0,0.0,1,1,Malaysia,Asia Pacific,63.0,0,,,,0.0,0.0,5.399453000000001,100.382177,Southern Steel Prai Penang plant,5.399453,100.382177,8.841550824811861e-14,8.841550824811861e-14
Kaptan Demir Celik Endustrisi Ve Ticaret AŞ,1,1,1400.0,2000.0,1,1,Türkiye,Europe,24.0,0,,,,0.0,0.0,41.015222,27.959977999999996,Kaptan Ereglisi steel plant,41.015222,27.959978,2.66850472513518e-13,2.66850472513518e-13
Hebei New Wuan Steel Group Wenan IRON&STEEL Co Ltd,2,1,1400.0,1350.0,1,1,China,Asia Pacific,23.0,2,3553105312.443734,27746646097.323524,34265105010.563232,1.0,1.0,36.679431,114.169024,Hebei Xin Wuan Steel Group Wenan Iron and Steel Co Ltd,36.679431,114.169024,18.65362633298632,0.0
Guangxi Guigang Iron and Steel Group Co Ltd,1,1,1400.0,0.0,1,1,China,Asia Pacific,23.0,1,6503602261.824279,14448502391.134483,14448502391.134483,1.0,1.0,23.088181999999996,109.634638,Guangxi Guigang Iron and Steel Group Co Ltd,23.088182,109.634638,3.5366203299247443e-13,3.5366203299247443e-13
Abul Khair Steel Ltd,1,1,1400.0,0.0,1,1,Bangladesh,Asia Pacific,11.0,0,,,,0.0,0.0,22.47200799999999,91.734827,Abul Khair Steel Sitakunda plant,22.472008,91.734827,7.073240659849489e-13,7.073240659849489e-13
ESF Elbe-Stahlwerke Feralpi GmbH,1,1,1400.0,0.0,1,1,Germany,Europe,34.0,0,,,,0.0,0.0,51.312799999999996,13.280386000000002,ESF Elbe Stahlwerke Feralpi Riesa steel plant,51.3128,13.280386,7.159081912158456e-13,7.159081912158456e-13
Riva Acciaio SpA,2,2,1380.0,0.0,1,1,Italy,Europe,67.0,0,,,,0.0,0.0,45.073310030792975,8.555674057330936,Riva Acciaio Caronno Pertusella steel plant,45.598187,9.035447,90.18628532803977,69.37311963574345
Rungta Mines Ltd,5,4,1375.0,16094.0,1,1,India,Asia Pacific,5.0,5,307628533.1210734,3635461575.022246,3199565402.2732673,1.0,0.0,22.107842646007505,85.59675904168492,Rungta Mines Chaliyama steel plant,22.588359,85.905724,152.50981475392484,62.165244406518966
Grupo Acerero SA de CV,1,1,1375.0,0.0,1,1,Mexico,North America,22.0,0,,,,0.0,0.0,22.087328,-100.901902,Grupo Acerero steel plant,22.087328,-100.901902,0.0,0.0
Nippon Steel Stainless Steel Corp,2,2,1366.0,0.0,1,1,Japan,Asia Pacific,69.5,2,1369220846.7925227,13080305967.0957,13795236693.499422,1.0,0.0,34.024498100768405,131.83516148898414,Nippon Stainless Steel Yamaguchi Works (Shunan Area) steel plant,34.059009,131.777221,11.387391086580651,6.57470383633827
Fujian Yixin Steel & Iron Co Ltd,1,1,1360.0,1150.0,1,1,China,Asia Pacific,20.0,1,136966250.464103,5593875427.628957,5593875427.628957,1.0,1.0,26.491308000000004,119.63624,Fujian Yixin Steel Co Ltd,26.491308,119.63624,3.5366203299247443e-13,3.5366203299247443e-13
Hebei New Wuan Lron and Steel Group Hong Rong Lron and Steel Co Ltd,1,1,1350.0,0.0,1,1,China,Asia Pacific,42.0,1,188809636.46592227,21197313218.736515,21197313218.736515,1.0,1.0,36.640411,113.981172,Hebei Xin Wuan Steel Group Hongrong Iron and Steel Co Ltd,36.640411,113.981172,0.0,0.0
Sovel SA,1,1,1350.0,0.0,1,1,Greece,Europe,25.0,0,,,,0.0,0.0,39.169632,22.840216000000005,Sovel Almyros steel plant,39.169632,22.840216,2.7418687778221157e-13,2.7418687778221157e-13
Hebei Huaxin Special Steel Co Ltd,1,1,1350.0,0.0,1,1,China,Asia Pacific,5.0,1,1439683054.8066726,91279583262.73257,91279583262.73257,1.0,1.0,36.530480000000004,114.245262,Hebei Huaxin Special Steel Co Ltd,36.53048,114.245262,7.073240659849489e-13,7.073240659849489e-13
Wulanhot Iron & Steel Co Ltd,1,1,1350.0,0.0,1,1,China,Asia Pacific,26.64,1,3362380016.537606,6821890942.147777,6821890942.147777,1.0,1.0,46.055685000000004,122.06328199999999,Wulanhot Steel Co Ltd,46.055685,122.063282,7.073240659849489e-13,7.073240659849489e-13
Yunnan Desheng Steel Co Ltd,1,1,1350.0,0.0,1,1,China,Asia Pacific,25.47,1,179784996.6136446,661664933.6198208,661664933.6198208,1.0,1.0,25.142516000000004,102.077727,Yunnan Desheng Iron and Steel Co Ltd,25.142516,102.077727,3.5366203299247443e-13,3.5366203299247443e-13
Inner Mongolia Desheng Metal Products Co Ltd,1,1,1350.0,0.0,1,1,China,Asia Pacific,14.3,1,111523145.34028804,4238333561.2372184,4238333561.2372184,1.0,1.0,39.867014999999995,106.890377,Inner Mongolia Desheng Metal Products Co Ltd,39.867015,106.890377,7.073240659849489e-13,7.073240659849489e-13
Tongling Fuxin Iron & Steel Co Ltd,1,1,1350.0,0.0,1,1,China,Asia Pacific,56.0,1,6386761084.181079,25135376136.461826,25135376136.461826,1.0,1.0,30.907561000000005,117.772866,Tongling Fuxin Iron and Steel Co Ltd,30.907561,117.772866,0.0,0.0
Qinglong Manzhu Autonomous County Delong Casting Industry Development Co Ltd,1,1,1350.0,0.0,1,1,China,Asia Pacific,15.87,1,14286152.175898882,571913381.0871459,571913381.0871459,1.0,1.0,40.427008,119.219855,Qinglong Manchu Autonomous County Delong Foundry Development Co Ltd,40.427008,119.219855,0.0,0.0
Jiangsu Delong Nickel Industry Co Ltd,1,1,1350.0,0.0,1,1,China,Asia Pacific,15.55,1,890142435.6329616,4969373256.508393,4969373256.508393,1.0,0.0,34.44346900000001,119.81657399999999,Jiangsu Delong Nickel Industry Co Ltd,34.443469,119.816574,7.073240659849489e-13,7.073240659849489e-13
Tata Steel (Thailand) PCL,2,2,1350.0,0.0,1,1,Thailand,Asia Pacific,37.5,0,,,,0.0,0.0,12.899697102190954,101.112323733144,Tata Steel Chonburi steel plant,13.052398,101.086795,25.023212385363394,17.203435189535682
Xinjiang KingTec Steel Co Ltd,1,1,1334.0,0.0,1,1,China,Asia Pacific,22.28,1,93932.5409826021,6606673.245409168,6606673.245409167,1.0,1.0,42.67419199999999,86.280156,Xinjiang Kingtec Steel Co Ltd,42.674192,86.280156,7.073240659849489e-13,7.073240659849489e-13
Guizhou Ganglian Industrial Group Co Ltd,1,1,1325.0,0.0,1,1,China,Asia Pacific,12.0,1,3047624310.877063,43134590411.06217,43134590411.06217,1.0,0.0,27.615146999999997,106.949926,Guizhou Ganglian Industrial Group Co Ltd,27.615147,106.949926,7.073240659849489e-13,7.073240659849489e-13
Interpipe Ltd,1,1,1320.0,0.0,1,1,Ukraine,Europe,14.0,0,,,,0.0,0.0,48.498914,35.096336,Interpipe Steel Plant,48.498914,35.096336,0.0,0.0
New Zealand Steel Ltd,1,1,1320.0,0.0,1,1,New Zealand,Asia Pacific,57.0,0,,,,0.0,0.5075757575757576,-37.206877999999996,174.728098,BlueScope New Zealand Steel Glenbrook,-37.206878,174.728098,7.073240659849489e-13,7.073240659849489e-13
AG Siderurgica Balboa SA,1,1,1300.0,0.0,1,1,Spain,Europe,34.0,0,,,,0.0,0.0,38.326405,-6.767326000000001,Grupo Gallardo Siderurgica Balboa Jerez de los Caballeros steel plant,38.326405,-6.767326,1.3872228074096034e-13,1.3872228074096034e-13
ArcelorMittal Duisburg GmbH,1,1,1300.0,1300.0,1,1,Germany,Europe,174.0,0,,,,0.0,1.0,51.462987000000005,6.744612000000002,ArcelorMittal Duisburg steel plant,51.462987,6.744612,7.263719354557994e-13,7.263719354557994e-13
Sulb Company BSCC,1,1,1300.0,0.0,1,1,Bahrain,Middle East,14.0,0,,,,0.0,0.0,26.198152000000004,50.67989300000001,Sulb Bahrain Al Hidd steel plant,26.198152,50.679893,7.265489217235537e-13,7.265489217235537e-13
Anyang Iron & Steel Co Ltd,1,1,1300.0,0.0,1,1,China,Asia Pacific,68.0,1,17037663839.757977,82619171295.84015,82619171295.84015,1.0,0.0,36.122129,114.283145,Anyang Iron and Steel Co Ltd,36.122129,114.283145,0.0,0.0
Iran Alloy Steel Co,1,1,1300.0,0.0,1,1,Iran,Middle East,27.0,0,,,,0.0,0.0,31.940106000000004,54.037614,Iran Alloy Steel Company Yazd plant,31.940106,54.037614,0.0,0.0
Siderurgica Sevillana SA,1,1,1300.0,0.0,1,1,Spain,Europe,72.0,0,,,,0.0,0.0,37.362968,-5.886865,Riva Siderurgica Sevillana steel plant,37.362968,-5.886865,0.0,0.0
Hengyang Valin Steel Tube Co Ltd,1,1,1300.0,0.0,1,1,China,Asia Pacific,68.0,1,8841440925.872505,48574104907.651276,48574104907.651276,1.0,0.0,26.865484000000002,112.576853,Hengyang Valin Steel Tube Co Ltd,26.865484,112.576853,7.073240659849489e-13,7.073240659849489e-13
Diler Demir Celik Endustri ve Ticaret AŞ,1,1,1300.0,0.0,1,1,Türkiye,Europe,42.0,0,,,,0.0,0.0,40.783161,29.533568,Diler Iron and Steel Dilovasi plant,40.783161,29.533568,0.0,0.0
Yesilyurt Demir Celik Endustri Ve Liman Isletmeleri AŞ,1,1,1300.0,0.0,1,1,Türkiye,Europe,29.0,0,,,,0.0,0.0,41.241199,36.44205500000001,Yesilyurt Iron and Steel Tekkekoy plant,41.241199,36.442055,5.318660209294588e-13,5.318660209294588e-13
Hoa Sen Group,1,1,1300.0,0.0,1,1,Vietnam,Asia Pacific,16.0,0,,,,0.0,0.0,10.595295000000002,107.044846,Hoa Sen Phu My steel plant,10.595295,107.044846,1.7683101649623721e-13,1.7683101649623721e-13
Ekinciler Demir ve Celik Sanayi AŞ,1,1,1250.0,0.0,1,1,Türkiye,Europe,37.0,0,,,,0.0,0.0,36.690115,36.205738999999994,Ekinciler Iron and Steel Iskenderun plant,36.690115,36.205739,5.671881294352152e-13,5.671881294352152e-13
Mass Iraq Iron and Steel Industry Co,1,1,1250.0,0.0,1,1,Iraq,Middle East,11.0,0,,,,0.0,0.0,35.660125,45.039062,Mass Iron and Steel Industry Co Sulaimaniya plant,35.660125,45.039062,0.0,0.0
Acciaierie di Verona SpA,1,1,1250.0,0.0,1,1,Italy,Europe,124.0,0,,,,0.0,0.0,45.42882000000001,11.000861,Pittini Acciaierie di Verona steel plant,45.42882,11.000861,7.073240659849489e-13,7.073240659849489e-13
MZ Balakovo JSC,1,1,1250.0,1500.0,1,1,Russia,Eurasia,13.0,0,,,,0.0,0.0,51.936009000000006,47.815909999999995,Balakovo Steel Plant,51.936009,47.81591,8.30954676781247e-13,8.30954676781247e-13
Corporacion Aceros Arequipa SA,1,1,1250.0,0.0,1,1,Peru,Central & South America,39.0,0,,,,0.0,0.0,-13.788622,-76.168173,Aceros Arequipa Pisco steel plant,-13.788622,-76.168173,0.0,0.0
Tubos de Acero de Mexico SA,1,1,1230.0,0.0,1,1,Mexico,North America,72.0,0,,,,0.0,0.0,19.182499000000004,-96.237284,Tenaris TAMSA Veracruz steel plant,19.182499,-96.237284,7.073240659849489e-13,7.073240659849489e-13
Celsa Huta Ostrowiec SP zoo,1,1,1220.0,0.0,1,1,Poland,Europe,213.0,0,,,,0.0,0.0,50.94730500000001,21.448763,Celsa Huta Ostrowiec steel plant,50.947305,21.448763,7.073240659849489e-13,7.073240659849489e-13
Feralpi Siderurgica SpA,1,1,1216.0,0.0,1,1,Italy,Europe,58.0,0,,,,0.0,0.0,45.46058200000001,10.456747999999997,Feralpi Siderurgica Lonato steel plant,45.460582,10.456748,7.181159978902551e-13,7.181159978902551e-13
Fujian Longgang New Materials Co Ltd,1,1,1210.0,0.0,1,1,China,Asia Pacific,,1,81212030.76822813,1035949679.3292079,1035949679.3292079,1.0,1.0,25.357407999999996,117.362096,Fujian Longgang New Materials Co Ltd,25.357408,117.362096,3.5366203299247443e-13,3.5366203299247443e-13
Charter Manufacturing Co Inc,2,2,1205.0,0.0,1,1,United States,North America,27.5,0,,,,0.0,0.0,42.4118114459934,-84.58533676688454,Charter Steel Cleveland plant,41.443147,-81.659911,295.10829838617536,264.88194943725216
Zhejiang Wantai Special Steel Co Ltd,1,1,1200.0,0.0,1,1,China,Asia Pacific,22.54,1,3208888731.268896,182225850715.9854,182225850715.9854,1.0,0.0,30.944342000000002,120.97180299999998,Zhejiang Wantai Special Steel Co Ltd,30.944342,120.971803,0.0,0.0
GFG Alliance Ltd,1,1,1200.0,1500.0,1,1,Australia,Asia Pacific,85.0,0,,,,0.0,1.0,-33.00938099999999,137.587836,GFG Liberty Steel Australia Whyalla steel plant,-33.009381,137.587836,7.073240659849489e-13,7.073240659849489e-13
Koc Metalurji AŞ,1,1,1200.0,0.0,1,1,Türkiye,Europe,14.0,0,,,,0.0,0.0,37.01488,36.10441600000001,Koc Metallurgical Toprakkale steel plant,37.01488,36.104416,5.647835463911544e-13,5.647835463911544e-13
AFV Acciaierie Beltrame SpA,1,1,1200.0,0.0,1,1,Italy,Europe,50.0,0,,,,0.0,0.0,45.522096999999995,11.499295,AFV Accaierie Beltrame Vicenza steel plant,45.522097,11.499295,7.073240659849489e-13,7.073240659849489e-13
natural person(s); Hubei Xinxin Steel Group Co Ltd,1,1,1200.0,0.0,1,1,China,Asia Pacific,26.0,1,1002488417.5250294,45551188711.02555,45551188711.02555,1.0,1.0,30.067469,114.934091,Daye Xinye Special Steel Co Ltd,30.067469,114.934091,0.0,0.0
Mesco Kalinga Steel Ltd,1,1,1200.0,0.0,1,1,India,Asia Pacific,21.0,1,864289310.3874147,7210393202.478256,7210393202.478256,1.0,1.0,20.976277,86.044419,Mesco Steel Kalinganagar plant,20.976277,86.044419,0.0,0.0
Guangxi Guigang Iron and Steel Group Guigang Guibao SPECIAL Steel Co Ltd,1,1,1200.0,0.0,1,1,China,Asia Pacific,8.0,1,6503602261.824279,14468067641.863949,14468067641.863949,1.0,0.0,23.089502,109.63938,Guangxi Guigang Iron and Steel Group Guigang Guibao Special Steel Co Ltd,23.089502,109.63938,0.0,0.0
Jayaswal Neco Industries Ltd,1,1,1200.0,1250.0,1,1,India,Asia Pacific,30.0,1,1676028759.8407507,20742994968.86579,20742994968.86579,1.0,0.0,21.354495,81.676444,Jayaswal Neco Industries Raipur steel plant,21.354495,81.676444,0.0,0.0
Arvand Jahanara Steel Co,1,1,1200.0,1200.0,1,1,Iran,Middle East,4.0,0,,,,0.0,0.0,30.510886000000003,48.241356,Arvand Jahanara Steel Khouzestan plant,30.510886,48.241356,0.0,0.0
Nucor Steel Tuscaloosa Inc,1,1,1200.0,0.0,1,1,United States,North America,41.0,0,,,,0.0,0.0,33.234761,-87.508498,Nucor Steel Tuscaloosa plant,33.234761,-87.508498,0.0,0.0
Ozkan Demir Celik Sanayi AŞ,1,1,1200.0,0.0,1,1,Türkiye,Europe,16.0,0,,,,0.0,0.0,38.737005,26.950823999999997,Ozkan Iron and Steel Aliaga plant,38.737005,26.950824,2.758657315863361e-13,2.758657315863361e-13
Egyptian American Steel Rolling Company SAE,1,1,1200.0,0.0,1,1,Egypt,Africa,28.0,0,,,,0.0,0.0,30.389174000000004,30.571893999999997,Egyptian American Steel Rolling Company Sadat City plant,30.389174,30.571894,6.10144295192894e-13,6.10144295192894e-13
Ege Celik Endustrisi Sanayi ve Ticaret AŞ,1,1,1200.0,0.0,1,1,Türkiye,Europe,25.0,0,,,,0.0,0.0,38.728005,26.940095,Ege Steel Aliaga plant,38.728005,26.940095,0.0,0.0
Acerinox Europa SAU,1,1,1200.0,0.0,1,1,Spain,Europe,56.0,0,,,,0.0,0.0,36.18168599999999,-5.426626000000001,Acerinox Europa Los Barrios steel plant,36.181686,-5.426626,7.109150619278769e-13,7.109150619278769e-13
SeAH Changwon Integrated Special Steel Corp,1,1,1200.0,0.0,1,1,South Korea,Asia Pacific,60.0,0,,,,0.0,0.0,35.204191,128.604277,SeAH Changwon Integrated Special Steel plant,35.204191,128.604277,0.0,0.0
SeAh Steel Holdings Corp,1,1,1200.0,0.0,1,1,South Korea,Asia Pacific,48.0,0,,,,0.0,0.0,35.991176,129.375791,SeAH Steel Pohang plant,35.991176,129.375791,0.0,0.0
Shaanxi Huaxin Special Steel Group Co Ltd,1,1,1200.0,0.0,1,1,China,Asia Pacific,24.54,1,179102021.36746305,3967730209.0390606,3967730209.039061,1.0,0.0,34.523278,109.986042,Shaanxi Huaxin Special Steel Group Co Ltd,34.523278,109.986042,0.0,0.0
Guilin Pinggang Iron and Steel Co Ltd,1,1,1200.0,0.0,1,1,China,Asia Pacific,29.0,1,33714093.6953855,948243686.0750387,948243686.0750387,1.0,0.0,24.673567,110.78959000000002,Guilin Pinggang Iron and Steel Co Ltd,24.673567,110.78959,1.2854919753031645e-12,1.2854919753031645e-12
Celsa France SAS,1,1,1200.0,0.0,1,1,France,Europe,61.0,0,,,,0.0,0.0,43.52969300000001,-1.5009709999999998,Celsa France Boucau steel plant,43.529693,-1.500971,7.075055882015547e-13,7.075055882015547e-13
Solb Steel Co,1,1,1200.0,0.0,1,1,Saudi Arabia,Middle East,17.0,0,,,,0.0,0.0,17.298475,42.352338,Solb Steel Jizan plant,17.298475,42.352338,0.0,0.0
Vina One Steel Manufacturing Corp,1,1,1200.0,0.0,1,1,Vietnam,Asia Pacific,19.0,0,,,,0.0,0.0,10.636835000000001,106.517595,Vina One Steel Ben Luc steel plant,10.636835,106.517595,1.7683101649623721e-13,1.7683101649623721e-13
United Steel Industries Co KSCC,1,1,1200.0,0.0,1,1,Kuwait,Middle East,19.0,0,,,,0.0,0.0,28.989306,48.128118,United Steel Industrial Kuwait Steel Sharq plant,28.989306,48.128118,0.0,0.0
Bafgh Mineral Complex Iron & Steel Co,1,1,1200.0,0.0,1,1,Iran,Middle East,5.0,0,,,,0.0,0.0,31.699307,55.440186999999995,Bafgh Mineral Complex Iron and Steel Yazd plant,31.699307,55.440187,6.018036687623403e-13,6.018036687623403e-13
Chadormalu Mining & Industrial Co,1,1,1200.0,0.0,1,1,Iran,Middle East,9.0,0,,,,0.0,0.0,32.387328,53.747706,Chadormalu Mining and Industrial Company Yazd steel plant,32.387328,53.747706,0.0,0.0
Henan Fuhua Iron & Steel Group Co Ltd,1,1,1200.0,0.0,1,1,China,Asia Pacific,26.47,1,3251997907.564753,69205884097.59297,69205884097.59297,1.0,0.0,34.462949,113.700844,Henan Fuhua Steel Group Co Ltd,34.462949,113.700844,0.0,0.0
Huahong Iron and Steel Products Co Ltd,1,1,1200.0,0.0,1,1,China,Asia Pacific,23.39,1,468805622.32278705,978294970.4345801,978294970.4345801,1.0,0.0,28.090097999999998,119.51950900000001,Lishui Huahong Iron and Steel Products Co Ltd,28.090098,119.519509,3.5366203299247443e-13,3.5366203299247443e-13
Prakash Industries Ltd,1,1,1190.0,0.0,1,1,India,Asia Pacific,33.0,1,465552274.1725282,5599758531.761893,5599758531.761893,1.0,0.0,22.004694000000004,82.671666,Prakash Industries Janjgir steel plant,22.004694,82.671666,3.5366203299247443e-13,3.5366203299247443e-13
Bangladesh Steel Re-Rolling Mills Ltd,1,1,1150.0,0.0,1,1,Bangladesh,Asia Pacific,9.72,0,,,,0.0,0.0,22.870631000000003,91.545862,BSRM Ltd Mirsarai steel plant,22.870631,91.545862,3.5366203299247443e-13,3.5366203299247443e-13
Guangxi Hezhou Kexinda Metal Products Co Ltd,1,1,1150.0,0.0,1,1,China,Asia Pacific,22.0,1,90031801.82740928,508303102.5636294,508303102.5636294,1.0,0.0,23.979936999999993,111.745037,Guangxi Hezhou Kexinda Metal Products Co Ltd,23.979937,111.745037,7.073240659849489e-13,7.073240659849489e-13
Amurstal LLC,1,1,1150.0,0.0,1,1,Russia,Eurasia,84.0,0,,,,0.0,0.0,50.56313099999999,136.976362,Amurstal steel plant,50.563131,136.976362,7.073240659849489e-13,7.073240659849489e-13
Zunyi County Fuxin Iron & Steel Product Co Ltd,1,1,1150.0,1110.0,1,1,China,Asia Pacific,33.0,1,288427354.33009654,39984761441.50749,39984761441.50749,1.0,0.0,27.591696999999996,106.815453,Zunyi Fuxin Special Steel Equipment Manufacturing Co Ltd,27.591697,106.815453,3.5366203299247443e-13,3.5366203299247443e-13
Hejin Huaxinyuan Steel & Iron Co Ltd,1,1,1150.0,0.0,1,1,China,Asia Pacific,23.12,1,1208145259.4777637,15237950599.103106,15237950599.103106,1.0,1.0,35.605506,110.652056,Shanxi Huaxinyuan Steel and Iron Group Co Ltd,35.605506,110.652056,0.0,0.0
Daye Huaxin Industrial Co Ltd,1,1,1150.0,1433.0,1,1,China,Asia Pacific,23.0,1,1002488417.5250294,46273565195.00691,46273565195.00691,1.0,1.0,30.070219,114.92625099999998,Daye Huaxin Industrial Co Ltd,30.070219,114.926251,0.0,0.0
Xinjiang Minxin Iron and Steel (Group) Minhang Special Steel Co Ltd,1,1,1110.0,0.0,1,1,China,Asia Pacific,14.79,1,1337515.1727294303,59593299.33300615,59593299.33300615,1.0,0.0,44.080866,88.417209,Xinjiang Minxin Iron and Steel Group Minhang Special Steel Co Ltd,44.080866,88.417209,0.0,0.0
Uzbekskiy Metallurgicheskiy Kombinat JSC,1,1,1100.0,1040.0,1,1,Uzbekistan,Eurasia,82.0,0,,,,0.0,0.0,40.233432,69.290873,Uzmetkombinat steel plant,40.233432,69.290873,0.0,0.0
Stahlwerk Thueringen GmbH,1,1,1100.0,0.0,1,1,Germany,Europe,148.0,0,,,,0.0,0.0,50.654574,11.43745,CSN Stahlwerk Thüringen Unterwellenborn steel plant,50.654574,11.43745,0.0,0.0
Guangdong Guangqing Metal Technology Co Ltd,1,1,1100.0,0.0,1,1,China,Asia Pacific,19.59,1,5052871258.0219145,148182667214.45782,148182667214.45782,1.0,0.0,31.980237,120.57145500000001,Posco Zhangjiagang Stainless Steel Co Ltd,31.980237,120.571455,0.0,0.0
GV do Brasil Industria e Comercio de Aço Ltda,2,2,1100.0,1800.0,1,1,Brazil,Central & South America,47.5,0,,,,0.0,0.0,-21.533988500142048,-42.63488726237713,Simec Cariacica steel plant,-20.34291,-40.360864,324.95252039824203,270.75786673411665
Siam Yamato Steel Co Ltd,2,2,1100.0,0.0,1,1,Thailand,Asia Pacific,24.0,0,,,,0.0,0.0,12.68932766860108,101.13095809195535,Siam Yamato Steel Map Ta Phut plant,12.674898,101.147002,2.8406602019375358,2.367216810982074
Jilinheng Precision Casting Technology Co Ltd,1,1,1100.0,0.0,1,1,China,Asia Pacific,15.96,1,10768816.011382872,183657169.5588802,183657169.5588802,1.0,1.0,43.196537,126.00063,Panshi Jianlong Iron and Steel Co Ltd,43.196537,126.00063,0.0,0.0
Zhejiang Yuxin Industrial Co Ltd,1,1,1100.0,0.0,1,1,China,Asia Pacific,25.24,1,511578477.6555888,16931017984.408173,16931017984.40817,1.0,0.0,28.787201999999997,120.248592,Zhejiang Yuxin Industrial Co Ltd,28.787202,120.248592,7.073240659849489e-13,7.073240659849489e-13
ArcelorMittal Hamburg GmbH,1,1,1100.0,0.0,1,1,Germany,Europe,57.0,0,,,,0.0,0.0,53.522601,9.900749,ArcelorMittal Hamburg steel plant,53.522601,9.900749,0.0,0.0
Gaolan County Lanxin Steel Co Ltd,1,1,1100.0,0.0,1,1,China,Asia Pacific,25.0,1,4705947.349746395,5541392267.555784,5541392267.555784,1.0,0.6363636363636364,36.48886600000001,103.922,Lanxin Steel Group Co Ltd plant,36.488866,103.922,7.073240659849489e-13,7.073240659849489e-13
SN SEIXAL Siderurgia Nacional SA,1,1,1100.0,0.0,1,1,Portugal,Europe,65.0,0,,,,0.0,0.0,38.616023,-9.068527,SN SEIXAL Siderurgia Nacional steel plant,38.616023,-9.068527,0.0,0.0
ABA Çelik Demir LŞ,1,1,1100.0,0.0,1,1,Türkiye,Europe,43.0,0,,,,0.0,0.0,36.747413,36.217330000000004,Aba Iron and Steel Payas plant,36.747413,36.21733,1.133530425421208e-12,1.133530425421208e-12
Neelachal Ispat Nigam Ltd,1,1,1100.0,8400.0,1,1,India,Asia Pacific,44.0,1,864289310.3874147,7084370398.155405,7084370398.155405,1.0,1.0,20.998641000000003,86.019102,Neelachal Ispat Nigam steel plant,20.998641,86.019102,3.5366203299247443e-13,3.5366203299247443e-13
Sterling Steel Co LLC,1,1,1090.0,0.0,1,1,United States,North America,23.0,0,,,,0.0,0.0,41.785971,-89.710947,Leggett & Platt Sterling Steel plant,41.785971,-89.710947,0.0,0.0
Metallus Inc,2,1,1088.0,0.0,1,1,United States,North America,109.5,0,,,,0.0,0.0,40.755388,-81.439369,Metallus Faircrest steel plant,40.755388,-81.439369,4.402688701544128,0.0
ArcelorMittal Kryvyi Rih PJSC,1,1,1083.0,0.0,1,1,Ukraine,Europe,92.0,0,,,,0.0,1.0,47.874410999999995,33.392993,ArcelorMittal Kryvyi Rih steel plant,47.874411,33.392993,7.073240659849489e-13,7.073240659849489e-13
Evonith Metallics Ltd,2,1,1080.0,3400.0,1,1,India,Asia Pacific,44.0,2,428413959.05805874,1450575715.631524,1496644980.6383405,1.0,0.0,20.696412000000002,78.638548,Evonith Value Steel Wardha steel plant,20.696412,78.638548,2.1060571162778485,3.5366203299247443e-13
Ovako AB,2,2,1075.0,0.0,2,1,"Finland, Sweden",Europe,100.5,0,,,,0.0,0.0,61.014418670510004,22.92971470704717,Ovako Imatra steel plant,61.149466,28.798774,363.2478256285519,315.8259022405207
GPH Ispat Ltd,1,1,1051.0,0.0,1,1,Bangladesh,Asia Pacific,17.5,0,,,,0.0,0.0,22.536569,91.70072900000001,GPH Steel Sitakunda plant,22.536569,91.700729,1.3066186643936692e-12,1.3066186643936692e-12
Yazici Demir Celik Sanayi ve Turizm Ticaret AŞ,1,1,1050.0,0.0,1,1,Türkiye,Europe,32.0,0,,,,0.0,0.0,36.685932,36.20627499999999,Yazici Iron and Steel Iskenderun plant,36.685932,36.206275,5.672189819601989e-13,5.672189819601989e-13
Eden Flame Sdn Bhd,1,1,1050.0,0.0,1,1,Malaysia,Asia Pacific,33.0,0,,,,0.0,0.0,1.451512,103.917306,Esteel Eden Flame Johor steel plant,1.451512,103.917306,0.0,0.0
Siderurgica del Orinoco Alfredo Maneiro CA,1,1,1020.0,0.0,1,1,Venezuela,Central & South America,64.0,0,,,,0.0,0.0,8.259073000000003,-62.84112600000001,Sidor Ciudad Guayana steel plant,8.259073,-62.841126,1.7683101649623721e-13,1.7683101649623721e-13
Guangdong Taidu Iron & Steel Co Ltd,1,1,1020.0,0.0,1,1,China,Asia Pacific,22.0,1,1746497357.0257854,54416334496.484634,54416334496.484634,1.0,0.0,23.504558,112.96269300000002,Guangdong Taidu Iron & Steel Co Ltd,23.504558,112.962693,1.2972724425096614e-12,1.2972724425096614e-12
Chongqing Zuhang Steel Co Ltd,1,1,1010.0,1010.0,1,1,China,Asia Pacific,18.0,1,419108487.0652244,17484785855.890198,17484785855.890198,1.0,0.0,29.440056,105.74192900000001,Chongqing Zuhang Iron and Steel Co Ltd,29.440056,105.741929,1.231975188748885e-12,1.231975188748885e-12
Arjas Steel Pvt Ltd,1,1,1005.0,0.0,1,1,India,Asia Pacific,13.3,1,216622786.99645334,978513444.5314171,978513444.5314171,1.0,1.0,14.873471,78.048425,Arjas Steel Tadipatri plant,14.873471,78.048425,0.0,0.0
Posco Vietnam Co Ltd,1,1,1000.0,0.0,1,1,Vietnam,Asia Pacific,11.0,0,,,,0.0,0.0,10.560316,107.02684,POSCO Vietnam Phu My steel plant,10.560316,107.02684,0.0,0.0
Vallourec Soluções Tubulares do Brasil SA,1,1,1000.0,0.0,1,1,Brazil,Central & South America,15.0,0,,,,0.0,0.0,-20.582683,-43.971555,Vallourec Jeceaba steel plant,-20.582683,-43.971555,0.0,0.0
Dniprospetsstal Plant PJSC,1,1,1000.0,0.0,1,1,Ukraine,Europe,92.0,0,,,,0.0,0.0,47.8599249,35.1613272,Dniprospetstaal Zaporizhzhia steel plant,47.8599249,35.1613272,0.0,0.0
Iranian Sirjan Steel Co,1,1,1000.0,1000.0,1,1,Iran,Middle East,13.0,0,,,,0.0,0.0,29.928061999999997,56.736539,Sirjan Iranian Steel Kerman Plant,29.928062,56.736539,0.0,0.0
Shadegan Steel Industry Co,1,1,1000.0,2600.0,1,1,Iran,Middle East,9.0,0,,,,0.0,0.0,30.565979,48.939846,Shadegan Steel Complex,30.565979,48.939846,0.0,0.0
Anhui Langxi County Fuhang Steel Co Ltd,1,1,1000.0,0.0,1,1,China,Asia Pacific,24.0,1,86904812.1034762,5559526379.370946,5559526379.370946,1.0,0.0,31.246635000000005,119.120443,Anhui Langxi Hongtai Iron and Steel Co Ltd,31.246635,119.120443,0.0,0.0
Tung Ho Steel Vietnam Corp Ltd,1,1,1000.0,0.0,1,1,Vietnam,Asia Pacific,19.0,0,,,,0.0,0.0,10.551445000000001,107.04368,Tung Ho Steel Phu My plant,10.551445,107.04368,1.7683101649623721e-13,1.7683101649623721e-13
Xuzhou Jinhong Iron and Steel Group Co Ltd,1,1,1000.0,0.0,1,1,China,Asia Pacific,25.58,1,62626478.12289046,10422400731.947344,10422400731.947344,1.0,0.0,34.500122,116.908897,Xuzhou Jinhong Iron and Steel Group Co Ltd,34.500122,116.908897,0.0,0.0
Neyriz Ghadir Steel Co,1,1,1000.0,0.0,1,1,Iran,Middle East,8.0,0,,,,0.0,0.0,29.168086999999996,54.621487,Neyriz Ghadir Steel Company Fars plant,29.168087,54.621487,0.0,0.0
Wuzhou Yongda Special Steel Co Ltd,1,1,1000.0,0.0,1,1,China,Asia Pacific,15.0,1,607979569.3111423,17160960324.747437,17160960324.747438,1.0,0.0,23.520306999999995,111.22998100000001,Wuzhou Yongda Special Steel Co Ltd,23.520307,111.229981,1.3444664951605774e-12,1.3444664951605774e-12
Yieh United Steel Corp,1,1,1000.0,0.0,1,1,Taiwan,Asia Pacific,37.22,0,,,,0.0,0.0,22.830856999999998,120.30060400000002,Yieh United Steel Kaohsiung plant,22.830857,120.300604,3.5366203299247443e-13,3.5366203299247443e-13
SUE DPR UMP,1,1,1000.0,0.0,1,1,Ukraine,Europe,27.0,0,,,,0.0,0.0,47.982276000000006,37.810634,Yuzovsky Metallurgical Plant,47.982276,37.810634,7.073240659849489e-13,7.073240659849489e-13
Daehan Steel Co Ltd,1,1,1000.0,0.0,1,1,South Korea,Asia Pacific,18.22,0,,,,0.0,0.0,35.09909799999999,128.860339,DaehanSteel Noksan steel plant,35.099098,128.860339,7.073240659849489e-13,7.073240659849489e-13
PT Mandan Steel,1,1,1000.0,0.0,1,1,Indonesia,Asia Pacific,12.0,0,,,,0.0,1.0,-3.3392959999999996,115.92712499999999,CNR Mandan Steel South Kalimantan plant,-3.339296,115.927125,4.4207754124059304e-14,4.4207754124059304e-14
Devki Steel Mills Ltd,1,1,1000.0,0.0,1,1,Kenya,Africa,4.0,0,,,,0.0,1.0,-3.7888059999999992,39.316741,Devki Steel Mills Kwale plant,-3.788806,39.316741,8.841550824811861e-14,8.841550824811861e-14
Fujian Hongfeng Industrial Group Co Ltd,1,1,1000.0,0.0,1,1,China,Asia Pacific,26.5,1,29883675.310433295,547944854.753244,547944854.753244,1.0,0.0,26.868423,117.776369,Fujian Hongfeng Industrial Group Co Ltd,26.868423,117.776369,0.0,0.0
Vina Kyoei Steel Ltd Co,1,1,1000.0,0.0,1,1,Vietnam,Asia Pacific,30.14,0,,,,0.0,0.0,10.601422999999999,107.040679,Vina Kyoei Steel Phu My plant,10.601423,107.040679,1.7683101649623721e-13,1.7683101649623721e-13
Peiner Traeger GmbH,1,1,1000.0,0.0,1,1,Germany,Europe,168.0,0,,,,0.0,0.0,52.313935,10.258481999999999,Salzgitter Peiner Träger Peine steel plant,52.313935,10.258482,1.0810291649777121e-13,1.0810291649777121e-13
Ferriera Valsabbia SpA,1,1,1000.0,0.0,1,1,Italy,Europe,58.0,0,,,,0.0,0.0,45.642905000000006,10.380199,Ferriera Valsabbia Odolo steel plant,45.642905,10.380199,7.073240659849489e-13,7.073240659849489e-13
Dazhou Hangda Steel Co Ltd,1,1,1000.0,0.0,1,1,China,Asia Pacific,22.31,1,49607605.43538932,1825142576.0149014,1825142576.0149014,1.0,0.0,31.435148999999996,107.685981,Hangda Steel Co Ltd,31.435149,107.685981,7.073240659849489e-13,7.073240659849489e-13
Walsin Lihwa Corp,1,1,1000.0,0.0,1,1,Taiwan,Asia Pacific,33.0,0,,,,0.0,0.0,23.295835858147466,120.24399172517495,Walsin Lihwa Tainan stainless steel plant,23.295835858147463,120.24399172517494,3.5366203299247443e-13,3.5366203299247443e-13
Nervacero SA,1,1,1000.0,0.0,1,1,Spain,Europe,55.0,0,,,,0.0,0.0,43.30805999999999,-3.0263090000000004,Celsa Nervacero steel plant,43.30806,-3.026309,7.0805520591504e-13,7.0805520591504e-13
Maghreb Steel SA,1,1,1000.0,0.0,1,1,Morocco,Africa,15.0,0,,,,0.0,0.0,33.632918,-7.434084000000001,Mahgreb Steel Bled Solb plant,33.632918,-7.434084,0.0,0.0
Shengli (Qingyuan) Steel Products Co Ltd,1,1,1000.0,0.0,1,1,China,Asia Pacific,22.0,1,1383225148.037752,108065596004.3147,108065596004.3147,1.0,0.0,23.553041000000004,113.119942,"Shengli (Qingyuan) Steel Products Co., Ltd.",23.553041,113.119942,3.5366203299247443e-13,3.5366203299247443e-13
Xinjiang Ka Steel Group Co,1,1,1000.0,0.0,1,1,China,Asia Pacific,4.25,1,4239302.117930701,1938076204.0944705,1938076204.0944705,1.0,1.0,39.142997,76.161589,Xinjiang Ka Steel Group Co,39.142997,76.161589,0.0,0.0
Hellenic Halyvourgia SA,1,1,1000.0,0.0,1,1,Greece,Europe,63.0,0,,,,0.0,0.0,39.38588,22.807449999999992,Hellenic Halyvourgia Velestino steel plant,39.38588,22.80745,5.466836784944349e-13,5.466836784944349e-13
Xinjiang Da'an Special Steel Co Ltd,1,1,1000.0,0.0,1,1,China,Asia Pacific,14.86,1,21656190.748155303,9838831673.420712,9838831673.420712,1.0,1.0,42.70046500000001,93.542466,Xinjiang Daan Special Steel Co Ltd,42.700465,93.542466,7.073240659849489e-13,7.073240659849489e-13
HES Hennigsdorfer Elektrostahlwerke GmbH,1,1,1000.0,0.0,1,1,Germany,Europe,109.0,0,,,,0.0,0.0,52.65090300000001,13.212683,Riva Hennigsdorfer Electric Steel Works,52.650903,13.212683,7.073240659849489e-13,7.073240659849489e-13
Jiangxi Taixin Iron & Steel Co Ltd,1,1,1000.0,0.0,1,1,China,Asia Pacific,22.62,1,24651705.83317486,5795252050.10298,5795252050.10298,1.0,0.0,28.604450000000003,118.163615,Jiangxi Taixin Iron and Steel Co Ltd,28.60445,118.163615,3.5366203299247443e-13,3.5366203299247443e-13
Sirjan Jahan Steel Co,1,1,1000.0,1300.0,1,1,Iran,Middle East,12.0,0,,,,0.0,0.0,29.13806,55.375073,Jahan Foolad Sirjan Steel Kerman plant,29.13806,55.375073,0.0,0.0
Sichuan Shengquan Iron and Steel Group Co Ltd,1,1,1000.0,0.0,1,1,China,Asia Pacific,7.46,1,1180067619.3126886,29002625399.538166,29002625399.53817,1.0,0.0,31.255961,104.190612,Sichuan Shengquan Iron and Steel Group Co Ltd,31.255961,104.190612,0.0,0.0
Bonab Steel Complex,1,1,1000.0,1500.0,1,1,Iran,Middle East,21.0,0,,,,0.0,0.0,37.417437,46.03577799999999,Bonab Steel Complex,37.417437,46.035778,5.617778084575299e-13,5.617778084575299e-13
Ashinskiy Metzavod PJSC,1,1,1000.0,0.0,1,1,Russia,Eurasia,126.0,0,,,,0.0,0.0,54.99484,57.277548,Ashinskiy Metallurgical plant,54.99484,57.277548,0.0,0.0
Cangzhou Lingang Sanling Metal Co Ltd,1,1,1000.0,0.0,1,1,China,Asia Pacific,31.0,1,90759574.23978685,11494109048.720526,11494109048.720526,1.0,0.0,38.311738,117.45777899999999,Cangzhou Lingang Sanling Metal Co Ltd,38.311738,117.457779,0.0,0.0
Mescier Demir Celik AŞ,1,1,1000.0,0.0,1,1,Türkiye,Europe,6.0,0,,,,0.0,0.0,41.565932,32.427758,Mescier Iron and Steel Bartin plant,41.565932,32.427758,0.0,0.0
Jingzhou Qunli Metal Products Co Ltd,1,1,1000.0,0.0,1,1,China,Asia Pacific,27.0,1,118075214.85034539,33592944700.566563,33592944700.566563,1.0,0.0,30.3505,112.353782,Jingzhou Qunli Metal Products Co Ltd,30.3505,112.353782,0.0,0.0
Outokumpu Stainless USA LLC,1,1,1000.0,0.0,1,1,United States,North America,19.0,0,,,,0.0,0.0,31.148178999999995,-87.98866,Outokumpu Stainless USA steel plant,31.148179,-87.98866,0.0,0.0
Abu Dhabi National for Building Materials Co PJSC,1,1,1000.0,0.0,1,1,United Arab Emirates,Middle East,,0,,,,0.0,0.0,24.37872,54.475153,BILDCO Abu Dhabi steel plant,24.37872,54.475153,0.0,0.0
Xinjiang Yili Iron and Steel Co Ltd,1,1,1000.0,0.0,1,1,China,Asia Pacific,68.0,1,36347068.67769812,168536163.5017866,168536163.5017866,1.0,1.0,43.526808,83.294323,Xinjiang Yili Iron and Steel Co Ltd,43.526808,83.294323,0.0,0.0
Chizhou Guichi Guihang Metal Products Co Ltd,1,1,1000.0,0.0,1,1,China,Asia Pacific,26.0,1,189683194.67400867,33326954857.2783,33326954857.2783,1.0,0.0,30.532786,117.25166000000002,Chizhou Guichi Guihang Metal Products Co Ltd,30.532786,117.25166,0.0,0.0
Arfa Iron and Steel Co,1,1,1000.0,0.0,1,1,Iran,Middle East,14.89,0,,,,0.0,0.0,32.39309000000001,53.7566,Arfa Iron and Steel Yazd plant,32.39309,53.7566,7.073240659849489e-13,7.073240659849489e-13
KG Steel Co Ltd,2,1,1000.0,0.0,1,1,South Korea,Asia Pacific,21.04,0,,,,0.0,0.0,37.482625,126.67017500000001,KG Steel Incheon steel plant,37.482625,126.670175,55.867203149942696,0.0
National Steel Co,1,1,1000.0,0.0,1,1,Saudi Arabia,Middle East,22.0,0,,,,0.0,0.0,26.244786,49.969064,Al Ittefaq National Steel Dammam plant,26.244786,49.969064,0.0,0.0
Fushun Special Steel Co Ltd,1,1,999.0,0.0,1,1,China,Asia Pacific,89.0,1,8540543698.927486,92433376200.71227,92433376200.71227,1.0,0.0,41.838774,123.806586,Fushun Special Steel Co Ltd,41.838774,123.806586,0.0,0.0
Topy Industries Ltd,1,1,960.0,0.0,1,1,Japan,Asia Pacific,68.0,1,6515425440.511312,158685074239.12527,158685074239.12527,1.0,0.0,34.71964400000001,137.322259,Topy Industries Toyohashi steel plant,34.719644,137.322259,7.073240659849489e-13,7.073240659849489e-13
Fujian Qingtuo New Material Co Ltd,1,1,958.0,0.0,1,1,China,Asia Pacific,3.0,1,11794218.386546498,3897674158.2296247,3897674158.2296247,1.0,0.0,26.779300999999997,119.76793500000001,Fujian Qingtuo New Material Co Ltd,26.779301,119.767935,3.5366203299247443e-13,3.5366203299247443e-13
Taganrogskiy Metallurgicheskiy Zavod JSC,1,1,950.0,0.0,1,1,Russia,Eurasia,130.0,0,,,,0.0,0.0,47.241557,38.928584,TMK Taganrog Metallurgical Plant,47.241557,38.928584,0.0,0.0
JSW Ispat Special Products Ltd,1,1,950.0,250.0,1,1,India,Asia Pacific,18.0,1,213067224.22470316,4467491446.835285,4467491446.835285,1.0,0.0,21.983709,83.238133,JSW Steel Raigarh steel plant,21.983709,83.238133,0.0,0.0
Duferco Travi e Profilati SpA,1,1,950.0,0.0,1,1,Italy,Europe,22.0,0,,,,0.0,0.0,45.478363,10.209234000000002,Duferco Travi e Profilati San Zeno Naviglio steel plant,45.478363,10.209234,1.2399011821693279e-13,1.2399011821693279e-13
Chelyabinskiy Truboprokatnyi Zavod JSC,1,1,950.0,0.0,1,1,Russia,Eurasia,92.0,0,,,,0.0,0.0,56.90205,59.992197999999995,Pervouralsk Pipe Plant,56.90205,59.992198,0.0,0.0
Jinye Steel Group Co Ltd,1,1,950.0,0.0,1,1,China,Asia Pacific,22.79,1,1182364306.7889879,48082438631.232445,48082438631.232445,1.0,1.0,36.148131,113.209523,Jinye Iron and Steel Group Co Ltd,36.148131,113.209523,0.0,0.0
Severskiy Trubnyi Zavod JSC,1,1,950.0,0.0,1,1,Russia,Eurasia,287.0,0,,,,0.0,0.0,56.478428,60.249411,TMK Seversky Pipe plant,56.478428,60.249411,0.0,0.0
Longchuan Hanghui Steel Co Ltd,1,1,930.0,0.0,1,1,China,Asia Pacific,22.39,1,1069393003.8951043,3198437989.6937556,3198437989.6937556,1.0,0.0,24.113189,115.215068,Longchuan Hanghui Steel Co Ltd,24.113189,115.215068,0.0,0.0
YK Steel Corp,2,1,930.0,1000.0,1,1,South Korea,Asia Pacific,61.0,0,,,,0.0,0.0,35.083819,128.989034,YK Steel Busan plant,35.083819,128.989034,293.4375834259336,0.0
Fengshun County Dongfang Metal Casting Co Ltd,1,1,930.0,0.0,1,1,China,Asia Pacific,22.6,1,453215982.2079722,18595122169.25023,18595122169.25023,1.0,0.0,23.749104,116.138262,Fengshun County Dongfang Metal Continuous Casting Co Ltd,23.749104,116.138262,0.0,0.0
Guangdong Shengye Steel Co Ltd,1,1,920.0,0.0,1,1,China,Asia Pacific,21.97,1,106278554.73135719,1531296659.3671398,1531296659.3671398,1.0,0.0,24.008563999999996,114.79732800000001,Guangdong Shengye Steel Co Ltd,24.008564,114.797328,3.5366203299247443e-13,3.5366203299247443e-13
Guangdong Taiye Hongda Steel Co Ltd,1,1,920.0,0.0,1,1,China,Asia Pacific,13.79,1,1746497357.0257854,70709810799.84494,70709810799.84494,1.0,0.0,23.543329287986026,112.9908240744354,"Guangdong Taiye Hongda Steel Co., Ltd.",23.54332928798603,112.9908240744354,3.5366203299247443e-13,3.5366203299247443e-13
Ezz Steel Co,1,1,900.0,0.0,1,1,Egypt,Africa,32.0,0,,,,0.0,0.0,30.382179,30.563029,Ezz Steel Rebar Sadat City plant,30.382179,30.563029,0.0,0.0
Aperam Inox America do Sul SA,1,1,900.0,0.0,1,1,Brazil,Central & South America,77.0,0,,,,0.0,0.0,-19.531271999999998,-42.639979,Aperam Timóteo steel plant,-19.531272,-42.639979,3.5366203299247443e-13,3.5366203299247443e-13
PT Jakarta Prima Steel Industries,1,1,900.0,0.0,1,1,Indonesia,Asia Pacific,54.0,0,,,,0.0,0.0,-6.181643,106.932331,Jakarta Prima Steel Industries plant,-6.181643,106.932331,0.0,0.0
Guangdong Shiji Qingshan Nickel Industry Co Ltd,1,1,900.0,0.0,1,1,China,Asia Pacific,14.81,1,546325381.749661,8937090589.579498,8937090589.579498,1.0,0.0,21.687053,111.848893,Guangdong Shiji Qingshan Nickel Industry Co Ltd,21.687053,111.848893,0.0,0.0
Ann Joo Integrated Steel Sdn Bhd,1,1,900.0,0.0,1,1,Malaysia,Asia Pacific,19.0,0,,,,0.0,0.0,5.380391,100.377598,Ann Joo Integrated Steel Penang plant,5.380391,100.377598,0.0,0.0
Volzhskiy Trubnyi Zavod JSC,1,1,900.0,0.0,1,1,Russia,Eurasia,56.0,0,,,,0.0,0.0,48.804332,44.79408,Volzhsky Pipe Plant,48.804332,44.79408,0.0,0.0
Nucor Steel Memphis Inc,1,1,891.0,0.0,1,1,United States,North America,18.0,0,,,,0.0,0.0,35.048395,-90.163033,Nucor Steel Memphis plant,35.048395,-90.163033,0.0,0.0
Guangshui Huaxin Smelt Industry Co Ltd,1,1,869.0,0.0,1,1,China,Asia Pacific,18.0,1,39099648.249599755,2510913507.9833345,2510913507.9833345,1.0,0.0,31.502210000000005,114.00814200000002,Guangshui Huaxin Metallurgical Industry Co Ltd,31.50221,114.008142,1.2061573044577525e-12,1.2061573044577525e-12
Tangshan Shoutang Baosheng Functional Materials Co Ltd,1,1,860.0,0.0,1,1,China,Asia Pacific,19.19,1,1356006637.3997142,52795312774.227554,52795312774.227554,1.0,0.0,39.751793,118.490004,Tangshan Shoutang Baosheng Functional Materials Co Ltd,39.751793,118.490004,0.0,0.0
Guangdong Hongde Steel Group Co Ltd,1,1,860.0,0.0,1,1,China,Asia Pacific,24.0,1,2371893017.6045723,29398577246.00148,29398577246.00148,1.0,0.0,24.672351,113.535574,Guangdong Hongde Steel Group Co Ltd,24.672351,113.535574,0.0,0.0
Cascade Steel Rolling Mills Inc,1,1,860.0,0.0,1,1,United States,North America,58.0,0,,,,0.0,0.0,45.228035,-123.163599,Cascade Steel Rolling Mills,45.228035,-123.163599,0.0,0.0
Çebitaş Demir Çelik Endüstrisi AŞ,1,1,860.0,0.0,1,1,Türkiye,Europe,37.0,0,,,,0.0,0.0,38.74074000000001,26.951743,Cebitas steel plant,38.74074,26.951743,7.073240659849489e-13,7.073240659849489e-13
Nucor Steel Seattle Inc,1,1,855.0,0.0,1,1,United States,North America,122.0,0,,,,0.0,0.0,47.569597,-122.367395,Nucor Steel Seattle plant,47.569597,-122.367395,0.0,0.0
Lamines Marchands Europeens SA,1,1,850.0,0.0,1,1,France,Europe,151.0,0,,,,0.0,0.0,50.3292,3.4909129999999995,LME Trith-Saint-Léger steel plant,50.3292,3.490913,2.822115248129619e-14,2.822115248129619e-14
Yuxi Huixi Metal Casting Products Co Ltd,1,1,850.0,0.0,1,1,China,Asia Pacific,19.71,1,1153461107.3559847,19337954883.57608,19337954883.57608,1.0,1.0,24.360481,102.481118,Yuxi Huixi Metal Casting Products Co Ltd,24.360481,102.481118,0.0,0.0
Rajhi Steel Industries Co Ltd,1,1,850.0,0.0,1,1,Saudi Arabia,Middle East,20.0,0,,,,0.0,0.0,21.290402,39.183444,Rajhi Al Assemah Steel Jeddah plant,21.290402,39.183444,0.0,0.0
Yunnan Muguang Industry and Trade Co Ltd,1,1,850.0,0.0,1,1,China,Asia Pacific,12.3,1,106654789.90736285,4794889713.000852,4794889713.000852,1.0,1.0,24.077078999999998,102.771634,Yunnan Muguang Industry and Trade Co Ltd,24.077079,102.771634,3.5366203299247443e-13,3.5366203299247443e-13
Societe des Aciers d'Armature pour le Beton SAS,1,1,850.0,0.0,1,1,France,Europe,154.0,0,,,,0.0,0.0,48.611482,6.111864,Riva Sam Neuves-Maisons steel plant,48.611482,6.111864,0.0,0.0
Columbus Stainless (Pty) Ltd,1,1,850.0,0.0,1,1,South Africa,Africa,60.0,0,,,,0.0,0.0,-25.796312999999998,29.497972,Acerinox Columbus Stainless steel plant,-25.796313,29.497972,3.5366203299247443e-13,3.5366203299247443e-13
Ministry of Defense (Poland),1,1,840.0,0.0,1,1,Poland,Europe,124.0,0,,,,0.0,0.0,50.782614,19.165566,Huta Czestochowa steel plant,50.782614,19.165566,0.0,0.0
Novorossiysk Rolling Plant LLC,1,1,830.0,270.0,1,1,Russia,Eurasia,19.0,0,,,,0.0,0.0,47.740457,40.189445,Novorossiysk Rolling Plant Rostov,47.740457,40.189445,0.0,0.0
Sichuan Ya'an Anshan Iron and Steel Co Ltd,1,1,830.0,0.0,1,1,China,Asia Pacific,4.91,1,388037.3015476711,446411930.70112646,446411930.70112646,1.0,0.0,30.059133000000006,102.625907,Sichuan Yaan Anshan Iron and Steel Co Ltd,30.059133,102.625907,7.073240659849489e-13,7.073240659849489e-13
Tangshan Xinglong Steel Co Ltd,1,1,825.0,0.0,1,1,China,Asia Pacific,25.0,1,178134743.02966222,60926767373.4392,60926767373.4392,1.0,0.0,39.84761199999999,118.34844800000002,Tangshan Xinglong Iron and Steel Co Ltd,39.847612,118.348448,7.073240659849489e-13,7.073240659849489e-13
Zunyi Changling Special Steel Co Ltd,1,1,825.0,0.0,1,1,China,Asia Pacific,22.0,1,3047624310.877063,43134590411.06217,43134590411.06217,1.0,0.0,27.614947000000004,106.949752,Zunyi Changling Special Steel Co Ltd,27.614947,106.949752,3.5366203299247443e-13,3.5366203299247443e-13
Ann Joo Steel Bhd,1,1,820.0,0.0,1,1,Malaysia,Asia Pacific,65.0,0,,,,0.0,0.0,3.0425849999999994,101.537011,Ann Joo Steel Selangor plant,3.042585,101.537011,4.4207754124059304e-14,4.4207754124059304e-14
UMC Metals Ltd,1,1,805.0,0.0,1,1,Thailand,Asia Pacific,32.0,0,,,,0.0,0.0,13.275831999999996,100.969791,UMC Metals Chon Buri steel plant,13.275832,100.969791,3.5366203299247443e-13,3.5366203299247443e-13
Hadeed Metal Manufacturing Co,1,1,800.0,0.0,1,1,Syria,Middle East,14.0,0,,,,0.0,0.0,33.62625799999999,36.574968000000005,Hadeed Metal Manufacturing Co Damascus steel plant,33.626258,36.574968,1.3739833122360345e-12,1.3739833122360345e-12
North West Steel Industries Co,1,1,800.0,0.0,1,1,Iran,Middle East,9.0,0,,,,0.0,0.0,37.127089,46.17345000000001,North West Steel Industries Ariq plant,37.127089,46.17345,5.639485212505714e-13,5.639485212505714e-13
Med-steel Ltd,1,1,800.0,0.0,1,1,Syria,Middle East,15.0,0,,,,0.0,0.0,33.628437,36.57259391534359,Medsteel Adra steel plant,33.628437,36.57259391534359,0.0,0.0
Baku Steel Company QSC,1,1,800.0,0.0,1,1,Azerbaijan,Eurasia,25.0,0,,,,0.0,0.0,40.43136,49.886867,Baku Steel Company steel plant,40.43136,49.886867,0.0,0.0
Hmisho Steel SA,1,1,800.0,0.0,1,1,Syria,Middle East,13.0,0,,,,0.0,0.0,34.364258,36.803848,Hmisho Steel Hassia plant,34.364258,36.803848,0.0,0.0
Malaysia Steel Works (KL) Bhd,1,1,800.0,0.0,1,1,Malaysia,Asia Pacific,28.0,0,,,,0.0,0.0,3.077835,101.46448,Malaysia Steel Works Klang steel plant,3.077835,101.46448,0.0,0.0
Sentuo Steel Ltd,1,1,800.0,0.0,1,1,Ghana,Africa,11.0,0,,,,0.0,0.0,5.691266999999999,-0.001073,Sentuo Steel Tema plant,5.691267,-0.001073,8.841550824811861e-14,8.841550824811861e-14
Hwanyoung Steel Industries Co Ltd,1,1,800.0,0.0,1,1,South Korea,Asia Pacific,32.8,0,,,,0.0,0.0,36.95648599999999,126.61695600000002,Hansco Hwanyoung Steel Dangjin plant,36.956486,126.616956,7.073240659849489e-13,7.073240659849489e-13
Sidenor Steel Industry SA,1,1,800.0,0.0,1,1,Greece,Europe,64.0,0,,,,0.0,0.0,40.704458,22.816541999999995,Sidenor Steel Industry Thessaloniki plant,40.704458,22.816542,2.6810538581992036e-13,2.6810538581992036e-13
Thy-Marcinelle SA,1,1,800.0,0.0,1,1,Belgium,Europe,37.0,0,,,,0.0,0.0,50.410335,4.429692999999999,Thy Marcinelle Charleroi steel plant,50.410335,4.429693,5.634587667627568e-14,5.634587667627568e-14
Shengli Vietnam Special Steel Co Ltd,1,1,800.0,0.0,1,1,Vietnam,Asia Pacific,18.0,0,,,,0.0,0.0,20.652657,106.440208,Shengli Vietnam Special Steel An Bai plant,20.652657,106.440208,0.0,0.0
KSRM Steel Plant Ltd,1,1,800.0,0.0,1,1,Bangladesh,Asia Pacific,42.0,0,,,,0.0,0.0,22.499834,91.715778,KSRM Sitakunda steel plant,22.499834,91.715778,0.0,0.0
Ghaenat Steel Complex,1,1,800.0,0.0,1,1,Iran,Middle East,4.0,0,,,,0.0,0.0,33.92690900000001,59.007852,Ghaenat Steel Complex South Khorasan,33.926909,59.007852,7.073240659849489e-13,7.073240659849489e-13
Chubu Steel Plate Co Ltd,1,1,800.0,0.0,1,1,Japan,Asia Pacific,67.0,1,176716694372.9768,1773436100976.1323,1773436100976.132,1.0,0.0,35.118836,136.867567,Chubu Steel Plate Nagoya plant,35.118836,136.867567,0.0,0.0
Riva Industries,1,1,800.0,0.0,1,1,Morocco,Africa,5.0,0,,,,0.0,0.0,33.165438,-8.588300000000002,Riva Industries Jorf Lasfar steel plant,33.165438,-8.5883,1.4802426473710608e-13,1.4802426473710608e-13
Vertra Steel Industry and Trade Corp,1,1,800.0,0.0,1,1,Türkiye,Europe,0.38,0,,,,0.0,0.0,36.945926,36.001643,Vertra Celik Sarımazı steel plant,36.945926,36.001643,0.0,0.0
Millcon Steel PCL,1,1,800.0,0.0,1,1,Thailand,Asia Pacific,28.0,0,,,,0.0,0.0,12.819543999999999,101.152954,Millcon Steel Rayong steel plant,12.819544,101.152954,1.7683101649623721e-13,1.7683101649623721e-13
Nucor Steel Kankakee Inc,1,1,794.0,0.0,1,1,United States,North America,65.0,0,,,,0.0,0.0,41.180734,-87.856196,Nucor Steel Kankakee plant,41.180734,-87.856196,0.0,0.0
Baicheng Fuda Bar Rolling Co Ltd,1,1,788.0,0.0,1,1,China,Asia Pacific,16.31,1,4030918213.477184,8548861930.695521,8548861930.695522,1.0,0.0,45.593303,122.895588,Baicheng Fuda Bar Rolling Co Ltd,45.593303,122.895588,0.0,0.0
Hezhou Xindu Sanyuan Casting Co Ltd,1,1,780.0,0.0,1,1,China,Asia Pacific,10.0,1,90031801.82740928,477788284.15544564,477788284.1554457,1.0,0.0,23.987007,111.739775,Guangxi Hezhou Pengda New Materials Co Ltd,23.987007,111.739775,0.0,0.0
NLMK Indiana LLC,1,1,770.0,0.0,1,1,United States,North America,34.0,0,,,,0.0,0.0,41.62591200000001,-87.159989,NLMK Indiana steel plant,41.625912,-87.159989,7.073240659849489e-13,7.073240659849489e-13
Mono Steel (India) Ltd,1,1,770.0,0.0,1,1,India,Asia Pacific,36.0,1,31833855.18768871,1965650537.2451718,1965650537.2451718,1.0,0.0,23.312265000000004,70.201953,Mono Steel Gandhidham plant,23.312265,70.201953,3.5366203299247443e-13,3.5366203299247443e-13
BSRM Steels Ltd,1,1,770.0,0.0,1,1,Bangladesh,Asia Pacific,7.0,0,,,,0.0,0.0,22.873774,91.545562,BSRM Steels Mirsarai plant,22.873774,91.545562,0.0,0.0
Haicheng Hengsheng Casting Co Ltd,1,1,760.0,0.0,1,1,China,Asia Pacific,26.0,1,722648668.565372,141071950262.50345,141071950262.50345,1.0,1.0,41.05747800000001,122.83279999999999,Haicheng Hengsheng Casting Co Ltd,41.057478,122.8328,7.073240659849489e-13,7.073240659849489e-13
Amsteel Mills Sdn Bhd,2,1,750.0,0.0,1,1,Malaysia,Asia Pacific,34.5,0,,,,0.0,0.0,3.069682,101.456474,Lion Industries Amsteel Klang steel plant,3.069682,101.456474,33.33090047219198,0.0
Van Company for Industrial Investment and General Trading,1,1,750.0,0.0,1,1,Iraq,Middle East,4.0,0,,,,0.0,0.0,36.09176,43.97415,Van Steel Kurdistan plant,36.09176,43.97415,0.0,0.0
Arcelormittal Warszawa SP zoo,1,1,750.0,0.0,1,1,Poland,Europe,69.0,0,,,,0.0,0.0,52.291337,20.917301999999996,ArcelorMittal Warszawa steel plant,52.291337,20.917302,2.163162028439234e-13,2.163162028439234e-13
Optimus Steel LLC,1,1,750.0,0.0,1,1,United States,North America,50.0,0,,,,0.0,0.0,30.082009999999997,-94.074694,Optimus Steel Beaumont plant,30.08201,-94.074694,7.073240659849489e-13,7.073240659849489e-13
Empresa Siderurgica del Peru SAA,1,1,750.0,0.0,1,1,Peru,Central & South America,68.0,0,,,,0.0,0.0,-9.059693,-78.601178,Gerdau Siderperu Chimbote steel plant,-9.059693,-78.601178,0.0,0.0
Global Steel Wire SA,1,1,750.0,0.0,1,1,Spain,Europe,127.0,0,,,,0.0,0.0,43.44534399999999,-3.839228,Celsa Global Steel Wire Santander plant,43.445344,-3.839228,7.073240659849489e-13,7.073240659849489e-13
Hezhou Zhaoxin Hardware Products Co Ltd,1,1,750.0,0.0,1,1,China,Asia Pacific,26.0,1,90031801.82740928,476301192.8009216,476301192.8009216,1.0,0.0,23.978567,111.735529,Guangxi Guixin Iron and Steel Intelligent Manufacturing Co Ltd,23.978567,111.735529,0.0,0.0
Sidenor Aceros Especiales SLU,1,1,740.0,0.0,1,1,Spain,Europe,59.0,0,,,,0.0,0.0,43.227282,-2.884676,Sidenor Aceros Especiales Basauri steel plant,43.227282,-2.884676,0.0,0.0
Natanz Steel Co,1,1,733.0,850.0,1,1,Iran,Middle East,25.0,0,,,,0.0,0.0,33.42859299999999,51.982273,Natanz Steel Company Isfahan plant,33.428593,51.982273,7.073240659849489e-13,7.073240659849489e-13
Chow Steel Industries PCL,1,1,730.0,0.0,1,1,Thailand,Asia Pacific,21.0,0,,,,0.0,0.0,14.074757,101.84215,Chow Steel Kabinburi steel plant,14.074757,101.84215,0.0,0.0
Asil Celik Sanayi ve Ticaret AŞ,1,1,730.0,0.0,1,1,Türkiye,Europe,47.0,0,,,,0.0,0.0,40.42752,29.270140999999995,Asil Celik Orhangazi steel plant,40.42752,29.270141,0.0,0.0
Liberty Steel Group,6,1,726.0,780.0,4,2,"France, Hungary, United Kingdom, United States",Europe,71.78,0,,,,0.0,0.0,41.513248999999995,-87.621438,Liberty Steel & Wire Peoria plant,41.513249,-87.621438,7806.795092007481,7.073240659849489e-13
SIJ Acroni doo,1,1,726.0,0.0,1,1,Slovenia,Europe,66.0,0,,,,0.0,0.0,46.423994,14.094644999999998,SIJ Acroni Jesenice steel plant,46.423994,14.094645,1.2189248764178016e-13,1.2189248764178016e-13
Vallourec Star LP,1,1,725.0,0.0,1,1,United States,North America,41.0,0,,,,0.0,0.0,41.12549500000001,-80.683382,Vallourec Star Youngstown steel plant,41.125495,-80.683382,7.073240659849489e-13,7.073240659849489e-13
Dongyuan Dongnan Industrial Co Ltd,1,1,720.0,0.0,1,1,China,Asia Pacific,16.89,1,24627219.044078365,930340871.9499533,930340871.9499533,1.0,0.0,24.038396999999996,114.873435,Dongyuan Dongnan Industrial Co Ltd,24.038397,114.873435,3.5366203299247443e-13,3.5366203299247443e-13
Univers Acier,1,1,720.0,0.0,1,1,Morocco,Africa,16.0,0,,,,0.0,0.0,33.501604,-7.467890999999999,Univers Acier Sidi Hajjaj steel plant,33.501604,-7.467891,1.474541451920396e-13,1.474541451920396e-13
Shyeh Sheng Fuat Steel & Iron Works Co Ltd,1,1,720.0,0.0,1,1,Taiwan,Asia Pacific,60.0,0,,,,0.0,0.0,22.559391,120.3656132,Shyeh Sheng Fuat Steel Kaohsiung steel plant,22.559391,120.3656132,0.0,0.0
Jiangyin Xicheng Steel Co Ltd,1,1,720.0,0.0,1,1,China,Asia Pacific,28.37,1,8256028173.465794,195358769921.76007,195358769921.76007,1.0,0.0,31.89229900000001,120.198394,Jiangyin Xicheng Steel Co Ltd,31.892299,120.198394,7.073240659849489e-13,7.073240659849489e-13
Guangdong Yuedong Steel Co Ltd,1,1,720.0,0.0,1,1,China,Asia Pacific,32.14,1,10381673523.067602,22746324411.70807,22746324411.70807,1.0,0.0,23.711585,114.68976100000002,Guangdong Yuedong Steel Co Ltd,23.711585,114.689761,0.0,0.0
Sam Montereau SAS,1,1,720.0,0.0,1,1,France,Europe,53.0,0,,,,0.0,0.0,48.387211,2.9810910000000006,Riva Sam Montereau steel plant,48.387211,2.981091,2.935806502145324e-14,2.935806502145324e-14
Fengshun County Agricultural Machinery Continuous Casting Co,1,1,720.0,0.0,1,1,China,Asia Pacific,22.85,1,453215982.2079722,18595122169.25023,18595122169.25023,1.0,0.0,23.748318000000005,116.13985,Fengshun County Agricultural Machinery Continuous Casting Co,23.748318,116.13985,3.5366203299247443e-13,3.5366203299247443e-13
Guangdong Daxing Iron & Steel Industrial Co Ltd,1,1,720.0,0.0,1,1,China,Asia Pacific,26.52,1,13690835436.783312,164436051331.8476,164436051331.8476,1.0,0.0,23.529157999999995,116.329247,Guangdong Daxing Iron & Steel Industrial Co Ltd,23.529158,116.329247,3.5366203299247443e-13,3.5366203299247443e-13
Stahl Gerlafingen AG,1,1,720.0,0.0,1,1,Switzerland,Europe,108.0,0,,,,0.0,0.0,47.171958000000004,7.562287000000002,Stahl Gerlafingen steel plant,47.171958,7.562287,7.174661847690212e-13,7.174661847690212e-13
Zijin County Dongri Foundry Co Ltd,1,1,720.0,0.0,1,1,China,Asia Pacific,16.0,1,12925770.443472354,598060312.5693009,598060312.5693009,1.0,0.0,23.356612000000002,114.769565,Zijin County Dongri Casting Co Ltd,23.356612,114.769565,3.5366203299247443e-13,3.5366203299247443e-13
Lianping County Huafeng Steel Co Ltd,1,1,720.0,0.0,1,1,China,Asia Pacific,9.93,1,271704400.55409884,849099174.2109518,849099174.2109517,1.0,0.0,24.184349999999995,114.72820200000001,Lianping Huafeng Steel Co Ltd,24.18435,114.728202,3.5366203299247443e-13,3.5366203299247443e-13
Fujian Fuxin Special Steel Co Ltd,1,1,720.0,0.0,1,1,China,Asia Pacific,19.0,1,17250077612.688942,185209231508.9667,185209231508.9667,1.0,0.0,24.472439000000005,117.94885,Fujian Fuxin Special Steel Co Ltd,24.472439,117.94885,3.5366203299247443e-13,3.5366203299247443e-13
Fengshun County Hongbao Industrial Co Ltd,1,1,720.0,0.0,1,1,China,Asia Pacific,32.93,1,1404595.2279711333,2966919509.507821,2966919509.507821,1.0,0.0,23.720136000000004,115.949449,Fengshun County Hongbao Industrial Co Ltd,23.720136,115.949449,3.5366203299247443e-13,3.5366203299247443e-13
Fengshun Yongshun Continuous Casting Plant,1,1,720.0,0.0,1,1,China,Asia Pacific,19.27,1,453215982.2079722,18975260557.072334,18975260557.072334,1.0,0.0,23.747173,116.126241,Fengshun Yongshun Continuous Casting Plant,23.747173,116.126241,0.0,0.0
LNM Group,1,1,700.0,0.0,1,1,Indonesia,Asia Pacific,50.0,0,,,,0.0,0.0,-7.3551286,112.7037297,PT Ispat Indo steel plant,-7.3551286,112.7037297,0.0,0.0
Yun County Rongfeng Rolling Mill Factory,1,1,700.0,0.0,1,1,China,Asia Pacific,15.0,1,2868377109.874325,25029605516.57686,25029605516.57686,1.0,0.0,32.738598,110.793269,Shiyan Yunyang District Rongfeng Iron and Steel Co Ltd,32.738598,110.793269,0.0,0.0
Shaanxi Hanzhong Iron & Steel Group Co,1,1,700.0,0.0,1,1,China,Asia Pacific,25.33,1,554486726.9337088,2225382733.2569275,2225382733.2569275,1.0,0.0,33.132446,106.657646,Shaanxi Hanzhong Iron & Steel Group Company,33.132446,106.657646,0.0,0.0
Yamato Steel Co Ltd,1,1,700.0,0.0,1,1,Japan,Asia Pacific,65.0,1,11107163158.787853,115067025618.5283,115067025618.5283,1.0,0.0,34.783319,134.604616,Yamato Steel Himeji Plant,34.783319,134.604616,0.0,0.0
Chongqing Yonghang Steel Group Co Ltd,1,1,700.0,0.0,1,1,China,Asia Pacific,23.0,1,476620864.0503676,9985471651.860994,9985471651.860994,1.0,0.0,29.836163000000003,106.988138,Chongqing Yonghang Steel Group Co Ltd,29.836163,106.988138,0.0,0.0
Zhenshi Group EASTERN SPECIAL Steel Co Ltd,1,1,700.0,2512.0,1,1,China,Asia Pacific,54.0,1,2908351559.15047,143511638411.21393,143511638411.21393,1.0,0.0,30.720411000000002,120.89851800000001,Zhenshi Group Eastern Special Steel Co Ltd,30.720411,120.898518,0.0,0.0
Linyi Iron and Steel Investment Group Stainless Steel Co Ltd,1,1,700.0,0.0,1,1,China,Asia Pacific,6.0,1,238915176.01580334,9753154820.245316,9753154820.245316,1.0,0.0,35.148443,119.06801500000002,Linyi Iron and Steel Investment Group Stainless Steel Co Ltd,35.148443,119.068015,0.0,0.0
Dalmine SpA,1,1,700.0,0.0,1,1,Italy,Europe,117.0,0,,,,0.0,0.0,45.64151600000001,9.600242,Tenaris Dalmine steel plant,45.641516,9.600242,7.073240659849489e-13,7.073240659849489e-13
ALPA - Aciéries et Laminoirs de Paris SAS,1,1,700.0,0.0,1,1,France,Europe,52.0,0,,,,0.0,0.0,48.983515000000004,1.7624500000000003,Riva Alpa Gargenville steel plant,48.983515,1.76245,7.074728019720048e-13,7.074728019720048e-13
Tangshan Yutian Jinzhou Industry Co Ltd,1,1,700.0,0.0,1,1,China,Asia Pacific,15.0,1,74159309.89730716,12222390049.413055,12222390049.413055,1.0,0.0,39.967373,117.857659,Tangshan Yutian Jinzhou Industrial Co Ltd,39.967373,117.857659,0.0,0.0
Siderpotenza SpA,1,1,700.0,0.0,1,1,Italy,Europe,63.0,0,,,,0.0,0.0,40.639356,15.827842000000006,Pittini Siderpotenza Potenza steel plant,40.639356,15.827842,2.6836727982748587e-13,2.6836727982748587e-13
Sohar Steel LLC,1,1,700.0,0.0,1,1,Oman,Middle East,18.0,0,,,,0.0,0.0,24.499869,56.599111,Sohar Steel plant,24.499869,56.599111,0.0,0.0
Megasa Siderurgica SL,1,1,700.0,0.0,1,1,Spain,Europe,73.0,0,,,,0.0,0.0,43.51421,-8.163839000000001,Megasa Siderúrgica Narón steel plant,43.51421,-8.163839,1.2823849488305387e-13,1.2823849488305387e-13
Sıddık Kardeşler Haddecilik Sanayi Ticaret LŞ,1,1,690.0,0.0,1,1,Türkiye,Europe,10.0,0,,,,0.0,0.0,40.800833000000004,29.512008000000005,Siddik Kardesler Dilovasi steel plant,40.800833,29.512008,7.073240659849489e-13,7.073240659849489e-13
Pan Gang Group Sichuan Changcheng Special Steel Co Ltd,1,1,669.0,0.0,1,1,China,Asia Pacific,36.76,1,2578998262.3683743,9075142613.047802,9075142613.047802,1.0,0.0,31.763516999999997,104.761441,Pangang Group Jiangyou Changcheng Special Steel Co Ltd,31.763517,104.761441,7.073240659849489e-13,7.073240659849489e-13
Shakambhari Ispat & Power Ltd,1,1,660.0,0.0,1,1,India,Asia Pacific,25.0,1,740366725.9212388,52368176028.568794,52368176028.568794,1.0,0.0,23.613860999999996,86.789527,Shakambhari Ispat and Power Purulia steel plant,23.613861,86.789527,3.5366203299247443e-13,3.5366203299247443e-13
Godawari Power and Ispat Ltd,2,1,659.0,2200.0,1,1,India,Asia Pacific,25.0,2,919900210.3246052,14634015006.135723,20895565574.58556,1.0,0.0,21.376214000000004,81.681888,Godawari Power and Ispat Siltara steel plant,21.376214,81.681888,21.82411646922247,3.5366203299247443e-13
Hospet Steels Ltd,1,1,650.0,811.0,1,1,India,Asia Pacific,28.0,1,204245873.82605147,2855801307.3903904,2855801307.3903904,1.0,1.0,15.339055000000004,76.251696,Hospet Steels Hospet plant,15.339055,76.251696,3.5366203299247443e-13,3.5366203299247443e-13
Swiss Steel Holding AG,1,1,650.0,0.0,1,1,Switzerland,Europe,27.0,0,,,,0.0,0.0,47.308054999999996,7.873594000000001,Swiss Steel Emmenbrücke plant,47.308055,7.873594,7.073240659849489e-13,7.073240659849489e-13
Benteler Steel/Tube GmbH,1,1,650.0,0.0,1,1,Germany,Europe,52.0,0,,,,0.0,0.0,52.467622,7.317169,Benteler Steel Tube Lingen plant,52.467622,7.317169,0.0,0.0
ORI Martin - Acciaieria e Ferriera di Brescia SpA,1,1,650.0,0.0,1,1,Italy,Europe,93.0,0,,,,0.0,0.0,45.566053999999994,10.2147,Ori Martin Brescia steel plant,45.566054,10.2147,7.073240659849489e-13,7.073240659849489e-13
Ivaco Rolling Mills LP,1,1,650.0,0.0,1,1,Canada,North America,55.0,0,,,,0.0,0.0,45.61394099999999,-74.704608,Ivaco Rolling Mills steel plant,45.613941,-74.704608,7.073240659849489e-13,7.073240659849489e-13
Sipar Aceros SA,1,1,650.0,0.0,1,1,Argentina,Central & South America,9.0,0,,,,0.0,0.0,-32.9912336,-60.758873300000005,Gerdau Sipar Pérez steel plant,-32.9912336,-60.7588733,0.0,0.0
Georgsmarienhuette GmbH,1,1,650.0,0.0,1,1,Germany,Europe,170.0,0,,,,0.0,0.0,52.212233399999995,8.0420724,Georgsmarienhütte Osnabrück steel plant,52.2122334,8.0420724,7.073240659849489e-13,7.073240659849489e-13
Guangdong Guixin Steel Co Ltd,1,1,630.0,0.0,1,1,China,Asia Pacific,22.0,1,1383225148.037752,116532803968.18138,116532803968.18138,1.0,0.0,23.517109,113.106865,Guangdong Guixin Steel Co Ltd,23.517109,113.106865,0.0,0.0
Lianyungang Huale Alloy Group Co Ltd,1,1,621.0,0.0,1,1,China,Asia Pacific,15.94,1,175014771.30063456,31904257095.6304,31904257095.6304,1.0,1.0,34.607963999999996,119.447626,Lianyungang Huale Alloy Group Co Ltd,34.607964,119.447626,7.073240659849489e-13,7.073240659849489e-13
Huizhou Jushun Iron and Steel Plant,1,1,620.0,0.0,1,1,China,Asia Pacific,33.26,1,5079645602.338191,145819956103.80716,145819956103.80716,1.0,0.0,23.178651999999996,114.279374,Huizhou Jushun Iron and Steel Plant,23.178652,114.279374,3.5366203299247443e-13,3.5366203299247443e-13
Fengshun Changsheng Precision Steel Casting Co Ltd,1,1,620.0,0.0,1,1,China,Asia Pacific,17.0,1,1746497357.0257854,54416334496.484634,54416334496.484634,1.0,0.0,23.507015000000003,112.953822,Fengshun Changsheng Special Steel Casting Co Ltd Qingyuan Branch,23.507015,112.953822,3.5366203299247443e-13,3.5366203299247443e-13
Heyuan Huacheng Metal Products Co Ltd,1,1,620.0,0.0,1,1,China,Asia Pacific,21.89,1,661354659.4113086,20001035213.330936,20001035213.330936,1.0,0.0,23.566579999999995,114.59899299999998,Heyuan Yuancheng Huafa Metal Products Co Ltd,23.56658,114.598993,3.5366203299247443e-13,3.5366203299247443e-13
Industrie Riunite Odolesi IRO SpA,1,1,600.0,0.0,1,1,Italy,Europe,75.0,0,,,,0.0,0.0,45.645688,10.374305000000001,IRO Odolo steel plant,45.645688,10.374305,1.236213953646362e-13,1.236213953646362e-13
Deutsche Edelstahlwerke GmbH,1,1,600.0,0.0,1,1,Germany,Europe,99.0,0,,,,0.0,0.0,50.922844,8.024006,Deutsche Edelstahlwerke steel plant,50.922844,8.024006,0.0,0.0
Tembo Steels Uganda Ltd,1,1,600.0,0.0,1,1,Uganda,Africa,4.0,0,,,,0.0,0.0,0.611975,33.457629,Tembo Steels Iganga plant,0.611975,33.457629,0.0,0.0
Bangkok Steel Industry PCL,1,1,600.0,0.0,1,1,Thailand,Asia Pacific,62.0,0,,,,0.0,0.0,13.647672,100.553882,Bangkok Steel Industry Samut Prakan steel plant,13.647672,100.553882,0.0,0.0
Aco Verde do Brasil SA,1,1,600.0,0.0,1,1,Brazil,Central & South America,11.0,0,,,,0.0,1.0,-4.874373000000001,-47.4073517,AVB Açailândia steel plant,-4.874373,-47.4073517,8.841550824811861e-14,8.841550824811861e-14
Shougang Guiyang SPECIAL Steel Co Ltd,1,1,600.0,0.0,1,1,China,Asia Pacific,68.0,1,264952407.92503846,12122176680.31939,12122176680.31939,1.0,0.0,26.873592,106.73215,Shougang Guiyang Special Steel Co Ltd,26.873592,106.73215,0.0,0.0
TY Steel Co Ltd,1,1,600.0,0.0,1,1,Thailand,Asia Pacific,9.0,0,,,,0.0,0.0,12.857307000000004,101.21314,TY Steel Rayong plant,12.857307,101.21314,3.5366203299247443e-13,3.5366203299247443e-13
Shiyan Fuyan Iron and Steel Co Ltd,1,1,600.0,0.0,1,1,China,Asia Pacific,23.0,1,111115982.9373292,24465181975.880474,24465181975.880474,1.0,0.0,32.650367,110.654794,Shiyan Fuyan Iron and Steel Co Ltd,32.650367,110.654794,0.0,0.0
Dinson Iron & Steel Company Pvt Ltd,1,1,600.0,4400.0,1,1,Zimbabwe,Africa,1.72,0,,,,0.0,0.0,-18.940658,30.608968,Dinson Chivhu iron and steel plant,-18.940658,30.608968,0.0,0.0
Fujian Dingxin Industry Co Ltd,1,1,600.0,0.0,1,1,China,Asia Pacific,18.0,1,11794218.386546498,3897674158.2296247,3897674158.2296247,1.0,0.0,26.769499999999997,119.738519,Fujian Dingxin Industrial Co Ltd,26.7695,119.738519,7.073240659849489e-13,7.073240659849489e-13
E-Top Metal Co Ltd,1,1,600.0,0.0,1,1,Taiwan,Asia Pacific,23.0,0,,,,0.0,0.0,24.167871999999996,120.50548200000001,E Top Metal Changhua steel plant,24.167872,120.505482,3.5366203299247443e-13,3.5366203299247443e-13
Amreli Steels Ltd,1,1,600.0,0.0,1,1,Pakistan,Asia Pacific,15.0,0,,,,0.0,0.0,24.800326,67.504851,Amreli Steels Dhabeji plant,24.800326,67.504851,0.0,0.0
Rio Tinto Iron and Titanium Canada Inc,1,1,600.0,0.0,1,1,Canada,North America,76.0,0,,,,0.0,1.0,46.044366999999994,-73.138474,Rio Tinto Fer et Titane steel plant,46.044367,-73.138474,7.073240659849489e-13,7.073240659849489e-13
Arabian Gulf Steel Industries Selling Port LLC,1,1,600.0,0.0,1,1,United Arab Emirates,Middle East,18.0,0,,,,0.0,0.0,24.283334999999997,54.463384,Arabian Gulf Steel Industries Abu Dhabi plant,24.283335,54.463384,3.5366203299247443e-13,3.5366203299247443e-13
Acciaierie di Calvisano SpA,1,1,600.0,0.0,1,1,Italy,Europe,54.0,0,,,,0.0,0.0,45.37165100000001,10.331967,Feralpi Calvisano steel plant,45.371651,10.331967,7.073240659849489e-13,7.073240659849489e-13
Hai Kwang Enterprise Corp,1,1,600.0,0.0,1,1,Taiwan,Asia Pacific,57.0,0,,,,0.0,0.0,22.550634000000002,120.365645,Hai Kwang Enterprise Kaohsiung steel plant,22.550634,120.365645,3.5366203299247443e-13,3.5366203299247443e-13
SN MAIA Siderurgia Nacional SA,1,1,600.0,0.0,1,1,Portugal,Europe,52.0,0,,,,0.0,0.0,41.255085,-8.555284999999998,SN MAIA Siderurgia Nacional steel plant,41.255085,-8.555285,1.32938249265971e-13,1.32938249265971e-13
Nakayama Steel Products Co Ltd,1,1,600.0,0.0,1,1,Japan,Asia Pacific,75.81,1,324278211589.9782,3054389419876.4478,3054389419876.4478,1.0,0.0,34.69976199999999,135.430119,Nakayama Steel Products Osaka plant,34.699762,135.430119,7.073240659849489e-13,7.073240659849489e-13
Nakayama Steel Works Ltd,1,1,600.0,1200.0,1,1,Japan,Asia Pacific,97.0,1,254812052510.10464,3288732618370.058,3288732618370.058,1.0,0.0,34.628161999999996,135.459688,Nakayama Steel Works Osaka,34.628162,135.459688,7.073240659849489e-13,7.073240659849489e-13
F&F Steel,1,1,600.0,0.0,1,1,Iraq,Middle East,12.47,0,,,,0.0,0.0,36.113741,43.979714,F&F Steel Erbil plant,36.113741,43.979714,0.0,0.0
Kam Industries (Nigeria) Ltd,1,1,600.0,0.0,1,1,Nigeria,Africa,30.0,0,,,,0.0,0.0,8.390993,4.674475000000001,Kam Industries Kwara steel plant,8.390993,4.674475,8.746904545329884e-14,8.746904545329884e-14
Scaw Metals Group Pty Ltd,1,1,600.0,0.0,1,1,South Africa,Africa,102.0,0,,,,0.0,0.0,-26.273316000000005,28.163761,Scaw Metals Group Germiston steel plant,-26.273316,28.163761,3.5366203299247443e-13,3.5366203299247443e-13
Sichuan Gangchen Stainless Steel Co Ltd,1,1,600.0,0.0,1,1,China,Asia Pacific,6.23,1,473439435.8729224,29940041899.692482,29940041899.692482,1.0,0.0,29.501044000000004,103.607365,Sichuan Gangchen Stainless Steel Co Ltd,29.501044,103.607365,0.0,0.0
Mughal Iron & Steel Industries Ltd,1,1,583.0,0.0,1,1,Pakistan,Asia Pacific,27.0,0,,,,0.0,0.0,31.653035,74.183149,Mughal Iron & Steel Industries Lahore plant,31.653035,74.183149,0.0,0.0
State Company for Iron and Steel (Iraq),1,1,580.0,0.0,1,1,Iraq,Middle East,,0,,,,0.0,0.0,30.2471634,47.83241799999999,State Company for Iron & Steel Basra plant,30.2471634,47.832418,6.110292823957395e-13,6.110292823957395e-13
Fogang Dawei Special Steel Co Ltd,1,1,575.0,0.0,1,1,China,Asia Pacific,14.29,1,794462578.72561,3471012556.429359,3471012556.429359,1.0,0.0,23.893972000000005,113.500829,"Fogang Dawei Special Steel Co., Ltd.",23.893972,113.500829,3.5366203299247443e-13,3.5366203299247443e-13
A. Finkl & Sons Corp,1,1,573.0,0.0,1,1,United States,North America,15.0,0,,,,0.0,0.0,41.724915,-87.589968,Finkl Steel Chicago plant,41.724915,-87.589968,0.0,0.0
Nucor Steel Kingman LLC,1,1,572.0,0.0,1,1,United States,North America,0.39,0,,,,0.0,0.0,35.14319199999999,-114.089568,Nucor Steel Kingman plant,35.143192,-114.089568,7.073240659849489e-13,7.073240659849489e-13
Vietnam - Italy Steel JSC,1,1,552.0,0.0,1,1,Vietnam,Asia Pacific,24.0,0,,,,0.0,0.0,20.946428000000004,106.025454,Vietnam Italy Steel Pho Noi steel plant,20.946428,106.025454,3.5366203299247443e-13,3.5366203299247443e-13
Sichuan Shehong Chuanzhong Construction Materials Co Ltd,1,1,550.0,0.0,1,1,China,Asia Pacific,25.89,1,442654217.20127475,9349076971.864544,9349076971.864544,1.0,0.0,30.830726,105.36769500000001,Sichuan Shehong Chuanzhong Construction Materials Co Ltd,30.830726,105.367695,1.2147373862236684e-12,1.2147373862236684e-12
VNSTEEL Southern Steel Co Ltd,1,1,550.0,0.0,1,1,Vietnam,Asia Pacific,21.0,0,,,,0.0,0.0,10.576597000000001,107.028995,VNSteel Southern Steel Phu My plant,10.576597,107.028995,1.7683101649623721e-13,1.7683101649623721e-13
Makstil AD,1,1,550.0,0.0,1,1,North Macedonia,Europe,59.0,0,,,,0.0,0.0,42.016228,21.46605,Makstil Skopje Steel plant,42.016228,21.46605,0.0,0.0
Tuyen Quang Iron Steel Co Ltd,1,1,550.0,0.0,1,1,Vietnam,Asia Pacific,12.1,0,,,,0.0,1.0,21.738739,105.247545,Tuyen Quang Iron and Steel Long Binh steel plant,21.738739,105.247545,0.0,0.0
Iton Seine SAS,1,1,550.0,0.0,1,1,France,Europe,110.0,0,,,,0.0,0.0,49.033678,1.5610219999999997,Riva Iton Seine Bonnieres Sur Seine steel plant,49.033678,1.561022,1.4491640067210288e-14,1.4491640067210288e-14
Hybar LLC,1,1,544.0,0.0,1,1,United States,North America,0.72,0,,,,0.0,0.0,35.686814,-89.961981,Hybar Arkansas steel plant,35.686814,-89.961981,0.0,0.0
S.C. Silcotub SA,1,1,535.0,0.0,1,1,Romania,Europe,22.0,0,,,,0.0,0.0,44.217275,27.299680000000002,Tenaris Silcotub Calarasi steel mill,44.217275,27.29968,5.069394239502717e-13,5.069394239502717e-13
Gerdau SA,1,1,530.0,0.0,1,1,Brazil,Central & South America,46.0,0,,,,0.0,0.0,-22.899180000000005,-45.347726,Gerdau Pindamonhangaba steel plant,-22.89918,-45.347726,3.5366203299247443e-13,3.5366203299247443e-13
Gallantt Ispat Ltd,1,1,528.0,272.0,1,1,India,Asia Pacific,32.0,1,881769082.2374166,22021940702.830803,22021940702.830803,1.0,0.0,26.757009,83.19908600000001,Gallantt Ispat Gorakhpur steel plant,26.757009,83.199086,1.2631730933588144e-12,1.2631730933588144e-12
Sunflag Iron and Steel Co Ltd,1,1,525.0,500.0,1,1,India,Asia Pacific,37.0,1,158719364.06818208,1255507176.8616993,1255507176.8616993,1.0,0.0,21.232929,79.632398,Sunflag Iron and Steel plant,21.232929,79.632398,0.0,0.0
Chongqing Pengcheng Steel Co Ltd,1,1,520.0,0.0,1,1,China,Asia Pacific,27.67,1,3649329774.430953,22610249865.66703,22610249865.66703,1.0,0.0,29.259698999999998,106.214031,Chongqing Pengcheng Steel Co Ltd,29.259699,106.214031,0.0,0.0
Guangdong Yuehua Iron & Steel Group Co Ltd,1,1,520.0,0.0,1,1,China,Asia Pacific,21.81,1,386008960.44992363,5328433569.140667,5328433569.140667,1.0,0.0,24.275783000000004,113.388896,Guangdong Yuehua Iron & Steel Group Co Ltd,24.275783,113.388896,3.5366203299247443e-13,3.5366203299247443e-13
Aceros AZA SA,1,1,520.0,0.0,1,1,Chile,Central & South America,26.68,0,,,,0.0,0.0,-33.294729,-70.727881,AZA Colina steel plant,-33.294729,-70.727881,0.0,0.0
Taishan Baofeng Iron & Steel Co Ltd,1,1,520.0,0.0,1,1,China,Asia Pacific,23.0,1,4190029623.921236,43885101773.978195,43885101773.978195,1.0,0.0,22.425677,112.788855,Taishan Baofeng Iron & Steel Co Ltd,22.425677,112.788855,0.0,0.0
Siderurgica Norte Brasil SA,1,1,504.0,500.0,1,1,Brazil,Central & South America,19.0,0,,,,0.0,0.0,-5.414287000000001,-49.08130500000001,Sinobras Marabá steel plant,-5.414287,-49.081305,7.096973439901585e-13,7.096973439901585e-13
KMK Tempo JSC,1,1,504.0,0.0,1,1,Russia,Eurasia,10.0,0,,,,0.0,0.0,55.72346499999999,52.541024,Kamsky Metallurgical Works TEMPO,55.723465,52.541024,7.073240659849489e-13,7.073240659849489e-13
Krasnyi Oktyabr' Corporation JSC,1,1,501.0,0.0,1,1,Russia,Eurasia,128.0,0,,,,0.0,0.0,48.754025,44.561004,VMK Red October steel plant,48.754025,44.561004,0.0,0.0
YunNan Province Tiangao Nickel Alloy Co Ltd,1,1,500.0,500.0,1,1,China,Asia Pacific,16.16,1,229330969.90024498,1500009317.344217,1500009317.344217,1.0,0.0,24.80128,104.063455,Yunnan Tiangao Nickel Alloy Co Ltd,24.80128,104.063455,0.0,0.0
VAS Steel An Hung Tuong LLC,1,1,500.0,0.0,1,1,Vietnam,Asia Pacific,38.0,0,,,,0.0,0.0,11.054204,106.615962,VAS An Hung Tuong Steel Binh Duong plant,11.054204,106.615962,0.0,0.0
Jilin Steel Group Taihua Metal Equipment Manufacture Co Ltd,1,1,500.0,500.0,1,1,China,Asia Pacific,17.58,1,912548532.864007,2233831629.032975,2233831629.032975,1.0,0.0,44.138825999999995,125.914941,Jilin Steel Group Taihua Metal Equipment Manufacture Co Ltd,44.138826,125.914941,7.073240659849489e-13,7.073240659849489e-13
Ningbo Haoyang New MATERIALS Techonology Co Ltd,1,1,500.0,0.0,1,1,China,Asia Pacific,6.39,1,4420088191.603954,107505435767.9408,107505435767.9408,1.0,0.0,30.267113,121.052503,Ningbo Haoyang New Materials Techonology Co Ltd,30.267113,121.052503,0.0,0.0
Guangdong Fogang Jincheng Metal Products Co Ltd,1,1,500.0,0.0,1,1,China,Asia Pacific,21.98,1,92889374.35438424,12746624223.972597,12746624223.972597,1.0,0.0,23.741965000000004,113.502168,Guangdong Fogang Jincheng Metal Products Co Ltd,23.741965,113.502168,3.5366203299247443e-13,3.5366203299247443e-13
Mindong Saiqi Economic Development Zone Fuhua Steel Rolling Co Ltd,1,1,500.0,825.0,1,1,China,Asia Pacific,27.0,1,283759824.5657374,4080472207.121709,4080472207.121709,1.0,0.0,26.961516,119.654272,Fujian Fuhua New Materials Group Co Ltd,26.961516,119.654272,0.0,0.0
"Guangde Xinyuanda Metal Products Co., Ltd. Co Ltd",1,1,500.0,0.0,1,1,China,Asia Pacific,14.24,1,60598213.36689451,4215686167.356839,4215686167.356839,1.0,0.0,31.0494162,119.5296269,Anhui Lixin Special Steel Co Ltd,31.0494162,119.5296269,0.0,0.0
Shri Bajrang Power and Ispat Ltd,1,1,500.0,1100.0,1,1,India,Asia Pacific,13.0,1,450845929.98527956,12620353691.908892,12620353691.908892,1.0,0.0,21.48619,81.771697,Shri Bajrang Power & Ispat Tilda steel plant,21.48619,81.771697,0.0,0.0
Ittehad Steels Pvt Ltd,1,1,500.0,500.0,1,1,Pakistan,Asia Pacific,13.0,0,,,,0.0,0.0,31.64342600000001,73.198542,Ittehad Steel Faisalabad plant,31.643426,73.198542,7.073240659849489e-13,7.073240659849489e-13
Asean Steel JSC,1,1,500.0,0.0,1,1,Vietnam,Asia Pacific,,0,,,,0.0,0.0,12.599120000000001,107.93922,ASEAN Steel Hoa Phu steel plant,12.59912,107.93922,3.5366203299247443e-13,3.5366203299247443e-13
Zhejiang TSINGSHAN IRON&STEEL Co Ltd,1,1,500.0,0.0,1,1,China,Asia Pacific,21.8,1,1195110580.909999,23408680120.06053,23408680120.06053,1.0,0.0,28.136095999999995,120.380401,Zhejiang Tsingshan Iron and Steel Co Ltd,28.136096,120.380401,3.5366203299247443e-13,3.5366203299247443e-13
Cognor Holding SA,1,1,500.0,0.0,1,1,Poland,Europe,33.0,0,,,,0.0,0.0,50.357438,18.610738999999995,Ferrostal Labedy Gliwice steel plant,50.357438,18.610739,2.2563502864289576e-13,2.2563502864289576e-13
Anhui Jin'an Stainless Steel Foundry Co Ltd,1,1,500.0,0.0,1,1,China,Asia Pacific,4.0,1,413630926.1177371,1767423389.3448303,1767423389.3448303,1.0,0.0,31.763956000000004,115.924372,Anhui Jin an Stainless Steel Casting Co Ltd,31.763956,115.924372,0.0,0.0
Kishiwada Steel Co Ltd,1,1,500.0,0.0,1,1,Japan,Asia Pacific,69.22,1,38442254742.5372,1130483222701.9724,1130483222701.9724,1.0,0.0,34.477479,135.353918,Kishiwada Steel Osaka steel plant,34.477479,135.353918,0.0,0.0
Linyi Meide Gengchen Metal Materials Co Ltd,1,1,500.0,0.0,1,1,China,Asia Pacific,8.55,1,374021532.01611346,9366600636.822311,9366600636.822311,1.0,0.0,35.188667,119.08704800000001,Linyi Meide Gengchen Metal Materials Co Ltd,35.188667,119.087048,0.0,0.0
Huainan Hongtai Steel Limited Liability Co,1,1,500.0,0.0,1,1,China,Asia Pacific,25.0,1,4888696838.2685,65476653284.12364,65476653284.12364,1.0,0.0,32.619248,116.90586900000001,Huainan Hongtai Iron and Steel Co Ltd,32.619248,116.905869,0.0,0.0
Acciaierie di Sicilia SpA,1,1,500.0,0.0,1,1,Italy,Europe,28.0,0,,,,0.0,0.0,37.438448,15.03287,Alfa Acciai Catania steel plant,37.438448,15.03287,0.0,0.0
Corporación AG SA,1,1,500.0,0.0,1,1,Guatemala,Central & South America,32.0,0,,,,0.0,0.0,14.232007,-90.815444,AG Sidegua Masagua steel plant,14.232007,-90.815444,0.0,0.0
Anhui Jingxian Longxin Iron and Steel Co Ltd,1,1,500.0,0.0,1,1,China,Asia Pacific,18.0,1,271114715.91688704,2196595135.9770145,2196595135.9770145,1.0,0.0,30.709058000000002,118.436638,Anhui Jingxian Longxin Iron and Steel Co Ltd,30.709058,118.436638,0.0,0.0
VAS Steel Tue Minh JSC,1,1,500.0,0.0,1,1,Vietnam,Asia Pacific,10.0,0,,,,0.0,0.0,11.113343000000002,106.831064,VAS Tue Minh Steel Binh Duong plant,11.113343,106.831064,1.7683101649623721e-13,1.7683101649623721e-13
AFA Steel,1,1,500.0,0.0,1,1,Iran,Middle East,5.0,0,,,,0.0,0.0,46.843697,46.843697000000006,Amir Azerbaijan Steel plant,46.843697,46.843697,4.838032628372007e-13,4.838032628372007e-13
Guizhou Hexing Metal Products Co Ltd,1,1,500.0,0.0,1,1,China,Asia Pacific,14.0,1,30310794.301979743,3455499460.19621,3455499460.19621,1.0,0.0,26.509525,107.570458,Guizhou Hexing Steel Co Ltd,26.509525,107.570458,0.0,0.0
Guangdong Zhanhong Steel Plant,1,1,500.0,0.0,1,1,China,Asia Pacific,23.0,1,33770610.58382256,3399610467.613826,3399610467.613826,1.0,0.0,23.037858,114.97059300000001,Guangdong Zhanhong Steel Plant,23.037858,114.970593,0.0,0.0
Guangdong Yueshao Iron & Steel Co Ltd,1,1,500.0,0.0,1,1,China,Asia Pacific,12.48,1,2904267538.2436757,29193323470.920216,29193323470.920216,1.0,0.0,24.688355,113.657408,Guangdong Yueshao Iron & Steel Co Ltd,24.688355,113.657408,0.0,0.0
Hubei Dazhan Steel & Iron Co Ltd,1,1,500.0,0.0,1,1,China,Asia Pacific,33.0,1,600972460.8080096,20741116448.488346,20741116448.488346,1.0,0.0,31.006752,113.754995,Hubei Dazhan Iron and Steel Co Ltd,31.006752,113.754995,0.0,0.0
Ada - Aceria De Angola SA,1,1,500.0,0.0,1,1,Angola,Africa,11.0,0,,,,0.0,0.0,-8.5824,13.405271000000003,Aceria Angola Bengo steel plant,-8.5824,13.405271,1.7485091022746082e-13,1.7485091022746082e-13
Viet Nhat Advanced Steel JSC,1,1,500.0,0.0,1,1,Vietnam,Asia Pacific,16.0,0,,,,0.0,0.0,20.905530000000002,106.628701,Viet Nhat VJS Nam Cau Kien steel plant,20.90553,106.628701,3.5366203299247443e-13,3.5366203299247443e-13
Liaoyang Xinyi Special Steel Co Ltd,1,1,500.0,0.0,1,1,China,Asia Pacific,17.2,1,4381066890.384275,175839242653.02917,175839242653.02917,1.0,0.0,41.22500300000001,122.970488,Liaoyang Xinyi Special Steel Co Ltd,41.225003,122.970488,7.073240659849489e-13,7.073240659849489e-13
StavStal' LLC,1,1,500.0,0.0,1,1,Russia,Eurasia,10.0,0,,,,0.0,0.0,44.688323,41.92733100000001,StavStal Metallurgical Plant,44.688323,41.927331,5.028669607676834e-13,5.028669607676834e-13
Adhunik Metaliks Ltd,1,1,500.0,0.0,1,1,India,Asia Pacific,22.81,1,721177173.7528095,9523780056.89265,9523780056.89265,1.0,0.0,22.308371,84.763584,Adhunik Metaliks Kuanrmunda steel plant,22.308371,84.763584,0.0,0.0
Metalfer Steel Mill Sremska Mitrovica doo,1,1,500.0,0.0,1,1,Serbia,Europe,18.0,0,,,,0.0,0.0,44.977213,19.646009999999997,Metalfer Sremska Mitrovica steel plant,44.977213,19.64601,2.5017625959383977e-13,2.5017625959383977e-13
Megasider Zaragoza SA,1,1,500.0,0.0,1,1,Spain,Europe,68.0,0,,,,0.0,0.0,41.56988,-0.8565659999999999,Megasider Zaragoza steel plant,41.56988,-0.856566,8.268474751542047e-15,8.268474751542047e-15
Lao Cai Cast Iron and Steel,1,1,500.0,0.0,1,1,Vietnam,Asia Pacific,12.0,0,,,,0.0,1.0,22.306931,104.12992,Lao Cai Cast Iron and Steel Tang Long plant,22.306931,104.12992,0.0,0.0
GLGH Steel LLC,1,1,500.0,0.0,1,1,Romania,Europe,255.0,0,,,,0.0,0.0,45.293492,21.902409999999996,GLGH Resita steel plant,45.293492,21.90241,2.48792552559499e-13,2.48792552559499e-13
Delta Steel Mills Co,1,1,500.0,0.0,1,1,Egypt,Africa,79.0,0,,,,0.0,0.0,30.11843000000001,31.281264000000004,Delta Steel Mill Al Qalyubia plant,30.11843,31.281264,9.35222531958115e-13,9.35222531958115e-13
Qinyang Hongda Iron & Steel Co Ltd,1,1,500.0,2000.0,1,1,China,Asia Pacific,23.0,1,514258504.00895184,18519740255.656933,18519740255.656933,1.0,0.0,35.184849,112.902248,Qinyang Hongda Iron & Steel Co Ltd,35.184849,112.902248,0.0,0.0
Rashmi Metaliks Ltd,2,1,498.0,2832.0,1,1,India,Asia Pacific,22.0,2,2729308041.8371925,36894824742.625786,14156809346.93149,1.0,0.0,22.360664,87.295932,Rashmi Metaliks Kharagpur steel plant,22.360664,87.295932,151.28941680421508,0.0
Qianxinan Prefecture Juxin Industry & Trade General Co,1,1,490.0,500.0,1,1,China,Asia Pacific,33.0,1,259782939.28469855,12506479309.22539,12506479309.22539,1.0,0.0,25.150857,105.041722,Guizhou Juxin Iron and Steel Group Co Ltd,25.150857,105.041722,0.0,0.0
Mukand Sumi Special Steel Ltd,1,1,450.0,250.0,1,1,India,Asia Pacific,4.55,1,208281204.80950305,2855801307.3903904,2855801307.3903904,1.0,0.0,15.328975999999997,76.258613,Mukand Sumi Special Steel Hospet steel plant,15.328976,76.258613,3.5366203299247443e-13,3.5366203299247443e-13
Agha Steel Industries Ltd,1,1,450.0,0.0,1,1,Pakistan,Asia Pacific,14.14,0,,,,0.0,0.0,24.841851,67.310159,Agha Steel Industries Karachi plant,24.841851,67.310159,0.0,0.0
Shyam Steel Industries Ltd,1,1,420.0,1540.0,1,1,India,Asia Pacific,2.0,1,363171012.67553264,43308663375.96125,43308663375.96125,1.0,0.0,23.590211999999998,86.724603,Shyam Steel Raghunathpur steel plant,23.590212,86.724603,3.5366203299247443e-13,3.5366203299247443e-13
Myanmar Economic Corp,1,1,400.0,0.0,1,1,Myanmar,Asia Pacific,,0,,,,0.0,0.0,21.377652000000005,95.372079,Myingyan Myanmar steel plant,21.377652,95.372079,3.5366203299247443e-13,3.5366203299247443e-13
Mashiz Bardsir Steel Industries Co,1,1,400.0,200.0,1,1,Iran,Middle East,36.0,0,,,,0.0,0.0,29.948687999999997,56.732593,Mashiz Steel Industries Bardsir steel plant,29.948688,56.732593,7.073240659849489e-13,7.073240659849489e-13
Xinjiang Xin'an Special Steel Co Ltd,1,1,400.0,0.0,1,1,China,Asia Pacific,14.3,1,2447855.543441533,739642083.1246698,739642083.1246698,1.0,0.0,44.290299000000005,86.595826,Xinjiang Xinan Special Steel Co Ltd,44.290299,86.595826,7.073240659849489e-13,7.073240659849489e-13
Ozmert Algeria SARL,1,1,390.0,0.0,1,1,Algeria,Africa,3.0,0,,,,0.0,0.0,35.47858000000001,-0.6213899999999999,Ozmert Algeria steel plant,35.47858,-0.62139,7.073813211288711e-13,7.073813211288711e-13
MSP Steel & Power Ltd,1,1,385.0,788.0,1,1,India,Asia Pacific,24.0,1,122199505.11316605,2274197610.7819576,2274197610.7819576,1.0,0.0,21.876729999999995,83.554495,MSP Steel & Power Raigarh plant,21.87673,83.554495,3.5366203299247443e-13,3.5366203299247443e-13
Action Ispat and Power Pvt Ltd,1,1,375.0,7125.0,1,1,India,Asia Pacific,,1,645075019.3542067,6421397393.391682,6421397393.391683,1.0,0.0,21.839759,83.982227,Action Ispat and Power Jharsuguda steel plant,21.839759,83.982227,0.0,0.0
Faizan Steel,1,1,365.0,183.0,1,1,Pakistan,Asia Pacific,16.0,0,,,,0.0,0.0,24.897651999999997,66.985678,Faizan Steel Karachi steel plant,24.897652,66.985678,3.5366203299247443e-13,3.5366203299247443e-13
Al Qaryan Steel Co,1,1,350.0,300.0,1,1,Saudi Arabia,Middle East,9.0,0,,,,0.0,0.0,26.280741,49.956755,Al Qaryan steel plant,26.280741,49.956755,0.0,0.0
Donalam SRL,1,1,300.0,300.0,1,1,Romania,Europe,53.0,0,,,,0.0,0.0,44.904569,25.458124,AFV Donalam Targoviste steel plant,44.904569,25.458124,0.0,0.0
Marcegaglia Stainless Sheffield Ltd,1,1,300.0,550.0,1,1,United Kingdom,Europe,49.0,0,,,,0.0,0.0,53.399598,-1.395818,Marcegaglia Sheffield steel plant,53.399598,-1.395818,0.0,0.0
Thai Nguyen Iron And Steel JSC,1,1,300.0,500.0,1,1,Vietnam,Asia Pacific,63.0,0,,,,0.0,0.0,21.557483999999995,105.8728,Thai Nguyen Iron and Steel plant,21.557484,105.8728,3.5366203299247443e-13,3.5366203299247443e-13
NR Ispat and Power Pvt Ltd,1,1,297.0,415.0,1,1,India,Asia Pacific,18.0,1,155299189.2988411,3861128082.648711,3861128082.648711,1.0,0.0,22.013086000000005,83.330372,N R Ispat and Power Raigarh steel plant,22.013086,83.330372,3.5366203299247443e-13,3.5366203299247443e-13
Jai Balaji Industries Ltd,2,1,295.0,1028.0,1,1,India,Asia Pacific,17.0,2,675745315.8269312,15079909300.596626,15432771688.125212,1.0,0.0,23.483075,87.35218900000001,Jai Balaji Durgapur Unit IV steel plant,23.483075,87.352189,1.830329777595835,1.2974838948986233e-12
Welspun Corp Ltd,1,1,288.0,4850.0,1,1,India,Asia Pacific,22.0,1,786684238.6823866,5161848237.772778,5161848237.772778,1.0,0.0,23.112780999999995,70.08668850000001,Welspun Metallics Anjar Steel plant,23.112781,70.0866885,1.3483092527612378e-12,1.3483092527612378e-12
Chongqing Yuxi Iron & Steel (Group) Co Ltd,1,1,260.0,0.0,1,1,China,Asia Pacific,25.97,1,157576554.0679347,16288009217.61912,16288009217.61912,1.0,0.0,29.488759,105.862658,Chongqing Yuxi Iron & Steel (Group) Co Ltd,29.488759,105.862658,0.0,0.0
Arian Steel Co,1,1,240.0,550.0,1,1,Iran,Middle East,25.0,0,,,,0.0,0.0,35.744901,50.222553000000005,Arian Steel Fath Abad plant,35.744901,50.222553,5.740825837507735e-13,5.740825837507735e-13
Linzhou Hexin Foundry Co Ltd,1,1,240.0,0.0,1,1,China,Asia Pacific,20.47,1,1250100343.4634068,11509731857.480473,11509731857.480473,1.0,0.0,36.11274199999999,113.861135,Linzhou Hexin Foundry Co Ltd,36.112742,113.861135,7.073240659849489e-13,7.073240659849489e-13
Captain Steel India Ltd,2,1,208.0,1144.0,1,1,India,Asia Pacific,2.0,2,1860795451.2235923,30245863541.44293,57609016229.041954,1.0,0.0,23.782149607591688,86.83591234561024,Captain Steel Debipur steel plant,23.782149607591688,86.83591234561024,115.37426330932384,0.0
Empresa Siderúrgica del Mutún SA,1,1,200.0,500.0,1,1,Bolivia,Central & South America,0.97,0,,,,0.0,0.0,-19.137325000000004,-57.880605,ESM Mutún steel plant,-19.137325,-57.880605,3.5366203299247443e-13,3.5366203299247443e-13
Government of Tunisia,1,1,200.0,400.0,1,1,Tunisia,Africa,64.0,0,,,,0.0,0.0,37.137629999999994,9.812809999999999,El Fouladh Steel Plant,37.13763,9.81281,7.6144249243562e-13,7.6144249243562e-13
Shyam Steel Manufacturing Ltd,1,1,126.0,490.0,1,1,India,Asia Pacific,,1,675556161.7232339,41512101570.62889,41512101570.62889,1.0,0.0,23.564157,87.089552,Shyam Steel Mejia steel plant,23.564157,87.089552,0.0,0.0
Yazdani Steel and Power Ltd,1,1,110.0,1080.0,1,1,India,Asia Pacific,23.0,1,864289310.3874147,7776768014.566373,7776768014.566373,1.0,0.0,20.928284999999992,86.036604,Yazdani Steel and Power Kalinganagar steel plant,20.928285,86.036604,7.073240659849489e-13,7.073240659849489e-13
Orissa Sponge Iron and Steel Ltd,1,1,101.0,600.0,1,1,India,Asia Pacific,31.0,1,55597769.29395994,1302955103.9932194,1302955103.9932194,1.0,0.0,21.801994000000004,85.56751,Orissa Sponge Iron and Steel plant,21.801994,85.56751,3.5366203299247443e-13,3.5366203299247443e-13
Nilachal Iron & Power Ltd,1,1,99.0,200.0,1,1,India,Asia Pacific,24.0,1,631216996.6196955,14655088141.728558,14655088141.728558,1.0,0.0,22.87486299999999,86.063646,Nilachal Iron & Power Gamharia steel plant,22.874863,86.063646,1.0609860989774233e-12,1.0609860989774233e-12
Crest Steel and Power Pvt Ltd,1,1,96.0,1046.0,1,1,India,Asia Pacific,21.13,1,1306781871.7744355,17090493954.36325,17090493954.36325,1.0,0.0,21.190313,81.19922,Crest Steel and Power Mangatta steel plant,21.190313,81.19922,0.0,0.0
Jai Balaji Jyoti Steels Ltd,1,1,92.0,330.0,1,1,India,Asia Pacific,23.0,1,94945328.67570616,8894481787.265089,8894481787.265089,1.0,0.0,22.085338,84.86184,Jai Balaji Jyoti Steels Sundargarh plant,22.085338,84.86184,0.0,0.0
Kaavian Steel Co,1,1,35.0,700.0,1,1,Iran,Middle East,25.0,0,,,,0.0,0.0,31.283549,48.572468,Kaavian Steel Khouzestan plant,31.283549,48.572468,0.0,0.0
Weining Hengchang Furnace Charge & Casting Co Ltd,1,0,0.0,0.0,1,1,China,Asia Pacific,21.69,1,21953226.651415624,1844144744.3203568,,1.0,,26.783556,104.394517,Weining Hengchang Furnace Charge & Casting Co Ltd,26.783556,104.394517,0.0,0.0
Atibir Industries Co Ltd,1,0,0.0,600.0,1,1,India,Asia Pacific,17.0,1,510655890.86209947,4888810191.260041,,1.0,,24.145239000000004,86.334999,Atibir Industries Bhorandiha steel plant,24.145239,86.334999,3.5366203299247443e-13,3.5366203299247443e-13
Huangshi Xingang Heavy Industry Technology Co Ltd,1,0,0.0,2250.0,1,1,China,Asia Pacific,2.0,1,69794425.23817413,10557078305.382196,,1.0,,30.097108,115.28465200000001,Huangshi Xingang Heavy Industry Technology Co Ltd,30.097108,115.284652,0.0,0.0
Van Merksteijn International BV,1,0,0.0,580.0,1,1,Netherlands,Europe,,0,,,,0.0,,53.440581,6.844773,Van Merksteijn International steel plant,53.440581,6.844773,0.0,0.0
Xindia Steels Ltd,1,0,0.0,0.0,1,1,India,Asia Pacific,,1,185356174.34875867,2889703798.4029384,,1.0,,15.293421,76.234947,Xindia Steels Koppal plant,15.293421,76.234947,0.0,0.0
Zibo Qilin Fushan Steel Co Ltd,1,0,0.0,0.0,1,1,China,Asia Pacific,18.33,1,5698841287.0221615,128050471588.71373,,1.0,,36.887998,118.145416,Zibo Qilin Fushan Iron and Steel Co Ltd,36.887998,118.145416,0.0,0.0
Azerbaijan Integrated Steel Mill Complex,1,0,0.0,0.0,1,1,Azerbaijan,Eurasia,,0,,,,0.0,,40.721908,46.36352599999999,Azerbaijan Integrated Steel Mill Complex,40.721908,46.363526,5.360702573424589e-13,5.360702573424589e-13
Vardhman Special Steels Limited,1,0,0.0,500.0,1,1,India,Asia Pacific,,1,2490777403.6033077,25439001955.699738,,1.0,,30.890103,75.908673,Vardhman Special Steels Ludhiana steel plant,30.890103,75.908673,0.0,0.0
Ajaokuta Steel Co Ltd,1,0,0.0,1300.0,1,1,Nigeria,Africa,,0,,,,0.0,,7.511336,6.689364000000001,Ajaokuta Steel plant,7.511336,6.689364,8.765681630085346e-14,8.765681630085346e-14
Aktobe Generatsiya LLC,1,0,0.0,818.0,1,1,Kazakhstan,Eurasia,0.05,0,,,,0.0,,50.355117,57.145119,Aktobe Generatsiya steel plant,50.355117,57.145119,0.0,0.0
Xiangfen County Xingyuan Steel Group Co Ltd,1,0,0.0,0.0,1,1,China,Asia Pacific,20.2,1,643103075.7903618,19056212538.259308,,1.0,,35.880324,111.387956,Xiangfen County Xingyuan Steel Group Co Ltd,35.880324,111.387956,0.0,0.0
Yildizlar Yatirim Holding AŞ,1,0,0.0,4000.0,1,1,Türkiye,Europe,0.0,0,,,,0.0,,40.870332999999995,29.557670000000005,Yildiz Iron and Steel Kocaeli plant,40.870333,29.55767,7.073240659849489e-13,7.073240659849489e-13
Tata Steel UK Ltd,1,0,0.0,3200.0,1,1,United Kingdom,Europe,121.0,0,,,,0.0,,51.57736800000001,-3.783013,Tata Steel Port Talbot steel plant,51.577368,-3.783013,7.073240659849489e-13,7.073240659849489e-13
Tekhnologicheskiye Investitsii LLC,1,0,0.0,0.0,1,1,Ukraine,Europe,24.0,0,,,,0.0,,47.982276000000006,37.810634,Donetsk Metallurgical Plant,47.982276,37.810634,7.073240659849489e-13,7.073240659849489e-13
African Natural Resources & Mines Ltd,1,0,0.0,1000.0,1,1,Nigeria,Africa,1.45,0,,,,0.0,,9.462715,7.3679999999999986,African Natural Resources and Mines Kaduna steel plant,9.462715,7.368,1.7442484091732272e-13,1.7442484091732272e-13
Vale SA,1,0,0.0,0.0,1,1,Brazil,Central & South America,1.0,0,,,,0.0,,-5.408654,-49.103539,Vale Tecnored Marabá iron plant,-5.408654,-49.103539,0.0,0.0
Wu'an Yongcheng Zhuye Co Ltd,1,0,0.0,0.0,1,1,China,Asia Pacific,19.0,1,188809636.46592227,20162046027.31632,,1.0,,36.660278,113.993995,Wu'an Yongcheng Zhuye Co Ltd,36.660278,113.993995,0.0,0.0
Xiangfen County XinJinShan Special Steel Co Ltd,1,0,0.0,0.0,1,1,China,Asia Pacific,23.06,1,517374334.2584018,35543973253.6423,,1.0,,35.934831,111.49707,Xiangfen County Xinjinshan Special Steel Co Ltd,35.934831,111.49707,0.0,0.0
Vedanta Iron and Steel Ltd,1,0,0.0,0.0,1,1,India,Asia Pacific,34.0,1,607137556.302787,8358368004.412623,,1.0,,15.526866,73.986671,Vedanta Sesa Goa Pig Iron Plant,15.526866,73.986671,0.0,0.0
Tata Metaliks Ltd,1,0,0.0,0.0,1,1,India,Asia Pacific,36.0,1,2985882028.961829,14177735291.438112,,1.0,,22.385611,87.287179,Tata Metaliks Kharagpur steel plant,22.385611,87.287179,0.0,0.0
VinMetal Joint Stock Company JSC,1,0,0.0,500.0,1,1,Vietnam,Asia Pacific,,0,,,,0.0,,18.353226,105.903042,VinMetal Ha Tinh steel plant,18.353226,105.903042,0.0,0.0
Antara Steel Mills Sdn Bhd,1,0,0.0,0.0,1,1,Malaysia,Asia Pacific,42.0,0,,,,0.0,,5.253839,115.24271700000001,Esteel Antara Labuan iron plant,5.253839,115.242717,0.0,0.0
Xinjiang Bayi Steel Southern Xinjiang Steel Baicheng Co Ltd,1,0,0.0,0.0,1,1,Cambodia,Asia Pacific,,0,,,,0.0,,11.567030000000003,104.863893,China Baowu Phnom Penh steel plant,11.56703,104.863893,1.7683101649623721e-13,1.7683101649623721e-13
Çağ Çelik Iron and Steel Inc,1,0,0.0,1000.0,1,1,Türkiye,Europe,,0,,,,0.0,,41.23542,32.645679,Cag Celik steel plant,41.23542,32.645679,0.0,0.0
Hebei PROVINCE Longfengshan Casting Industry Co Ltd,1,0,0.0,0.0,1,1,China,Asia Pacific,27.0,1,2791499561.2492723,22972835380.658295,,1.0,,36.705105,114.105387,Hebei Longfengshan Casting Co Ltd,36.705105,114.105387,0.0,0.0
Tangshan Jianlong Steel SPECIAL Steel Co Ltd,1,0,0.0,0.0,1,1,China,Asia Pacific,20.0,1,3405149508.8777,6696341161.225805,,1.0,,40.16768600000001,117.964004,Tangshan Jianlong Special Steel Co Ltd,40.167686,117.964004,7.073240659849489e-13,7.073240659849489e-13
WISCO Group Xiangyang Heavy Equipment MATERIALS Co Ltd,1,0,0.0,0.0,1,1,China,Asia Pacific,27.0,1,6115679576.442959,63284746767.76681,,1.0,,32.10704,112.235621,WISCO Group Xiangyang Heavy Equipment Materials Co Ltd,32.10704,112.235621,0.0,0.0
Al Atoun Steel Industries,1,0,0.0,0.0,1,1,Saudi Arabia,Middle East,,0,,,,0.0,,24.029,38.180077,Al Atoun Yanbu steel plant,24.029,38.180077,0.0,0.0
Tangshan Jinma Iron & Steel Group Co Ltd,1,0,0.0,0.0,1,1,China,Asia Pacific,12.0,1,1872854078.2187674,91786528578.46619,,1.0,,39.700499,118.45677500000001,Tangshan Jinma Steel Group Co Ltd,39.700499,118.456775,0.0,0.0
Vulcan Green Steel LLC,1,0,0.0,3000.0,1,1,Nigeria,Africa,,0,,,,0.0,,9.082,8.675300000000002,Vulcan Green Steel Nigeria plant,9.082,8.6753,1.7461416470488736e-13,1.7461416470488736e-13
Anshan Iron and Steel Group Co Ltd,1,0,0.0,0.0,1,1,Indonesia,Asia Pacific,,0,,,,0.0,,-4.244263,122.37122100000002,Anshan Iron and Steel Central Sulawesi steel plant,-4.244263,122.371221,0.0,0.0
Xinjiang Kunyu Lron & Steel Co Ltd,1,0,0.0,0.0,1,1,China,Asia Pacific,14.72,1,499486217.0650745,11889550874.64272,,1.0,,44.404189,84.966753,Xinjiang Kunyu Iron and Steel Co Ltd,44.404189,84.966753,0.0,0.0
BPA Metallics Pvt Ltd,1,0,0.0,613.0,1,1,India,Asia Pacific,,1,400367384.08294696,3990742828.780345,,1.0,,21.926992999999996,83.374089,BPA Metallics Raigarh steel plant,21.926993,83.374089,3.5366203299247443e-13,3.5366203299247443e-13
Yichang Fulong Iron & Steel Co Ltd,1,0,0.0,0.0,1,1,China,Asia Pacific,,1,3382709142.716387,40350607236.31746,,1.0,,30.586332,111.398846,Yichang Fulong Iron and Steel Co Ltd,30.586332,111.398846,0.0,0.0
Tangshan Stainless Steel Co Ltd,2,0,0.0,0.0,1,1,China,Asia Pacific,23.0,2,1009690044.964777,28437464402.551094,,1.0,,39.44559952955509,118.44862959395766,Tangshan Stainless Steel Co Ltd,39.160401,118.429806,31.75400601350992,31.75400601350992
Vina Roma Quang Tri Steel JSC,1,0,0.0,4500.0,1,1,Vietnam,Asia Pacific,,0,,,,0.0,,16.756559000000003,107.329547,Vina Roma Quang Tri steel plant,16.756559,107.329547,7.073240659849489e-13,7.073240659849489e-13
Azna Steel,1,0,0.0,1900.0,1,1,Iran,Middle East,5.97,0,,,,0.0,,33.464353,49.391373,Azna Steel Lorestan plant,33.464353,49.391373,0.0,0.0
Tangshan Xinbaotai Iron & Steel Co Ltd,1,0,0.0,0.0,1,1,China,Asia Pacific,19.0,1,597616844.3023248,46917457212.68396,,1.0,,39.861425000000004,118.03667,Tangshan Xinbaotai Iron and Steel Co Ltd,39.861425,118.03667,7.073240659849489e-13,7.073240659849489e-13
Weglokoks Stal SP zoo,1,0,0.0,0.0,1,1,Poland,Europe,,0,,,,0.0,,50.289858,18.874413999999998,Weglokoks Ruda Slaska steel plant,50.289858,18.874414,2.2595608749784727e-13,2.2595608749784727e-13
Alton Steel Inc,1,0,0.0,0.0,1,1,United States,North America,23.0,0,,,,0.0,,38.884465,-90.14579,Alton Steel plant,38.884465,-90.14579,0.0,0.0
Azerbaijan Metal Company LLC,1,0,0.0,0.0,1,1,Azerbaijan,Eurasia,,0,,,,0.0,,40.8217502,46.01700670000001,Azerbaijan Metal Company Shamkir HBI plant,40.8217502,46.0170067,5.352653327204823e-13,5.352653327204823e-13
Hebei Xinfeng High-pressure Flange and Pipe Fitting Co Ltd,1,0,0.0,2000.0,1,1,Egypt,Africa,,0,,,,0.0,,29.70761100000001,32.28672000000001,Hebei Xinfeng Suez Canal Economic Zone steel complex,29.707611,32.28672,9.368790581164295e-13,9.368790581164295e-13
Tanshan Iron and Steel,1,0,0.0,0.0,1,1,North Korea,Asia Pacific,,0,,,,0.0,,40.67524,129.201745,Tangshan Iron and Steel Kim Chaek plant,40.67524,129.201745,0.0,0.0
Wuan Mingfang Iron & Steel Co Ltd,1,0,0.0,0.0,1,1,China,Asia Pacific,37.0,1,6917400988.421546,69987899829.69107,,1.0,,36.710754,114.207855,Wu an Mingfang Iron and Steel Co Ltd,36.710754,114.207855,0.0,0.0
Uttam Galva Ferous Ltd,1,0,0.0,6000.0,1,1,India,Asia Pacific,,1,354990517.4078579,4519592959.189082,,1.0,,15.184612999999997,76.824905,Uttam Galva Ferrous Bellary steel plant,15.184613,76.824905,3.5366203299247443e-13,3.5366203299247443e-13
Tangshan GUOYI SPECIAL Steel Co Ltd,1,0,0.0,0.0,1,1,China,Asia Pacific,16.0,1,1597397963.2435653,125914337536.63995,,1.0,,39.659153,118.41148800000002,Tangshan Guoyi Special Type Iron and Steel Co Ltd,39.659153,118.411488,0.0,0.0
Ussuri Capital,1,0,0.0,1200.0,1,1,Romania,Europe,,0,,,,0.0,,44.133338,28.640009999999997,Ussuri Capital Romania steel plant,44.133338,28.64001,2.53830757771713e-13,2.53830757771713e-13
Xuzhou Baofeng Special Steel Co Ltd,1,0,0.0,0.0,1,1,China,Asia Pacific,11.94,1,1369908468.9113462,121674889947.54337,,1.0,,34.364872000000005,117.32263300000001,Xuzhou Baofeng Special Steel Co Ltd,34.364872,117.322633,1.4146481319698977e-12,1.4146481319698977e-12
Yunnan Qujing Iron & Steel Group Yue Steel Iron & Steel Co Ltd,1,0,0.0,0.0,1,1,China,Asia Pacific,56.0,1,135064897.5047968,11173900847.72073,,1.0,,25.304544,103.889418,Yunnan Qujing Iron & Steel Group Yue Steel Iron & Steel Co Ltd,25.304544,103.889418,0.0,0.0
Tianjin Tianzhong Giant Heavy Industry Co Ltd,1,0,0.0,0.0,1,1,China,Asia Pacific,20.51,1,1572778754.3996863,14504012305.231407,,1.0,,39.501442,118.71955400000002,Tianjin Tianzhong Giant Heavy Industry Co Ltd,39.501442,118.719554,0.0,0.0
Ardakan Steel Complex Co,1,0,0.0,1000.0,1,1,Iran,Middle East,14.0,0,,,,0.0,,32.373942,53.759655,Ardakan Steel Yazd plant,32.373942,53.759655,0.0,0.0
Yuxi Xinxing Iron & Steel Co Ltd,1,0,0.0,0.0,1,1,China,Asia Pacific,22.06,1,204193710.09956524,20694712598.905106,,1.0,,24.249023999999995,102.521747,WISCO Group Kunming Steel Co Ltd Yuxi Xinxing Steel Company,24.249024,102.521747,3.5366203299247443e-13,3.5366203299247443e-13
Yuxi Iron and Steel Group Zhenfei Iron and Steel Co Ltd,1,0,0.0,1110.0,1,1,China,Asia Pacific,6.46,1,106654789.90736285,4794889713.000852,,1.0,,24.074756000000004,102.76598300000002,Yuxi Iron and Steel Group Zhenfei Iron and Steel Co Ltd,24.074756,102.765983,1.3391380488008159e-12,1.3391380488008159e-12
Huangshi Xinxing Pipe Industry Co Ltd,1,0,0.0,0.0,1,1,China,Asia Pacific,17.64,1,4262753872.987659,65700134862.89569,,1.0,,30.181392999999993,114.944879,"Huangshi Xinxing Pipe Industry Co., Ltd.",30.181393,114.944879,7.073240659849489e-13,7.073240659849489e-13
Tongshan Liguo Iron and Steel Co Ltd,1,0,0.0,0.0,1,1,China,Asia Pacific,19.58,1,261090607.59518936,10876233654.996319,,1.0,,34.55486,117.327039,Tongshan Liguo Iron and Steel Co Ltd,34.55486,117.327039,0.0,0.0
Xuzhou TaiFa Special Steel Technology Co Ltd,1,0,0.0,0.0,1,1,China,Asia Pacific,16.0,1,279149401.67212856,94087654447.62616,,1.0,,34.448514,117.27187599999999,Xuzhou Taifa Special Steel Group Co Ltd,34.448514,117.271876,0.0,0.0
Xuan Thien Group JSC,2,0,0.0,9500.0,1,1,Vietnam,Asia Pacific,,0,,,,0.0,,20.23841584013244,106.14488926746297,Xuan Thien Nam Dinh steel plant,20.439025,106.162134,22.379095027222146,22.379095027221773
UMB Steel SRL,2,0,0.0,0.0,1,1,Romania,Europe,185.5,0,,,,0.0,,45.62442829568344,22.627511787249595,Otelu Rosu steel plant,45.512949,22.339896,25.591287912107223,25.591287912107223
Tianjin Teda Investment Holdings Co Ltd; DELONG Steel Ltd,1,0,0.0,10000.0,1,1,Saudi Arabia,Middle East,,0,,,,0.0,,25.0,44.99999999999999,TEDA Delong Saudi Arabia steel plant,25.0,45.0,6.410533089605844e-13,6.410533089605844e-13
Tosyali Iron and Steel Angola SA; Sonangol EP,1,0,0.0,1000.0,1,1,Angola,Africa,,0,,,,0.0,,-15.263743,16.065494,Tosyali Sonangol Kassinga Iron and Steel plant,-15.263743,16.065494,0.0,0.0
Wugang Zhongjia Iron & Steel Co Ltd,1,0,0.0,0.0,1,1,China,Asia Pacific,24.0,1,642394331.888709,5882609232.865211,,1.0,,33.29175000000001,113.458011,Wugang Zhongjia Iron and Steel Co Ltd,33.29175,113.458011,7.073240659849489e-13,7.073240659849489e-13
Yunnan Qujing Iron and Steel Group Yanggang Iron and Steel Co Ltd,1,0,0.0,1400.0,1,1,China,Asia Pacific,4.89,1,135064897.5047968,11143526487.14486,,1.0,,25.308777,103.87639100000001,Yunnan Qujing Iron and Steel Group Yanggang Iron and Steel Co Ltd,25.308777,103.876391,1.2788660638003151e-12,1.2788660638003151e-12
Tosyali Sulb Steel Industries Joint Company,1,0,0.0,2700.0,1,1,Libya,Africa,,0,,,,0.0,,32.18180000000001,20.124361,Tosyali-SULB Benghazi steel plant,32.1818,20.124361,7.073240659849489e-13,7.073240659849489e-13
Andrade Valladares Engenharia e Construcao Ltda,1,0,0.0,0.0,1,1,Brazil,Central & South America,38.0,0,,,,0.0,,-4.887876999999999,-47.392157,Viena Açailândia iron works,-4.887877,-47.392157,8.841550824811861e-14,8.841550824811861e-14
Wuhan Shunle Stainless Steel Co Ltd,1,0,0.0,0.0,1,1,China,Asia Pacific,27.0,1,11843724400.76606,500124516336.5327,,1.0,,30.394434,114.257701,Wuhan Shunle Stainless Steel Co Ltd,30.394434,114.257701,0.0,0.0
Tosyalı Holding AŞ,2,0,0.0,4000.0,2,2,"Saudi Arabia, Türkiye",Middle East,16.0,0,,,,0.0,,32.44996757823796,42.99489583407888,Tosyali Ras Al Khair steel plant,27.544525,49.205538,809.1425628170772,809.142562817077
Xuanhua Iron and Steel Group Co Ltd,1,0,0.0,0.0,1,1,China,Asia Pacific,102.0,1,1534319950.0774214,22606855032.38993,,1.0,,40.589591000000006,115.09088899999999,Xuanhua Iron and Steel Group Co Ltd,40.589591,115.090889,7.073240659849489e-13,7.073240659849489e-13
Yunnan Qujing Shuangyou Iron and Steel Co Ltd,1,0,0.0,130.0,1,1,China,Asia Pacific,14.0,1,7472321818.171346,22671464730.300274,,1.0,,25.542180000000002,103.781041,Yunnan Qujing Shuangyou Iron and Steel Co Ltd,25.54218,103.781041,3.5366203299247443e-13,3.5366203299247443e-13
Tianjin Tianfeng Steel Co Ltd,1,0,0.0,0.0,1,1,China,Asia Pacific,19.12,1,805190129.0529438,136245998263.05939,,1.0,,38.83264200000001,117.102765,Tianjin Tianfeng Steel Co Ltd,38.832642,117.102765,7.073240659849489e-13,7.073240659849489e-13
Tianjin Rongcheng Group Tangshan Special Steel Co Ltd; Tangshan Zhengfeng Steel Co Ltd,1,0,0.0,500.0,1,1,China,Asia Pacific,2.2,1,2256673828.2882605,55350743231.76233,,1.0,,39.85271,118.18127899999999,Tianjin Rongcheng Group Tangshan Fengrun Special Steel Co Ltd,39.85271,118.181279,0.0,0.0
Altos Hornos de Mexico SAB de CV,1,0,0.0,0.0,1,1,Mexico,North America,82.0,0,,,,0.0,,26.876889,-101.416612,Altos Hornos De Mexico SA (AHMSA) steel plant,26.876889,-101.416612,0.0,0.0
Zhengzhou YONGTONG SPECIAL Steel Co Ltd,1,0,0.0,0.0,1,1,China,Asia Pacific,29.0,1,349309237.1561481,28438371237.69795,,1.0,,34.64442999999999,112.937985,Zhengzhou Yongtong Special Steel Co Ltd,34.64443,112.937985,7.073240659849489e-13,7.073240659849489e-13
Triangul Metals Tebinbulak JSC,2,0,0.0,1500.0,1,1,Uzbekistan,Eurasia,0.0,0,,,,0.0,,41.150990896964316,64.04786064387825,Metallurgical Cluster Gallaaral steel plant,40.012819,67.573496,323.48920309499937,323.48920309499863
Ahya Steel Folad Baft Co,1,0,0.0,0.0,1,1,Iran,Middle East,7.0,0,,,,0.0,,29.289109,56.490707,Ahya Steel Folad Baft Company DRI plant,29.289109,56.490707,0.0,0.0
Asia United Steel,1,0,0.0,1200.0,1,1,Kazakhstan,Eurasia,,0,,,,0.0,,43.60066199999999,76.317112,Asia United Steel plant,43.600662,76.317112,7.073240659849489e-13,7.073240659849489e-13
Yunnan Jingye Steel Co,1,0,0.0,0.0,1,1,China,Asia Pacific,2.5,1,59127258.8221577,9862079770.101097,,1.0,,25.023852000000005,102.31208600000001,Yunnan Jingye Steel Co Ltd,25.023852,102.312086,1.3297502758155549e-12,1.3297502758155549e-12
Amir Kabir Arak Steel Co,1,0,0.0,513.0,1,1,Iran,Middle East,,0,,,,0.0,,34.083379,49.75245099999999,Amirkabir Arak Steel plant,34.083379,49.752451,5.858220147771326e-13,5.858220147771326e-13
Hebei Wenfeng STEEL&IRON Co Ltd,1,0,0.0,0.0,1,1,China,Asia Pacific,20.0,1,1570133414.6514165,31558009494.65103,,1.0,,36.64577,114.12425800000001,Hebei Wenfeng Iron and Steel Co Ltd,36.64577,114.124258,1.1350301013324053e-12,1.1350301013324053e-12
Hebei Xinwuan Iron and Steel Group Co Ltd,1,0,0.0,10000.0,1,1,Malaysia,Asia Pacific,,0,,,,0.0,,3.586453,113.359851,Hebei Xin Wu an Steel Malaysia plant,3.586453,113.359851,0.0,0.0
Anyang Huixin Special Steel Co Ltd,1,0,0.0,0.0,1,1,China,Asia Pacific,21.0,1,3691623504.775808,75964836221.13367,,1.0,,36.152418,114.15839,Anyang Huixin Special Steel Co Ltd,36.152418,114.15839,0.0,0.0
Hebei Tianzhu IRON&STEEL (GROUP) Co Ltd,1,0,0.0,0.0,1,1,China,Asia Pacific,19.5,1,4568324809.945682,144001359518.67664,,1.0,,39.803523999999996,118.205663,Hebei Tianzhu Iron and Steel Group Co Ltd Fengrun Plant,39.803524,118.205663,7.073240659849489e-13,7.073240659849489e-13
Xiwang METAL Science Technology Co Ltd,1,0,0.0,0.0,1,1,China,Asia Pacific,14.01,1,1079457394.0062003,43933464738.779526,,1.0,,36.928208,117.69465400000001,Xiwang Metal Science Technology Co Ltd,36.928208,117.694654,0.0,0.0
Tianjin Rongcheng Group Tangshan Special Steel Co Ltd,1,0,0.0,0.0,1,1,China,Asia Pacific,21.0,1,9710283612.501226,134035400903.13374,,1.0,,39.551552,118.13799300000001,Tianjin Rongcheng Group Tangshan Special Steel Co Ltd,39.551552,118.137993,0.0,0.0
Wuxi Xinsanzhou Special Steel Co Ltd,1,0,0.0,0.0,1,1,China,Asia Pacific,39.84,1,11935089663.247892,449267726416.33374,,1.0,,31.681005,120.25178500000001,Wuxi Xinsanzhou Steel Co Ltd,31.681005,120.251785,0.0,0.0
Arvand Kaveh Steel Co,1,0,0.0,2000.0,1,1,Iran,Middle East,,0,,,,0.0,,30.505458,48.272024,Arvand Kaveh Steel Khoramshahr plant,30.505458,48.272024,0.0,0.0
Hebei Xinghua Iron and Steel Co Ltd,1,0,0.0,0.0,1,1,China,Asia Pacific,23.0,1,2791499561.2492723,23801981185.88883,,1.0,,36.744936,114.11160200000002,Hebei Xinghua Iron and Steel Co Ltd,36.744936,114.111602,1.133567014361383e-12,1.133567014361383e-12
Unitex Steel Mills Ltd,1,0,0.0,1000.0,1,1,Bangladesh,Asia Pacific,,0,,,,0.0,,22.945181999999996,91.512387,Unitex Steel Mills Feni steel plant,22.945182,91.512387,3.5366203299247443e-13,3.5366203299247443e-13
Anyang Xinpu Steel Co Ltd,1,0,0.0,0.0,1,1,China,Asia Pacific,20.41,1,17037663839.757977,85188376036.4182,,1.0,,36.163203,114.296223,Anyang Xinpu Steel Co Ltd,36.163203,114.296223,0.0,0.0
Abba Steel Ltd,1,0,0.0,3000.0,1,1,Namibia,Africa,1.0,0,,,,0.0,,-17.397866,15.891022,Abba Steel Ohangwena steel plant,-17.397866,15.891022,0.0,0.0
Huarui (Handan) Casting & Pipe Co Ltd,1,0,0.0,0.0,1,1,China,Asia Pacific,21.89,1,1340340843.3454995,30115898352.91372,,1.0,,36.561049,114.102793,Huarui (Handan) Casting & Pipe Co Ltd,36.561049,114.102793,0.0,0.0
Tianjin Metallurgy Group Zhasan Steel Co Ltd,1,0,0.0,0.0,1,1,China,Asia Pacific,11.3,1,805190129.0529438,66353473243.631996,,1.0,,38.825269,117.08849000000001,Tianjin Metallurgy Group Zhasan Steel Co Ltd,38.825269,117.08849,0.0,0.0
Honghe Iron and Steel Co Ltd,1,0,0.0,0.0,1,1,China,Asia Pacific,17.92,1,1145833787.5269697,13576165467.684381,,1.0,,23.470733000000003,103.272784,WISCO Group Kunming Steel Co Ltd Honghe Iron and Steel Company,23.470733,103.272784,3.5366203299247443e-13,3.5366203299247443e-13
ArcelorMittal SA; Société Nationale Industrielle et Minière SA,1,0,0.0,2500.0,1,1,Mauritania,Africa,,0,,,,0.0,,19.513798999999995,-10.553879,ArcelorMittal Mauritania green steel plant,19.513799,-10.553879,3.5366203299247443e-13,3.5366203299247443e-13
JSW Utkal Steel Ltd,1,0,0.0,13500.0,1,1,India,Asia Pacific,0.0,1,105160684.6244372,2838087446.0827904,,1.0,,20.216667000000005,86.55,JSW Utkal Steel Rajnagar plant,20.216667,86.55,7.073240659849489e-13,7.073240659849489e-13
Tangshan Fengnan Kaiheng Iron & Steel Co Ltd,1,0,0.0,0.0,1,1,China,Asia Pacific,21.0,1,307330756.7732362,103438117699.62515,,1.0,,39.46320000000001,118.24719100000002,Tangshan Fengnan Kaiheng Iron and Steel Co Ltd,39.4632,118.247191,7.073240659849489e-13,7.073240659849489e-13
Meghna Re-rolling and Steel Mills Ltd,1,0,0.0,1400.0,1,1,Bangladesh,Asia Pacific,,0,,,,0.0,,23.585487,90.648875,Meghna Re-rolling and Steel Mills steel plant,23.585487,90.648875,0.0,0.0
Moldova Steel Works JSC,1,0,0.0,0.0,1,1,Moldova,Europe,41.0,0,,,,0.0,,47.78377100000001,29.028350000000003,JSC Moldova Steel Works,47.783771,29.02835,7.073240659849489e-13,7.073240659849489e-13
Mitsui-Kobe Steel JV,1,0,0.0,0.0,1,1,Oman,Middle East,,0,,,,0.0,,19.529594,57.61573,Mitsui-Kobe Duqm DRI plant,19.529594,57.61573,0.0,0.0
Mintal Group Co Ltd,1,0,0.0,0.0,1,1,China,Asia Pacific,,1,38453234.3149022,168370018.92432025,,1.0,,41.7915,109.865367,Mintal Group DRI plant,41.7915,109.865367,0.0,0.0
Mikhailovsky HBI LLC,1,0,0.0,0.0,1,1,Russia,Eurasia,,0,,,,0.0,,52.360448,35.39731400000001,Metalloinvest Mikhailovsky HBI plant,52.360448,35.397314,4.319571103267997e-13,4.319571103267997e-13
Mianeh Steel,1,0,0.0,800.0,1,1,Iran,Middle East,9.0,0,,,,0.0,,37.37881000000001,47.736689,Miyaneh Steel East Azerbaijan steel plant,37.37881,47.736689,7.073240659849489e-13,7.073240659849489e-13
Metinvest Holding LLC,1,0,0.0,0.0,1,1,Ukraine,Europe,,0,,,,0.0,,49.039389,31.332628,Metinvest EAF steel plant,49.039389,31.332628,0.0,0.0
Metinvest Adria SpA,1,0,0.0,3000.0,1,1,Italy,Europe,,0,,,,0.0,,42.93652,10.537794000000002,Metinvest Piombino steel plant,42.93652,10.537794,1.2945955433263566e-13,1.2945955433263566e-13
Mesabi Mining LLC,1,0,0.0,0.0,1,1,United States,North America,0.0,0,,,,0.0,,47.383441000000005,-93.219413,Mesabi Metallics Nashwuak HBI plant,47.383441,-93.219413,7.073240659849489e-13,7.073240659849489e-13
Meranti Steel Pte Ltd,2,0,0.0,2500.0,2,2,"Oman, Thailand",Middle East,,0,,,,0.0,,17.330706766472886,79.81144755598156,Meranti Green Steel Duqm DRI plant,19.635815,57.670697,2347.2920722368644,2347.2920722368644
Megasteel Sdn Bhd,1,0,0.0,0.0,1,1,Malaysia,Asia Pacific,96.0,0,,,,0.0,,2.8072653,101.6055808,Lion Industries Megasteel plant,2.8072653,101.6055808,0.0,0.0
Luoyang Luogang Group of Steel and Iron Co Ltd,1,0,0.0,0.0,1,1,China,Asia Pacific,19.0,1,898607349.1565193,105116210861.16833,,1.0,,34.798477,112.580505,Luoyang Luogang Group of Steel and Iron Co Ltd,34.798477,112.580505,0.0,0.0
Max Aicher GmbH & Co KG,1,0,0.0,0.0,1,1,Slovakia,Europe,8.0,0,,,,0.0,,48.886028,21.82705,Max Aicher Slovakia Steel Mills Strazske,48.886028,21.82705,0.0,0.0
Matesi,1,0,0.0,0.0,1,1,Venezuela,Central & South America,26.0,0,,,,0.0,,8.300159000000003,-62.780136000000006,CVG Briquetera de Venezuela DRI plant,8.300159,-62.780136,1.7683101649623721e-13,1.7683101649623721e-13
Mariupolskyi Metalurgiinyi Kombinat Imeni Illicha PrAT,1,0,0.0,0.0,1,1,Ukraine,Europe,129.0,0,,,,0.0,,47.1402768,37.5943416,Metinvest Ilyich Iron and Steel Works,47.1402768,37.5943416,0.0,0.0
Marcegaglia Holding SpA,1,0,0.0,1200.0,1,1,France,Europe,53.0,0,,,,0.0,,43.445004,4.846805,Marcegaglia Fos Sur Mer steel plant,43.445004,4.846805,0.0,0.0
Makran Steel Co,1,0,0.0,3000.0,1,1,Iran,Middle East,,0,,,,0.0,,25.448397700000005,60.64084879999999,Makran Steel Sistan and Baluchestan Complex,25.4483977,60.6408488,3.5366203299247443e-13,3.5366203299247443e-13
Maegma Minerals Sdn Bhd,1,0,0.0,0.0,1,1,Malaysia,Asia Pacific,,0,,,,0.0,,4.2405829,100.5949428,Maegma Minerals Lumut HBI Plant,4.2405829,100.5949428,0.0,0.0
Gulf Tubing Co,1,0,0.0,630.0,1,1,Saudi Arabia,Middle East,,0,,,,0.0,,27.502041000000006,49.189647,Gulf Tubing Company Ras Al-Khair steel plant,27.502041,49.189647,7.073240659849489e-13,7.073240659849489e-13
MK Azovstal' PrAT,1,0,0.0,0.0,1,1,Ukraine,Europe,,0,,,,0.0,,47.094724,37.596862,Azovstal Iron and Steel Works,47.094724,37.596862,0.0,0.0
"Fugang METAL Manufacturing Co.ltd.,jilinjigang Steel Group",1,0,0.0,360.0,1,1,China,Asia Pacific,17.6,1,218005645.09942687,277790827277.3762,,1.0,,44.022802,125.50562700000002,Jilin Steel Group Fugang Metal Manufacturing Co Ltd,44.022802,125.505627,0.0,0.0
Moon Iron and Steel Company SAOC,1,0,0.0,0.0,1,1,Oman,Middle East,6.0,0,,,,0.0,,24.409437,56.520134,Moon Iron & Steel Company Sohar plant,24.409437,56.520134,0.0,0.0
Mount Zynai 0304 Mining Corp,1,0,0.0,1500.0,1,1,Philippines,Asia Pacific,0.0,0,,,,0.0,,7.716994,122.998671,Mount Zynai Zamboanga Sibugay steel plant,7.716994,122.998671,0.0,0.0
National Steel Complex Ltd,1,0,0.0,1280.0,1,1,Pakistan,Asia Pacific,13.13,0,,,,0.0,,24.794779,67.353032,National Steel Complex Limited Karachi steel plant,24.794779,67.353032,0.0,0.0
Nemo Industries Inc,1,0,0.0,,1,1,United States,North America,,0,,,,0.0,,30.092838753017325,-90.9539266739139,Nemo Industries Ironworks I,30.09283875301732,-90.9539266739139,7.073240659849489e-13,7.073240659849489e-13
Iranian Alborz Steel Co,1,0,0.0,800.0,1,1,Iran,Middle East,,0,,,,0.0,,36.614049,53.234213,Iranian Alborz Steel Mazandaran plant,36.614049,53.234213,0.0,0.0
Iranian Ghadir Iron & Steel Co,1,0,0.0,0.0,1,1,Iran,Middle East,14.84,0,,,,0.0,,32.3912,53.74960000000001,Ghadir Iron and Steel Plant Yazd,32.3912,53.7496,5.97271664957233e-13,5.97271664957233e-13
Egyptian Iron & Steel Co,1,0,0.0,0.0,1,1,Egypt,Africa,64.0,0,,,,0.0,,29.774458,31.312012999999993,Egyptian Iron & Steel Company Cairo plant,29.774458,31.312013,6.139480333387824e-13,6.139480333387824e-13
Ekos Steel Mill PLC,1,0,0.0,0.0,1,1,Ethiopia,Africa,8.0,0,,,,0.0,,8.781155,38.932064999999994,Ekos Steel Dukem plant,8.781155,38.932065,6.990332703211601e-13,6.990332703211601e-13
Electrasteel Inc,1,0,0.0,0.0,1,1,United States,North America,,0,,,,0.0,,40.06301,-105.221982,Electra iron plant,40.06301,-105.221982,0.0,0.0
Orissa Steel & Power Pvt Ltd,1,0,0.0,1804.0,1,1,India,Asia Pacific,,1,47335285.52206003,1748525921.9877195,,1.0,,22.359099999999998,87.017184,Orissa Steel and Power Jhargram steel plant,22.3591,87.017184,3.5366203299247443e-13,3.5366203299247443e-13
Eqlid Pars Steel Co,1,0,0.0,1000.0,1,1,Iran,Middle East,,0,,,,0.0,,30.944867,52.892849,Eqlid Steel Pars plant,30.944867,52.892849,0.0,0.0
Nucor Steel Louisiana LLC,1,0,0.0,0.0,1,1,United States,North America,13.0,0,,,,0.0,,30.076693000000002,-90.859953,Nucor Steel Louisiana,30.076693,-90.859953,0.0,0.0
Equest Steel Pty Ltd,1,0,0.0,500.0,1,1,Australia,Asia Pacific,,0,,,,0.0,,-27.42083,153.127715,Alter Steel Pinkenba steel plant,-27.42083,153.127715,0.0,0.0
Essar Global Fund Ltd,1,0,0.0,4000.0,1,1,Saudi Arabia,Middle East,,0,,,,0.0,,27.544749000000007,49.208103,Essar Ras Al Khair steel plant,27.544749,49.208103,7.073240659849489e-13,7.073240659849489e-13
Nu-Iron Unlimited,1,0,0.0,0.0,1,1,Trinidad and Tobago,Central & South America,19.14,0,,,,0.0,,10.399138000000002,-61.48632599999999,Nu-Iron Unlimited Point Lisas DRI plant,10.399138,-61.486326,1.7683101649623721e-13,1.7683101649623721e-13
Nová Huť sro,1,0,0.0,3500.0,1,1,Czech Republic,Europe,74.0,0,,,,0.0,,49.792139,18.309874999999998,Nová Hut Ostrava steel plant,49.792139,18.309875,2.283109372323099e-13,2.283109372323099e-13
Esteel Enterprise Sabah Sdn Bhd,1,0,0.0,0.0,1,1,Malaysia,Asia Pacific,0.0,0,,,,0.0,,6.104211000000001,116.20221800000002,Esteel Sabah steel plant,6.104211,116.202218,8.841550824811861e-14,8.841550824811861e-14
Novasco BV,1,0,0.0,0.0,1,1,France,Europe,113.83,0,,,,0.0,,49.241492,6.152631000000001,Novasco Hagondange steel plant,49.241492,6.152631,5.772403074999985e-14,5.772403074999985e-14
Eurasian Resources Group SARL; China Baowu Steel Group Co Ltd,1,0,0.0,0.0,1,1,Kazakhstan,Eurasia,,0,,,,0.0,,52.9775332,63.18257369999999,ERG Baowu Rudny HBI plant,52.9775332,63.1825737,0.0,0.0
Ezhou Hongtai Steel Co Ltd,1,0,0.0,0.0,1,1,China,Asia Pacific,22.75,1,1723280956.9704273,50338083287.13734,,1.0,,30.532352000000003,114.747597,Ezhou Hongtai Steel Co Ltd,30.532352,114.747597,0.0,0.0
Ningxia Boyu Hongxing Special Steel Group Co Ltd,1,0,0.0,0.0,1,1,China,Asia Pacific,19.14,1,1044069289.8932406,7539457044.554833,,1.0,,39.273832000000006,106.75146,Ningxia Boyu Hongxing Special Steel Group Co,39.273832,106.75146,7.073240659849489e-13,7.073240659849489e-13
Fangchenggang Jinxi Steel Technology Co Ltd,1,0,0.0,0.0,1,1,China,Asia Pacific,,1,954514098.9683073,2871373789.8433514,,1.0,,21.646525,108.369582,Fangchenggang Jinxi Steel Technology Co Ltd,21.646525,108.369582,0.0,0.0
Fasa Steel Complex Co,1,0,0.0,1500.0,1,1,Iran,Middle East,,0,,,,0.0,,28.977452999999997,53.867836000000004,Fasa Steel Complex Fars,28.977453,53.867836,9.397814490102034e-13,9.397814490102034e-13
Fuhai Group New Energy Holding Co Ltd,1,0,0.0,0.0,1,1,Indonesia,Asia Pacific,,0,,,,0.0,,-1.556636,103.679366,Fuhai Indonesia steel plant,-1.556636,103.679366,0.0,0.0
Luannan Huarui Steel Co Ltd,1,0,0.0,0.0,1,1,China,Asia Pacific,19.0,1,1572778754.3996863,14073015226.40881,,1.0,,39.51832999999999,118.715766,Hebei Huaxi Iron and Steel Co Ltd,39.51833,118.715766,7.073240659849489e-13,7.073240659849489e-13
Baldota Steel and Power Ltd,1,0,0.0,10500.0,1,1,India,Asia Pacific,0.0,1,185356174.34875867,2334801913.519275,,1.0,,15.332615999999998,76.206778,Baldota Koppal steel plant,15.332616,76.206778,3.5366203299247443e-13,3.5366203299247443e-13
GuangDong Xinxing Ductile Iron Pipes Co Ltd,1,0,0.0,0.0,1,1,China,Asia Pacific,11.0,1,126961940.125218,3327734091.422327,,1.0,,22.099140000000002,111.665479,GuangDong Xinxing Ductile Iron Pipes Co Ltd,22.09914,111.665479,3.5366203299247443e-13,3.5366203299247443e-13
KIC Metaliks Ltd,1,0,0.0,598.0,1,1,India,Asia Pacific,28.05,1,1554639245.0040002,19864497189.311275,,1.0,,23.507539,87.277914,KIC Metaliks Durgapur steel plant,23.507539,87.277914,0.0,0.0
GravitHy,2,0,0.0,0.0,2,1,"Finland, France",Europe,,0,,,,0.0,,53.12872522144985,11.294390370015053,GravitHy Fos sur Mer iron plant,43.436519,4.852576,1177.2754811364969,1177.2754811364964
Green Iron Magnetite Project,1,0,0.0,0.0,1,1,Australia,Asia Pacific,,0,,,,0.0,,-34.595209,135.84922000000003,Lincoln Minerals South Australia Green Iron Plant,-34.595209,135.84922,2.3290309857564515e-12,2.3290309857564515e-12
Jinzhou Jinxing Special Steel Co Ltd,1,0,0.0,360.0,1,1,China,Asia Pacific,25.1,1,549095770.045926,51265446599.24432,,1.0,,41.188888,121.22504300000001,Jinzhou Jinxing Special Steel Company,41.188888,121.225043,0.0,0.0
Green Steel of WA Pty Ltd,2,0,0.0,500.0,1,1,Australia,Asia Pacific,,0,,,,0.0,,-31.05642601318413,115.50262707952383,Green Steel of WA Collie Steel plant,-33.341998,116.239926,263.44034986844343,263.4403498684431
Greensteel Australia Pty Ltd,1,0,0.0,5000.0,1,1,Australia,Asia Pacific,,0,,,,0.0,,-34.4637185,150.8865407,GreenSteel Australia New South Wales steel plant,-34.4637185,150.8865407,0.0,0.0
Jingdong Steel,1,0,0.0,500.0,1,1,Algeria,Africa,,0,,,,0.0,,35.698361,4.478169,Jingdong Steel M'Sila steel plant,35.698361,4.478169,0.0,0.0
Groupe Industriel Sider SpA,1,0,0.0,1700.0,1,1,Algeria,Africa,57.0,0,,,,0.0,,36.795924,7.707633,Sider El Hadjar Annaba steel plant,36.795924,7.707633,0.0,0.0
JSW Jharkhand Steel Ltd,1,0,0.0,10001.0,1,1,India,Asia Pacific,0.0,1,22085261.29316944,803772418.771088,,1.0,,23.188108,85.715097,JSW Steel Jharkhand steel plant,23.188108,85.715097,0.0,0.0
Jindal Steel Chhattisgarh Ltd,1,0,0.0,7500.0,1,1,India,Asia Pacific,,1,454682852.3366098,3957035516.4197297,,1.0,,21.895041,83.376759,Jindal Steel Chhattisgarh steel plant,21.895041,83.376759,0.0,0.0
Long Son Phu My Iron & Steel Co,1,0,0.0,5400.0,1,1,Vietnam,Asia Pacific,,0,,,,0.0,,14.457367,109.0789538,Long Son Phu My Iron and Steel plant,14.457367,109.0789538,0.0,0.0
Jiangxi Yuanxing Iron and Steel Co Ltd,1,0,0.0,0.0,1,1,China,Asia Pacific,18.21,1,982532261.0660375,1708780484.0850005,,1.0,,24.881098,114.80283300000002,Jiangxi Yuanxing Iron and Steel Co Ltd,24.881098,114.802833,0.0,0.0
Jiangsu Xingda Steel Group Co Ltd,1,0,0.0,0.0,1,1,China,Asia Pacific,22.96,1,261090607.59518936,20646884537.775818,,1.0,,34.501981,117.316278,Jiangsu Xingda Steel Group,34.501981,117.316278,0.0,0.0
Jiangsu Suxin Special Steel Co Ltd,1,0,0.0,0.0,1,1,China,Asia Pacific,65.0,1,11475374812.138918,503385529607.36615,,1.0,,31.400644000000003,120.47510300000002,Jiangsu Suxin Special Steel Group Co Ltd,31.400644,120.475103,0.0,0.0
Jiangsu Shente Steel Corp,1,0,0.0,0.0,1,1,China,Asia Pacific,18.43,1,5294448729.56292,24809379172.701572,,1.0,,31.471123000000002,119.485941,Jiangsu Shente Steel Co Ltd,31.471123,119.485941,0.0,0.0
Jiangsu Longyuan Steel Co Ltd,1,0,0.0,0.0,1,1,China,Asia Pacific,15.77,1,261090607.59518936,10876233654.996319,,1.0,,34.538033,117.32958900000001,Jiangsu Longyuan Steel Co,34.538033,117.329589,0.0,0.0
JSW Rayalaseema Steel Limited,1,0,0.0,3000.0,1,1,India,Asia Pacific,,1,45263087.15252942,1926752078.1611147,,1.0,,14.76855,78.403263,JSW Rayalseema steel plant,14.76855,78.403263,0.0,0.0
JSW Steel Italy Piombino SpA,1,0,0.0,600.0,1,1,Italy,Europe,161.0,0,,,,0.0,,42.93652,10.537794000000002,JSW Steel Piombino steel plant,42.93652,10.537794,1.2945955433263566e-13,1.2945955433263566e-13
Guangxi Liugang Zhongjin Stainless Steel Co Ltd,1,0,0.0,1200.0,1,1,China,Asia Pacific,13.0,1,221366537.43015066,1530635759.3190029,,1.0,,21.67261,109.741866,Guangxi Liugang Zhongjin Stainless Steel Co Ltd,21.67261,109.741866,0.0,0.0
JSW Steel Ltd; POSCO Holdings Inc,1,0,0.0,18000.0,1,1,India,Asia Pacific,,1,165319279.8517694,5832849600.810179,,1.0,,20.248631999999997,86.156416,JSW POSCO Keonjhar steel plant,20.248632,86.156416,3.5366203299247443e-13,3.5366203299247443e-13
Gostar Almas Steel Co,1,0,0.0,0.0,1,1,Iran,Middle East,,0,,,,0.0,,36.215731,46.49932200000001,Gostar Almas Steel Saqqez Plant,36.215731,46.499322,5.706677311735255e-13,5.706677311735255e-13
KSP Steel LLC,1,0,0.0,0.0,1,1,Kazakhstan,Eurasia,19.0,0,,,,0.0,,52.334465,76.956302,KSP Steel Pavlodar steel plant,52.334465,76.956302,0.0,0.0
KVV Liepājas metalurgs AS,1,0,0.0,0.0,1,1,Latvia,Europe,,0,,,,0.0,,56.525273,21.0267,Liepājas Metalurgs steel plant,56.525273,21.0267,0.0,0.0
Kalyani Steels Ltd,1,0,0.0,1509.0,1,1,India,Asia Pacific,0.0,1,319583186.94651854,3619712225.6040263,,1.0,,20.601819000000003,85.594653,Kalyani Steels Dhenkanal steel plant,20.601819,85.594653,3.5366203299247443e-13,3.5366203299247443e-13
Lloyds Metals and Energy Ltd,2,0,0.0,5250.0,1,1,India,Asia Pacific,17.0,2,124927907.9499686,1559187132.308942,,1.0,,19.85045885073588,79.46664585187297,Lloyds Metals and Energy Ltd Ghugus steel plant,19.929837,79.119344,37.371808432569615,37.371808432569615
Fujian Hengwang Investment Co Ltd,2,0,0.0,8000.0,1,1,Kazakhstan,Eurasia,,0,,,,0.0,,42.93591303995048,71.65440106981372,Fujian Hengwang Shymkent steel plant,42.3375414,69.7356008,170.47647836867748,170.47647836867745
Linyi Jiangxin Steel Co Ltd,1,0,0.0,0.0,1,1,China,Asia Pacific,18.58,1,7972147725.823803,128106027383.46095,,1.0,,34.951117,118.305389,Linyi Jiangxin Iron and Steel Co Ltd,34.951117,118.305389,0.0,0.0
JO Steel Holdings PLC,1,0,0.0,1800.0,1,1,Saudi Arabia,Middle East,,0,,,,0.0,,27.491064000000005,49.258418,JO Steel Holdings Ras Al Khair steel plant,27.491064,49.258418,3.5366203299247443e-13,3.5366203299247443e-13
JSW Bengal Steel Ltd,1,0,0.0,0.0,1,1,India,Asia Pacific,,1,178521520.3246137,8357910791.628129,,1.0,,22.575726,87.310258,JSW Bengal Steel Salboni plant,22.575726,87.310258,0.0,0.0
Fushun HANWANG Direct Reduced Iron Co Ltd,1,0,0.0,0.0,1,1,China,Asia Pacific,23.5,1,26636182.46122891,63997417266.037865,,1.0,,41.670998,123.85142999999998,Fushun Hanking Direct Reduced Iron Co Ltd,41.670998,123.85143,0.0,0.0
Liberty Galati SA,1,0,0.0,4100.0,1,1,Romania,Europe,58.0,0,,,,0.0,,45.43411900000001,27.976244000000005,GFG Liberty Galati steel plant,45.434119,27.976244,1.4362521044215545e-12,1.4362521044215545e-12
JSW Green Steel Ltd,1,0,0.0,10000.0,1,1,India,Asia Pacific,33.0,1,5087801.004416001,1167834911.040693,,1.0,,18.530853,72.947091,JSW Green Steel Salav plant,18.530853,72.947091,0.0,0.0
Lebedinskiy GOK JSC,1,0,0.0,0.0,1,1,Russia,Eurasia,55.0,0,,,,0.0,,51.261995,37.654622,Lebedinsky GOK DRI Plant,51.261995,37.654622,0.0,0.0
Langfang Guangyuan Metalwork Co Ltd,1,0,0.0,0.0,1,1,China,Asia Pacific,11.0,1,1533063394.1574883,155304705012.01028,,1.0,,39.181466,116.838667,Langfang Guangyuan Metalwork Co Ltd,39.181466,116.838667,0.0,0.0
Kurum International ShA,1,0,0.0,1000.0,1,1,Albania,Europe,28.0,0,,,,0.0,,41.094611,20.026117,Kurum International Elbasan steel plant,41.094611,20.026117,0.0,0.0
Kurdistan Steel Co,1,0,0.0,1000.0,1,1,Iran,Middle East,,0,,,,0.0,,35.936932,47.762024000000004,Kurdistan Steel Qorveh steel plant,35.936932,47.762024,5.726944826942312e-13,5.726944826942312e-13
Kunming Iron & Steel Holding Co Ltd,1,0,0.0,4000.0,1,1,Myanmar,Asia Pacific,,0,,,,0.0,,21.423783,96.454378,Kunming Iron and Steel Myanmar plant,21.423783,96.454378,0.0,0.0
Kocaer Çelik Sanayi ve Ticaret AŞ,1,0,0.0,1250.0,1,1,Türkiye,Europe,,0,,,,0.0,,37.858651,27.845846000000005,Kocaer Çelik Aliaga steel plant,37.858651,27.845846,2.792257926448043e-13,2.792257926448043e-13
Khouzestan Steel Co,1,0,0.0,0.0,1,1,Iran,Middle East,37.0,0,,,,0.0,,31.270090999999997,48.732904,Khouzestan Steel plant,31.270091,48.732904,0.0,0.0
Khouzestan Oxin Steel Co,1,0,0.0,1200.0,1,1,Iran,Middle East,1.0,0,,,,0.0,,31.277236000000002,48.747422,Khouzestan Oxin Steel,31.277236,48.747422,0.0,0.0
Kazakhstal LLP,1,0,0.0,1200.0,1,1,Kazakhstan,Eurasia,,0,,,,0.0,,49.8902647,73.7561639,Kazakhstal steel plant,49.8902647,73.7561639,0.0,0.0
Kapila Metals Pvt Ltd,1,0,0.0,1074.0,1,1,India,Asia Pacific,,1,100155279.26306468,2235353301.806718,,1.0,,19.874223,75.817553,Kapila Metals Jalna steel plant,19.874223,75.817553,0.0,0.0
Gohar Zamin Mining and Industrial Company,1,0,0.0,4720.0,1,1,Iran,Middle East,0.3,0,,,,0.0,,29.953217,56.699701,Gohar Zamin Bardsir steel plant,29.953217,56.699701,0.0,0.0
Ecolant LLC,1,0,0.0,1800.0,1,1,Russia,Eurasia,0.0,0,,,,0.0,,55.286989000000005,42.169516,Ecolant steel plant,55.286989,42.169516,7.073240659849489e-13,7.073240659849489e-13
PT Xinheng Metal Indonesia,1,0,0.0,2000.0,1,1,Indonesia,Asia Pacific,,0,,,,0.0,,-2.830574,122.15744799999999,PT Xinheng Metal Morowali steel plant,-2.830574,122.157448,0.0,0.0
Pakistan Steel Mills Corp Pvt Ltd,1,0,0.0,0.0,1,1,Pakistan,Asia Pacific,43.41,0,,,,0.0,,24.809976999999996,67.35244,Pakistan Steel Mills Karachi,24.809977,67.35244,3.5366203299247443e-13,3.5366203299247443e-13
Ceylon Steel Co Ltd,1,0,0.0,600.0,1,1,Sri Lanka,Asia Pacific,,0,,,,0.0,,6.128077,81.075224,Lanwa Steel Hambantota steel plant,6.128077,81.075224,0.0,0.0
Shougang Yili Iron & Steel Co Ltd,1,0,0.0,0.0,1,1,China,Asia Pacific,68.0,1,36347068.67769812,168536163.5017866,,1.0,,43.528515999999996,83.276706,Shougang Yili Iron & Steel Co Ltd,43.528516,83.276706,7.073240659849489e-13,7.073240659849489e-13
Briquetera del Orinoco CA,1,0,0.0,0.0,1,1,Venezuela,Central & South America,26.0,0,,,,0.0,,8.274964999999998,-62.819281999999994,CVG Briquetera del Orinoco DRI plant,8.274965,-62.819282,1.7683101649623721e-13,1.7683101649623721e-13
CVG Ferrominera Orinoco CA,1,0,0.0,0.0,1,1,Venezuela,Central & South America,36.0,0,,,,0.0,,8.33468,-62.72884200000001,CVG Ferrominera Orinoco DRI plant,8.33468,-62.728842,0.0,0.0
Cambodia Iron & Steel Mining Industry Group Co Ltd,1,0,0.0,0.0,1,1,Cambodia,Asia Pacific,,0,,,,0.0,,13.366642,105.118129,Cambodia Iron and Steel Preah Vihear Plant,13.366642,105.118129,0.0,0.0
Shiu Wing Steel Ltd,1,0,0.0,700.0,1,1,Hong Kong,Asia Pacific,1.0,0,,,,0.0,,22.369498,113.926095,Shiu Wing Tuen Mun Steel plant,22.369498,113.926095,0.0,0.0
Hybrit Development AB,1,0,0.0,0.0,1,1,Sweden,Europe,,0,,,,0.0,,67.189096,20.720752000000005,HYBRIT Gallivare sponge iron plant,67.189096,20.720752,1.3711159425544102e-13,1.3711159425544102e-13
Shanxi Zhongsheng Iron and Steel Co Ltd,1,0,0.0,1650.0,1,1,China,Asia Pacific,19.32,1,224177109.58702946,12388542669.83342,,1.0,,35.727776,111.330122,Shanxi Zhongsheng Iron and Steel Co Ltd,35.727776,111.330122,0.0,0.0
Hydnum Steel SL,1,0,0.0,2600.0,1,1,Spain,Europe,,0,,,,0.0,,38.688849000000005,-4.107015,Hydnum Steel Castilla-La Mancha plant,38.688849,-4.107015,7.073240659849489e-13,7.073240659849489e-13
Century Steel Pte Ltd,1,0,0.0,1500.0,1,1,Pakistan,Asia Pacific,,0,,,,0.0,,34.072714,72.141584,Century Steel Khyber plant,34.072714,72.141584,0.0,0.0
Hyron Africa,1,0,0.0,1500.0,1,1,Namibia,Africa,0.86,0,,,,0.0,,-22.084183000000003,17.4099154,HyIron Steel Namibia plant,-22.084183,17.4099154,3.5366203299247443e-13,3.5366203299247443e-13
ETRHB Industrie SpA,1,0,0.0,0.0,1,1,Algeria,Africa,,0,,,,0.0,,36.83441199999999,7.454940000000001,ETRHB Annaba steel plant,36.834412,7.45494,7.073240659849489e-13,7.073240659849489e-13
Shanxi Liheng Iron and Steel Co Ltd,1,0,0.0,0.0,1,1,China,Asia Pacific,17.0,1,747390169.8949468,12388554602.370695,,1.0,,35.701541,111.42671,Shanxi Liheng Steel Co Ltd,35.701541,111.42671,0.0,0.0
Changli Xingguo Precision Machinery Co Ltd,1,0,0.0,0.0,1,1,China,Asia Pacific,30.47,1,853581286.6142415,16624354555.063274,,1.0,,39.704921,118.897417,Changli Xingguo Precision Machinery Co Ltd,39.704921,118.897417,0.0,0.0
Chart and Capstone Integrated Ltd,1,0,0.0,1500.0,1,1,Nigeria,Africa,0.0,0,,,,0.0,,7.69346,6.806937,Kogi Steel Project,7.69346,6.806937,0.0,0.0
Shanxi HUAQIANG Iron and Steel Co Ltd,1,0,0.0,0.0,1,1,China,Asia Pacific,22.84,1,402152281.1129497,13065059608.429659,,1.0,,35.67084800000001,111.378887,Shanxi Huaqiang Iron and Steel Co Ltd,35.670848,111.378887,7.073240659849489e-13,7.073240659849489e-13
Hebei Guanfeng Metallurgical Industry Co Ltd,1,0,0.0,0.0,1,1,China,Asia Pacific,18.93,1,2791499561.2492723,23798191958.669872,,1.0,,36.73422,114.111085,Hebei Guanfeng Metallurgical Industry Co Ltd,36.73422,114.111085,0.0,0.0
Shanxi Dongfang Hengliu Precision Casting Co,1,0,0.0,0.0,1,1,China,Asia Pacific,16.04,1,586782703.6351858,41356599957.62777,,1.0,,36.080051,111.64775400000002,Shanxi Dongfang Hengliu Precision Casting Co,36.080051,111.647754,1.1433115170160547e-12,1.1433115170160547e-12
Chengde Shengfeng Iron & Steel Co Ltd,1,0,0.0,0.0,1,1,China,Asia Pacific,17.0,1,714450516.0938448,1818916926.0753732,,1.0,,40.62246599999999,118.490845,Chengde Shengfeng Iron and Steel Co Ltd,40.622466,118.490845,1.4146481319698977e-12,1.4146481319698977e-12
Chengde Zhaofeng Steel Group Co Ltd,1,0,0.0,0.0,1,1,China,Asia Pacific,19.0,1,25938154.368309747,1836970558.2158618,,1.0,,40.593875,118.633334,Chengde Zhaofeng Steel Group Co Ltd,40.593875,118.633334,0.0,0.0
Shandong Xinhua Special Steel Group Co Ltd,1,0,0.0,0.0,1,1,China,Asia Pacific,18.47,1,783615313.084411,11074777483.821835,,1.0,,36.256175,116.179833,Shandong Xinhua Special Steel Group Co Ltd,36.256175,116.179833,0.0,0.0
Blastr Green Steel AS,1,0,0.0,2500.0,1,1,Finland,Europe,0.0,0,,,,0.0,,60.01749999999999,23.912600000000005,Blastr Inkoo steel plant,60.0175,23.9126,1.7673746025377813e-13,1.7673746025377813e-13
Bhushan Power & Steel Ltd,1,0,0.0,0.0,1,1,India,Asia Pacific,,1,113645399.55906004,1526996514.365898,,1.0,,22.665526,85.64622,JSW BPSL Jharkhand steel plant,22.665526,85.64622,0.0,0.0
Bhagyalaxmi Metals Pvt Ltd,1,0,0.0,672.0,1,1,India,Asia Pacific,,1,20100548.68457569,203318570.1716565,,1.0,,20.088919,79.71792,Bhagyalaxmi Metals Mul steel plant,20.088919,79.71792,0.0,0.0
Sin Yuan Steel LLP,1,0,0.0,0.0,1,1,Kazakhstan,Eurasia,6.0,0,,,,0.0,,42.272259,69.7261,Sin Yuan Steel Shymkent steel plant,42.272259,69.7261,0.0,0.0
Tangshan DELONG Steel Co Ltd,1,0,0.0,0.0,1,1,China,Asia Pacific,23.67,1,218136816.73348233,4135555372.6638536,,1.0,,39.19255999999999,118.89953300000002,Tangshan Delong Iron and Steel Co Ltd,39.19256,118.899533,7.073240659849489e-13,7.073240659849489e-13
Baobab Steel Ltd,1,0,0.0,500.0,1,1,Mozambique,Africa,,0,,,,0.0,,-15.724345000000001,33.762664,Tete Steel Maputo plant,-15.724345,33.762664,0.0,0.0
Baosteel Special Metals Co Ltd,1,0,0.0,0.0,1,1,China,Asia Pacific,65.41,1,72345769161.90762,1589864409486.6626,,1.0,,31.379421999999998,121.484652,Baosteel Special Steel Co Ltd,31.379422,121.484652,0.0,0.0
TT Iron Steel Company Ltd,1,0,0.0,0.0,1,1,Trinidad and Tobago,Central & South America,46.0,0,,,,0.0,,10.403605,-61.482938999999995,TT Iron and Steel Point Lisas steel plant,10.403605,-61.482939,0.0,0.0
Baotou Baoxin Special Steel Co Ltd,1,0,0.0,0.0,1,1,China,Asia Pacific,17.39,1,883833.8895358075,14152901.698757255,,1.0,,41.36292499999999,110.988771,Baotou Baoxin Special Steel Co Ltd,41.362925,110.988771,7.073240659849489e-13,7.073240659849489e-13
TANG Shan Iron and Steel Group Co Ltd,1,0,0.0,0.0,1,1,China,Asia Pacific,77.0,1,39795139194.13621,155462748201.50528,,1.0,,39.648587,118.21248699999998,Tangshan Iron and Steel Group Co Ltd,39.648587,118.212487,0.0,0.0
Swadesh Metallics Pvt Ltd,1,0,0.0,600.0,1,1,India,Asia Pacific,,1,194558399.93739942,4377203761.590546,,1.0,,21.625706,81.705254,Swadesh Metallics Simga steel plant,21.625706,81.705254,0.0,0.0
Surjagad Ispat Pvt Ltd,1,0,0.0,2000.0,1,1,India,Asia Pacific,0.0,1,1744300.2223284245,38077949.28940603,,1.0,,19.487201,79.968551,Surjagad Ispat Gadchiroli steel plant,19.487201,79.968551,0.0,0.0
Sun Metal Casting LLC,1,0,0.0,0.0,1,1,Oman,Middle East,12.0,0,,,,0.0,,22.632992,59.416971000000004,Sun Metals Sur steel plant,22.632992,59.416971,0.0,0.0
Hubei Wucheng Iron and Steel Group Co Ltd,1,0,0.0,0.0,1,1,China,Asia Pacific,26.0,1,14250230836.869875,70133651025.46736,,1.0,,30.341239,114.857744,Hubei Wucheng Iron and Steel Group Co Ltd,30.341239,114.857744,0.0,0.0
Baotou DA AN IRON&STEEL Co Ltd,2,0,0.0,0.0,1,1,China,Asia Pacific,22.81,2,8439898530.62294,148195927316.45798,,1.0,,40.68874740166284,109.75996858359335,Baotou Da'an Iron and Steel Co Ltd Kundulun District,40.715119,109.821653,5.969742938241481,5.969742938239844
Stoylenskiy Gorno-Obogatitel'nyi Kombinat JSC,1,0,0.0,0.0,1,1,Russia,Eurasia,,0,,,,0.0,,51.243964000000005,37.783498,NLMK Stoilensky iron plant,51.243964,37.783498,7.073240659849489e-13,7.073240659849489e-13
Baotou Deshun Spec. Steel Co Ltd,1,0,0.0,1250.0,1,1,China,Asia Pacific,18.9,1,1018690.4685914837,59390733.91234677,,1.0,,40.9019,110.336253,Baotou Deshun Special Steel Co Ltd,40.9019,110.336253,0.0,0.0
Stegra AB,2,0,0.0,5000.0,2,1,"Spain, Sweden",Europe,0.0,0,,,,0.0,,53.75639211743665,5.122590936038202,Stegra Boden steel plant,65.805389,21.75914,1620.4764702713214,1620.4764702713212
Baotou Jiyu Steel Co Ltd,1,0,0.0,0.0,1,1,China,Asia Pacific,21.79,1,563557793.4713724,137837797372.7533,,1.0,,40.662343,109.696243,Inner Mongolia Baotou Jiyu Iron and Steel Co Ltd Hondlon District,40.662343,109.696243,0.0,0.0
Bashundhara Multi Steel Industries Ltd,1,0,0.0,1250.0,1,1,Bangladesh,Asia Pacific,0.0,0,,,,0.0,,22.719277999999996,91.470382,Bashundhara Steel Mirsarai plant,22.719278,91.470382,3.5366203299247443e-13,3.5366203299247443e-13
Star Infrastructure Development Corp,1,0,0.0,0.0,1,1,Bangladesh,Asia Pacific,3.0,0,,,,0.0,,22.774190999999995,91.574601,Star Consortium steel plant,22.774191,91.574601,3.5366203299247443e-13,3.5366203299247443e-13
Berhard Development Corporation (Private) Ltd,1,0,0.0,0.0,1,1,Zimbabwe,Africa,1.55,0,,,,0.0,,-19.055102,29.782423999999992,BER-PIG Iron and Steel Company Redcliff plant,-19.055102,29.782424,6.685662691234509e-13,6.685662691234509e-13
Sinosteel Corp Ltd,1,0,0.0,0.0,1,1,Kenya,Africa,,0,,,,0.0,,0.4616970000000001,37.99128300000001,Sinosteel Kenya steel plant,0.461697,37.991283,7.073011015941194e-13,7.073011015941194e-13
Shandong Taishan Steel Group Co Ltd,1,0,0.0,0.0,1,1,China,Asia Pacific,57.0,1,6228848405.062526,24084622143.532536,,1.0,,36.22141,117.627728,Shandong Taishan Steel Group Co Ltd,36.22141,117.627728,0.0,0.0
Chongli Steel Manufacturing Co Ltd,1,0,0.0,0.0,1,1,China,Asia Pacific,14.0,1,475205331.7791578,5172621413.115468,,1.0,,36.602468,113.755744,Chongli Steel Manufacturing Co Ltd,36.602468,113.755744,0.0,0.0
Shandong Minyuan Steel & Iron Co Ltd,1,0,0.0,0.0,1,1,China,Asia Pacific,19.7,1,5882085161.067249,57282828041.56949,,1.0,,36.72840899999999,117.426582,Shandong Minyuan Iron and Steel Co Ltd,36.728409,117.426582,7.073240659849489e-13,7.073240659849489e-13
Henan Changtai Stainless Steel Plate Co Ltd,1,0,0.0,0.0,1,1,China,Asia Pacific,14.0,1,3849360572.403314,29858396444.952557,,1.0,,34.702951,112.955911,Henan Changtai Stainless Steel Plate Co Ltd,34.702951,112.955911,0.0,0.0
Rashmi Green Hydrogen Steel Pvt Ltd,1,0,0.0,2600.0,1,1,India,Asia Pacific,,1,1986124537.7752411,15135404865.391726,,1.0,,22.331489000000005,87.398085,Rashmi Green Hydrogen Steel Kharagpur steel plant,22.331489,87.398085,3.5366203299247443e-13,3.5366203299247443e-13
Ramsarup Industries Ltd,1,0,0.0,690.0,1,1,India,Asia Pacific,19.0,1,3789988245.8372393,56289587072.09856,,1.0,,22.977477000000004,88.457443,Ramsarup Industries Kharagpur steel plant,22.977477,88.457443,3.5366203299247443e-13,3.5366203299247443e-13
Devki Group,1,0,0.0,1000.0,1,1,Uganda,Africa,,0,,,,0.0,,0.681522,34.17803700000001,Devki Group Tororo steel plant,0.681522,34.178037,7.072740282303165e-13,7.072740282303165e-13
Inner Mongolia Mingtuo Ferrite New Material Co Ltd,1,0,0.0,800.0,1,1,China,Asia Pacific,3.0,1,563557793.4713724,144019208660.51328,,1.0,,40.597557,109.683202,Inner Mongolia Mingtuo Ferrite New Material Co Ltd,40.597557,109.683202,0.0,0.0
Inner Mongolia Wanzhou Special Steel Co Ltd,1,0,0.0,575.0,1,1,China,Asia Pacific,,1,13833901.491643237,146736951.6373875,,1.0,,40.977329,110.02292400000002,Inner Mongolia Wanzhou Special Steel Co Ltd,40.977329,110.022924,1.0680156453016699e-12,1.0680156453016699e-12
Qeshm Steel Development Co,1,0,0.0,3000.0,1,1,Iran,Middle East,,0,,,,0.0,,26.826494000000004,55.957708000000004,Qeshm Steel Development Hormuzgan plant,26.826494,55.957708,7.235261840934058e-13,7.235261840934058e-13
Dnipro Metallurgical Plant PJSC,1,0,0.0,,1,1,Ukraine,Europe,139.0,0,,,,0.0,,48.48079,34.978097,DCH Dnipro Metallurgical Plant,48.48079,34.978097,0.0,0.0
QazSpetsSteel LLC,1,0,0.0,0.0,1,1,Kazakhstan,Eurasia,,0,,,,0.0,,50.286408,57.168382,QazSpetsSteel Aktobe steel plant,50.286408,57.168382,0.0,0.0
Public Investment Fund (Saudi Arabia); Baoshan Iron & Steel Co Ltd; Saudi Arabian Oil Co,1,0,0.0,1700.0,1,1,Saudi Arabia,Middle East,0.0,0,,,,0.0,,27.502597000000005,49.180369000000006,BAP Al-Khair steel plant,27.502597,49.180369,7.202042579475476e-13,7.202042579475476e-13
Progressive Green Solutions JV,1,0,0.0,0.0,1,1,Australia,Asia Pacific,,0,,,,0.0,,-28.707250000000005,114.900163,PGS Geraldton Green Iron Plant,-28.70725,114.900163,7.073240659849489e-13,7.073240659849489e-13
Premium Steel and Mines Ltd,1,0,0.0,0.0,1,1,Nigeria,Africa,44.0,0,,,,0.0,,5.480762999999999,5.769839,Premium Steel Warri plant,5.480763,5.769839,8.841550824811861e-14,8.841550824811861e-14
Prakash Sponge Iron and Power Pvt Ltd,1,0,0.0,765.0,1,1,India,Asia Pacific,,1,10655640.702493113,667891194.5738245,,1.0,,14.152912000000002,76.665824,Prakash Sponge Iron and Power Challakere steel plant,14.152912,76.665824,1.7683101649623721e-13,1.7683101649623721e-13
Port Hedland Iron Pty Ltd,1,0,0.0,0.0,1,1,Australia,Asia Pacific,,0,,,,0.0,,-20.395832,118.53797500000002,POSCO Port Hedland Iron Project,-20.395832,118.537975,0.0,0.0
Donelektrostal LLC,1,0,0.0,730.0,1,1,Russia,Eurasia,,0,,,,0.0,,47.740351999999994,40.18942,Donelektrostal Shakhty steel plant,47.740352,40.18942,7.073240659849489e-13,7.073240659849489e-13
Perwaja Steel Sdn Bhd,1,0,0.0,0.0,1,1,Malaysia,Asia Pacific,42.0,0,,,,0.0,,4.264364,103.461728,Perwaja Kemaman Steel plant,4.264364,103.461728,0.0,0.0
Persian Gulf Saba Steel,1,0,0.0,4500.0,1,1,Iran,Middle East,9.0,0,,,,0.0,,27.189076,56.105633,Persian Gulf Saba Steel,27.189076,56.105633,0.0,0.0
Persian Gulf Negin Steel,1,0,0.0,0.0,1,1,Iran,Middle East,,0,,,,0.0,,34.475932,60.292146,Persian Gulf Negin Steel Khaf plant,34.475932,60.292146,0.0,0.0
Perfect Channel Sdn Bhd,1,0,0.0,1000.0,1,1,Malaysia,Asia Pacific,,0,,,,0.0,,5.778871,100.49907,Perfect Channel Gurun steel plant,5.778871,100.49907,0.0,0.0
Halyvourgiki SA,1,0,0.0,0.0,1,1,Greece,Europe,91.0,0,,,,0.0,,38.043873000000005,23.508082999999996,Halyvourgiki Eleusis steel plant,38.043873,23.508083,7.601856456124612e-13,7.601856456124612e-13
Republic Steel Corp,2,0,0.0,0.0,1,1,United States,North America,133.0,0,,,,0.0,,41.12792278568981,-81.73060076745985,Republic Steel Canton plant,40.804114,-81.334002,49.043733081706904,49.0437330817056
Daric Investment Holding Co,4,0,0.0,2550.0,1,1,Iran,Middle East,,0,,,,0.0,,37.87131409694568,46.46399500970494,Sabalan Iron and Steel Complex,38.50168,47.757969,133.05083654009826,133.05083654009826
Shandong Longsheng Iron and Steel Co Ltd,1,0,0.0,0.0,1,1,China,Asia Pacific,18.07,1,2852374041.5661826,127803991932.70581,,1.0,,36.891189,118.18704100000001,Shandong Longsheng Iron and Steel Co Ltd,36.891189,118.187041,0.0,0.0
Handan Iron and Steel Group Co Ltd,1,0,0.0,0.0,1,1,China,Asia Pacific,64.91,1,34430628965.986046,127456840399.39047,,1.0,,36.601308,114.439889,Handan Iron and Steel Group Co Ltd,36.601308,114.439889,0.0,0.0
Shandong Laigang Yongfeng Steel Corp,1,0,0.0,0.0,1,1,China,Asia Pacific,19.55,1,2781115807.54017,195609506147.86755,,1.0,,36.7993,116.80260000000001,Shandong Laigang Yongfeng Steel Co Ltd,36.7993,116.8026,0.0,0.0
Shandong Iron Steel Group Yongfeng Zibo Co Ltd,1,0,0.0,0.0,1,1,China,Asia Pacific,4.74,1,5698841287.0221615,136955660178.24161,,1.0,,36.906036,118.111833,Shandong Iron and Steel Group Yongfeng Zibo Co Ltd,36.906036,118.111833,0.0,0.0
Shandong Guangfu Group Co Ltd,1,0,0.0,0.0,1,1,China,Asia Pacific,39.0,1,833477595.0387985,55716060226.73611,,1.0,,36.863145,117.61691799999998,Shandong Guangfu Group Co Ltd,36.863145,117.616918,0.0,0.0
Shandong Chuanyang Group Co Ltd,1,0,0.0,0.0,1,1,China,Asia Pacific,19.69,1,3677756121.979178,132833631048.9316,,1.0,,36.894784,117.88836599999999,Shandong Chuanyang Group Co Ltd,36.894784,117.888366,0.0,0.0
Companhia Siderurgica do Cuchi SA,1,0,0.0,0.0,1,1,Angola,Africa,2.47,0,,,,0.0,,-14.650165999999999,16.925606000000002,Companhia Siderurgica do Cuchi pig iron plant,-14.650166,16.925606,3.4216380737433414e-13,3.4216380737433414e-13
Shaanxi Iron and Steel Group Co Ltd,1,0,0.0,0.0,1,1,Indonesia,Asia Pacific,,0,,,,0.0,,-3.4043260000000006,105.409279,Shaanxi Iron and Steel Indonesia plant,-3.404326,105.409279,4.4207754124059304e-14,4.4207754124059304e-14
Hebei Bishi Industry Group Co Ltd,1,0,0.0,0.0,1,1,Indonesia,Asia Pacific,,0,,,,0.0,,-6.896426000000002,110.220286,Hebei Bishi Central Java steel plant,-6.896426,110.220286,2.652465247443558e-13,2.652465247443558e-13
Complejo Siderurgico de Guayana CA,1,0,0.0,0.0,1,1,Venezuela,Central & South America,28.0,0,,,,0.0,,8.297662,-62.780149,CVG Comsigua DRI plant,8.297662,-62.780149,0.0,0.0
Setareh Simin Hormoz Co,1,0,0.0,3000.0,1,1,Iran,Middle East,,0,,,,0.0,,27.192922,56.114617,Setareh Simin Hormoz DRI plant,27.192922,56.114617,0.0,0.0
Hebei Baoxin Iron and Steel Group Co Ltd,1,0,0.0,0.0,1,1,China,Asia Pacific,19.0,1,1340340843.3454995,30115898352.91372,,1.0,,36.555205,114.10827300000001,Hebei Baoxin Iron and Steel Group Co Ltd,36.555205,114.108273,1.1363633194627442e-12,1.1363633194627442e-12
Inner Mongolia (Naiman) Jingan Non-ferrous Metal Materials Co Ltd,1,0,0.0,2000.0,1,1,China,Asia Pacific,,1,755333747.2342982,32032998550.446255,,1.0,,43.696186,122.21943300000001,Hebei Bishi Inner Mongolia iron and steel plant,43.696186,122.219433,0.0,0.0
Corporacion Venezolana de Guayana,1,0,0.0,0.0,1,1,Venezuela,Central & South America,35.23,0,,,,0.0,,8.290142,-62.805419,CVG Briquetera del Caroní DRI plant,8.290142,-62.805419,0.0,0.0
Sarmad Iron and Steel Complex Abarkouh,1,0,0.0,600.0,1,1,Iran,Middle East,,0,,,,0.0,,31.222989000000005,53.392728,Sarmad Iron and Steel Complex Abarkouh,31.222989,53.392728,7.073240659849489e-13,7.073240659849489e-13
Corrugados Getafe SL,1,0,0.0,0.0,1,1,Spain,Europe,78.0,0,,,,0.0,,40.310803,-3.703568,Grupo Gallardo Corrugados Getafe steel plant,40.310803,-3.703568,0.0,0.0
Cristian Lay SL,1,0,0.0,0.0,1,1,Spain,Europe,,0,,,,0.0,,43.179125000000006,-2.2559390000000006,Grupo Gallardo Corrugados Azpeitia steel plant,43.179125,-2.255939,7.102564706157347e-13,7.102564706157347e-13
Sabzevar Pars Steel Complex,1,0,0.0,800.0,1,1,Iran,Middle East,8.0,0,,,,0.0,,36.58952,57.571718999999995,Sabzevar Steel Complex Razavi Khorasan,36.58952,57.571719,0.0,0.0
DST Nghi Son Iron and Steel JSC,1,0,0.0,1310.0,1,1,Vietnam,Asia Pacific,,0,,,,0.0,,19.367379,105.675841,DST Nghi Son steel plant,19.367379,105.675841,0.0,0.0
SMS Group GmbH,1,0,0.0,0.0,1,1,Egypt,Africa,,0,,,,0.0,,26.787872,30.572474000000007,SMS Group DRI Plant,26.787872,30.572474,6.314149223929275e-13,6.314149223929275e-13
Dar Al Arkan Real Estate Development Company SJSC,1,0,0.0,600.0,1,1,Saudi Arabia,Middle East,,0,,,,0.0,,21.524004999999995,39.240632999999995,Arkan Steel Jeddah plant,21.524005,39.240633,7.470196061720678e-13,7.470196061720678e-13
Compania Siderurgica Huachipato SA,1,0,0.0,0.0,1,1,Chile,Central & South America,74.71,0,,,,0.0,,-36.746421,-73.129171,CAP Acero Huachipato steel plant,-36.746421,-73.129171,0.0,0.0
Electrosteel Castings Ltd,1,0,,,1,1,India,Asia Pacific,32.0,1,142335900.08133274,3124759745.727077,,1.0,,13.717188000000002,79.630588,Electrosteel Castings Srikalahasthi steel plant,13.717188,79.630588,1.7683101649623721e-13,1.7683101649623721e-13
Hebei Jingdong Pipe Industry Co Ltd,1,0,,0.0,1,1,China,Asia Pacific,23.65,1,177055102.2953652,20955555398.846447,,1.0,,39.932656,118.836844,Hebei Jingdong Pipe Industry Co Ltd,39.932656,118.836844,0.0,0.0
Shijiazhuang Hongsen Melting & Casting Co Ltd,1,0,,0.0,1,1,China,Asia Pacific,19.47,1,945492196.1136818,24891376304.058777,,1.0,,38.021527,114.91695900000002,Shijiazhuang Hongsen Melting & Casting Co Ltd,38.021527,114.916959,0.0,0.0
