iso3,lat_bin,lon_bin,value,log10_value
CHN,18.25,108.75,1077773273.0,9.033
CHN,18.25,109.25,8988678476.0,9.954
CHN,18.25,109.75,11847320397.0,10.074
CHN,18.25,110.25,1134819135.0,9.055
CHN,18.75,108.75,1137312131.0,9.056
CHN,18.75,109.25,807817409.0,8.907
CHN,18.75,109.75,1184421636.0,9.074
CHN,18.75,110.25,6934620083.0,9.841
CHN,19.25,108.75,4065277394.0,9.609
CHN,19.25,109.25,2303168173.0,9.362
CHN,19.25,109.75,2238924540.0,9.35
CHN,19.25,110.25,4714896230.0,9.673
CHN,19.25,110.75,896654933.0,8.953
CHN,19.75,109.25,6021792674.0,9.78
CHN,19.75,109.75,6241150951.0,9.795
CHN,19.75,110.25,81043965987.0,10.909
CHN,19.75,110.75,4379279306.0,9.641
CHN,20.25,109.75,103576250.0,8.015
CHN,20.25,110.25,8616047154.0,9.935
CHN,20.25,110.75,82307830.0,7.915
CHN,20.75,109.75,624993302.0,8.796
CHN,20.75,110.25,5131807937.0,9.71
CHN,21.25,100.25,1405295.0,6.148
CHN,21.25,100.75,1425305.0,6.154
CHN,21.25,101.25,34041312.0,7.532
CHN,21.25,101.75,96223787.0,7.983
CHN,21.25,109.25,21317575558.0,10.329
CHN,21.25,109.75,816346653.0,8.912
CHN,21.25,110.25,35575205238.0,10.551
CHN,21.25,110.75,21547486874.0,10.333
CHN,21.25,111.25,395124238.0,8.597
CHN,21.75,99.75,1675223.0,6.224
CHN,21.75,100.25,343681891.0,8.536
CHN,21.75,100.75,1405690263.0,9.148
CHN,21.75,101.25,67076212.0,7.827
CHN,21.75,101.75,36563567.0,7.563
CHN,21.75,106.75,1905812.0,6.28
CHN,21.75,107.25,38970428.0,7.591
CHN,21.75,107.75,1369085596.0,9.136
CHN,21.75,108.25,3133006746.0,9.496
CHN,21.75,108.75,8610350786.0,9.935
CHN,21.75,109.25,7718237162.0,9.888
CHN,21.75,109.75,2343568766.0,9.37
CHN,21.75,110.25,14978635284.0,10.175
CHN,21.75,110.75,71129334023.0,10.852
CHN,21.75,111.25,15013241735.0,10.176
CHN,21.75,111.75,11133416499.0,10.047
CHN,21.75,112.25,4508740084.0,9.654
CHN,21.75,112.75,378790246.0,8.578
CHN,22.25,99.25,35017189.0,7.544
CHN,22.25,99.75,184788512.0,8.267
CHN,22.25,100.25,127395706.0,8.105
CHN,22.25,100.75,1990732445.0,9.299
CHN,22.25,101.25,28972839.0,7.462
CHN,22.25,101.75,5795720.0,6.763
CHN,22.25,102.25,1793601.0,6.254
CHN,22.25,103.25,604067.0,5.781
CHN,22.25,106.75,771101462.0,8.887
CHN,22.25,107.25,1448506236.0,9.161
CHN,22.25,107.75,500127062.0,8.699
CHN,22.25,108.25,276972300.0,8.442
CHN,22.25,108.75,1524824568.0,9.183
CHN,22.25,109.25,2566891785.0,9.409
CHN,22.25,109.75,2435826511.0,9.387
CHN,22.25,110.25,2699028550.0,9.431
CHN,22.25,110.75,5621154865.0,9.75
CHN,22.25,111.25,358844143.0,8.555
CHN,22.25,111.75,4022673649.0,9.605
CHN,22.25,112.25,6956967295.0,9.842
CHN,22.25,112.75,37902618530.0,10.579
CHN,22.25,113.25,93155016231.0,10.969
CHN,22.25,113.75,30438790954.0,10.483
CHN,22.75,99.25,17678142.0,7.247
CHN,22.75,99.75,483007170.0,8.684
CHN,22.75,100.25,65416719.0,7.816
CHN,22.75,100.75,2181354436.0,9.339
CHN,22.75,101.25,421920602.0,8.625
CHN,22.75,101.75,69142027.0,7.84
CHN,22.75,102.25,76195114.0,7.882
CHN,22.75,102.75,81685164.0,7.912
CHN,22.75,103.25,365793494.0,8.563
CHN,22.75,103.75,260677744.0,8.416
CHN,22.75,104.25,168032932.0,8.225
CHN,22.75,104.75,99578129.0,7.998
CHN,22.75,105.75,3462881.0,6.539
CHN,22.75,106.25,19337108.0,7.286
CHN,22.75,106.75,78316148.0,7.894
CHN,22.75,107.25,281962203.0,8.45
CHN,22.75,107.75,1246662598.0,9.096
CHN,22.75,108.25,225692536234.0,11.354
CHN,22.75,108.75,3495551099.0,9.544
CHN,22.75,109.25,3492975058.0,9.543
CHN,22.75,109.75,2689215486.0,9.43
CHN,22.75,110.25,42365564719.0,10.627
CHN,22.75,110.75,3473865835.0,9.541
CHN,22.75,111.25,1813599419.0,9.259
CHN,22.75,111.75,7706948785.0,9.887
CHN,22.75,112.25,15249163700.0,10.183
CHN,22.75,112.75,82168055721.0,10.915
CHN,22.75,113.25,684680263338.0,11.835
CHN,22.75,113.75,746522541661.0,11.873
CHN,22.75,114.25,751916138101.0,11.876
CHN,22.75,114.75,25920289263.0,10.414
CHN,22.75,115.25,21394405462.0,10.33
CHN,22.75,115.75,15120112868.0,10.18
CHN,22.75,116.25,4156551939.0,9.619
CHN,23.25,98.75,10913826.0,7.038
CHN,23.25,99.25,187159506.0,8.272
CHN,23.25,99.75,141301629.0,8.15
CHN,23.25,100.25,48696138.0,7.687
CHN,23.25,100.75,114804942.0,8.06
CHN,23.25,101.25,181160883.0,8.258
CHN,23.25,101.75,258596146.0,8.413
CHN,23.25,102.25,311297558.0,8.493
CHN,23.25,102.75,314599967.0,8.498
CHN,23.25,103.25,12947885299.0,10.112
CHN,23.25,103.75,177677897.0,8.25
CHN,23.25,104.25,5614677121.0,9.749
CHN,23.25,104.75,1076886157.0,9.032
CHN,23.25,105.25,321779477.0,8.508
CHN,23.25,105.75,205684099.0,8.313
CHN,23.25,106.25,1612139070.0,9.207
CHN,23.25,106.75,812158085.0,8.91
CHN,23.25,107.25,568129876.0,8.754
CHN,23.25,107.75,2536966958.0,9.404
CHN,23.25,108.25,4350909701.0,9.639
CHN,23.25,108.75,5716507766.0,9.757
CHN,23.25,109.25,1929990315.0,9.286
CHN,23.25,109.75,13920929499.0,10.144
CHN,23.25,110.25,5681939532.0,9.754
CHN,23.25,110.75,1878364864.0,9.274
CHN,23.25,111.25,14322548078.0,10.156
CHN,23.25,111.75,3783323830.0,9.578
CHN,23.25,112.25,32952947059.0,10.518
CHN,23.25,112.75,107371278319.0,11.031
CHN,23.25,113.25,1338577131345.0,12.127
CHN,23.25,113.75,378271703512.0,11.578
CHN,23.25,114.25,170783426528.0,11.232
CHN,23.25,114.75,13113374670.0,10.118
CHN,23.25,115.25,3065111970.0,9.486
CHN,23.25,115.75,6397152743.0,9.806
CHN,23.25,116.25,200122415008.0,11.301
CHN,23.25,116.75,175782936545.0,11.245
CHN,23.25,117.25,116613040.0,8.067
CHN,23.75,97.75,104318644.0,8.018
CHN,23.75,98.75,119094288.0,8.076
CHN,23.75,99.25,320776044.0,8.506
CHN,23.75,99.75,110144445.0,8.042
CHN,23.75,100.25,1646789554.0,9.217
CHN,23.75,100.75,104156568.0,8.018
CHN,23.75,101.25,75084043.0,7.876
CHN,23.75,101.75,460363190.0,8.663
CHN,23.75,102.25,745518463.0,8.872
CHN,23.75,102.75,2676578718.0,9.428
CHN,23.75,103.25,2972155358.0,9.473
CHN,23.75,103.75,487007597.0,8.688
CHN,23.75,104.25,886875815.0,8.948
CHN,23.75,104.75,226105798.0,8.354
CHN,23.75,105.25,163190136.0,8.213
CHN,23.75,105.75,268756463.0,8.429
CHN,23.75,106.25,102523041.0,8.011
CHN,23.75,106.75,3974901564.0,9.599
CHN,23.75,107.25,1280642322.0,9.107
CHN,23.75,107.75,524371523.0,8.72
CHN,23.75,108.25,1083698736.0,9.035
CHN,23.75,108.75,1175978585.0,9.07
CHN,23.75,109.25,6966462396.0,9.843
CHN,23.75,109.75,1144417551.0,9.059
CHN,23.75,110.25,4503434599.0,9.654
CHN,23.75,110.75,306853939.0,8.487
CHN,23.75,111.25,3543812283.0,9.549
CHN,23.75,111.75,475198476.0,8.677
CHN,23.75,112.25,3254329815.0,9.512
CHN,23.75,112.75,13660773748.0,10.135
CHN,23.75,113.25,35940340335.0,10.556
CHN,23.75,113.75,11997411120.0,10.079
CHN,23.75,114.25,2561233493.0,9.408
CHN,23.75,114.75,22966703903.0,10.361
CHN,23.75,115.25,1448916134.0,9.161
CHN,23.75,115.75,4047615778.0,9.607
CHN,23.75,116.25,88853390013.0,10.949
CHN,23.75,116.75,128862703071.0,11.11
CHN,23.75,117.25,16399365104.0,10.215
CHN,23.75,117.75,1569625709.0,9.196
CHN,24.25,97.75,1695814212.0,9.229
CHN,24.25,98.25,209436607.0,8.321
CHN,24.25,98.75,1541003071.0,9.188
CHN,24.25,99.25,195033789.0,8.29
CHN,24.25,99.75,110227478.0,8.042
CHN,24.25,100.25,540240645.0,8.733
CHN,24.25,100.75,145491329.0,8.163
CHN,24.25,101.25,113739272.0,8.056
CHN,24.25,101.75,342691011.0,8.535
CHN,24.25,102.25,2727723387.0,9.436
CHN,24.25,102.75,21308494154.0,10.329
CHN,24.25,103.25,2066118637.0,9.315
CHN,24.25,103.75,352761968.0,8.547
CHN,24.25,104.25,510891939.0,8.708
CHN,24.25,104.75,105210911.0,8.022
CHN,24.25,105.25,299251434.0,8.476
CHN,24.25,105.75,39221160.0,7.594
CHN,24.25,106.25,124515230.0,8.095
CHN,24.25,106.75,195079341.0,8.29
CHN,24.25,107.25,274104138.0,8.438
CHN,24.25,107.75,102930964.0,8.013
CHN,24.25,108.25,146135957.0,8.165
CHN,24.25,108.75,1032482409.0,9.014
CHN,24.25,109.25,102558733308.0,11.011
CHN,24.25,109.75,3649076235.0,9.562
CHN,24.25,110.25,736151711.0,8.867
CHN,24.25,110.75,398854389.0,8.601
CHN,24.25,111.25,1402765255.0,9.147
CHN,24.25,111.75,4400051535.0,9.643
CHN,24.25,112.25,230808884.0,8.363
CHN,24.25,112.75,1068060191.0,9.029
CHN,24.25,113.25,5463269732.0,9.737
CHN,24.25,113.75,1209358197.0,9.083
CHN,24.25,114.25,1330133360.0,9.124
CHN,24.25,114.75,2251175998.0,9.352
CHN,24.25,115.25,3329256770.0,9.522
CHN,24.25,115.75,9411915104.0,9.974
CHN,24.25,116.25,16652285456.0,10.221
CHN,24.25,116.75,1847656560.0,9.267
CHN,24.25,117.25,2859938718.0,9.456
CHN,24.25,117.75,29708328359.0,10.473
CHN,24.25,118.25,111693700797.0,11.048
CHN,24.75,97.75,552860374.0,8.743
CHN,24.75,98.25,367890885.0,8.566
CHN,24.75,98.75,499488676.0,8.699
CHN,24.75,99.25,676075061.0,8.83
CHN,24.75,99.75,1048930583.0,9.021
CHN,24.75,100.25,241360422.0,8.383
CHN,24.75,100.75,99742003.0,7.999
CHN,24.75,101.25,72119460.0,7.858
CHN,24.75,101.75,1233533474.0,9.091
CHN,24.75,102.25,7143049868.0,9.854
CHN,24.75,102.75,83331712804.0,10.921
CHN,24.75,103.25,4538042299.0,9.657
CHN,24.75,103.75,2715786204.0,9.434
CHN,24.75,104.25,1526994563.0,9.184
CHN,24.75,104.75,156723474.0,8.195
CHN,24.75,105.25,322988803.0,8.509
CHN,24.75,105.75,120822594.0,8.082
CHN,24.75,106.25,53519001.0,7.729
CHN,24.75,106.75,120571228.0,8.081
CHN,24.75,107.25,265346738.0,8.424
CHN,24.75,107.75,347307218.0,8.541
CHN,24.75,108.25,2878538439.0,9.459
CHN,24.75,108.75,616134628.0,8.79
CHN,24.75,109.25,661070793.0,8.82
CHN,24.75,109.75,235588355.0,8.372
CHN,24.75,110.25,1548152685.0,9.19
CHN,24.75,110.75,1274986656.0,9.106
CHN,24.75,111.25,1326900088.0,9.123
CHN,24.75,111.75,200352357.0,8.302
CHN,24.75,112.25,2476480125.0,9.394
CHN,24.75,112.75,174848126.0,8.243
CHN,24.75,113.25,1018072537.0,9.008
CHN,24.75,113.75,28880038992.0,10.461
CHN,24.75,114.25,705150775.0,8.848
CHN,24.75,114.75,1928091824.0,9.285
CHN,24.75,115.25,597278522.0,8.776
CHN,24.75,115.75,1651475246.0,9.218
CHN,24.75,116.25,1467434557.0,9.167
CHN,24.75,116.75,1693169551.0,9.229
CHN,24.75,117.25,1353373362.0,9.131
CHN,24.75,117.75,73445062930.0,10.866
CHN,24.75,118.25,147578003704.0,11.169
CHN,24.75,118.75,224966683825.0,11.352
CHN,25.25,97.75,5014722.0,6.7
CHN,25.25,98.25,438535561.0,8.642
CHN,25.25,98.75,458744142.0,8.662
CHN,25.25,99.25,7480552972.0,9.874
CHN,25.25,99.75,209328314.0,8.321
CHN,25.25,100.25,1008361536.0,9.004
CHN,25.25,100.75,1533407188.0,9.186
CHN,25.25,101.25,1038641188.0,9.016
CHN,25.25,101.75,5711667353.0,9.757
CHN,25.25,102.25,1162280232.0,9.065
CHN,25.25,102.75,211096163439.0,11.324
CHN,25.25,103.25,4346979998.0,9.638
CHN,25.25,103.75,13984221541.0,10.146
CHN,25.25,104.25,345557831.0,8.539
CHN,25.25,104.75,12133029479.0,10.084
CHN,25.25,105.25,2265862054.0,9.355
CHN,25.25,105.75,488179997.0,8.689
CHN,25.25,106.25,217276681.0,8.337
CHN,25.25,106.75,277585222.0,8.443
CHN,25.25,107.25,108050117.0,8.034
CHN,25.25,107.75,295783661.0,8.471
CHN,25.25,108.25,45612703.0,7.659
CHN,25.25,108.75,63465925.0,7.803
CHN,25.25,109.25,1166893452.0,9.067
CHN,25.25,109.75,126889213.0,8.103
CHN,25.25,110.25,50366533532.0,10.702
CHN,25.25,110.75,98900070.0,7.995
CHN,25.25,111.25,352089738.0,8.547
CHN,25.25,111.75,1208338683.0,9.082
CHN,25.25,112.25,619573608.0,8.792
CHN,25.25,112.75,2093477279.0,9.321
CHN,25.25,113.25,1193558138.0,9.077
CHN,25.25,113.75,568658281.0,8.755
CHN,25.25,114.25,1582039014.0,9.199
CHN,25.25,114.75,1516420606.0,9.181
CHN,25.25,115.25,492195517.0,8.692
CHN,25.25,115.75,168869031.0,8.228
CHN,25.25,116.25,2136691536.0,9.33
CHN,25.25,116.75,4185255731.0,9.622
CHN,25.25,117.25,12981284516.0,10.113
CHN,25.25,117.75,1217136397.0,9.085
CHN,25.25,118.25,31621547814.0,10.5
CHN,25.25,118.75,56746983840.0,10.754
CHN,25.25,119.25,54305834989.0,10.735
CHN,25.25,119.75,905659918.0,8.957
CHN,25.75,98.25,7651382.0,6.884
CHN,25.75,98.75,237015407.0,8.375
CHN,25.75,99.25,118205853.0,8.073
CHN,25.75,99.75,136182138.0,8.134
CHN,25.75,100.25,11855090072.0,10.074
CHN,25.75,100.75,1739172869.0,9.24
CHN,25.75,101.25,529258326.0,8.724
CHN,25.75,101.75,543226584.0,8.735
CHN,25.75,102.25,580130919.0,8.764
CHN,25.75,102.75,326794095.0,8.514
CHN,25.75,103.25,936770468.0,8.972
CHN,25.75,103.75,11642996880.0,10.066
CHN,25.75,104.25,2841888770.0,9.454
CHN,25.75,104.75,1480821866.0,9.171
CHN,25.75,105.25,463137761.0,8.666
CHN,25.75,105.75,938275360.0,8.972
CHN,25.75,106.25,747049157.0,8.873
CHN,25.75,106.75,157564158.0,8.197
CHN,25.75,107.25,228541626.0,8.359
CHN,25.75,107.75,948739836.0,8.977
CHN,25.75,108.25,183453538.0,8.264
CHN,25.75,108.75,520251866.0,8.716
CHN,25.75,109.25,258674998.0,8.413
CHN,25.75,109.75,313240034.0,8.496
CHN,25.75,110.25,144247990.0,8.159
CHN,25.75,110.75,757518933.0,8.879
CHN,25.75,111.25,1169038204.0,9.068
CHN,25.75,111.75,2925807449.0,9.466
CHN,25.75,112.25,2423666897.0,9.384
CHN,25.75,112.75,4165006467.0,9.62
CHN,25.75,113.25,16558809243.0,10.219
CHN,25.75,113.75,365117928.0,8.562
CHN,25.75,114.25,353888834.0,8.549
CHN,25.75,114.75,43541233810.0,10.639
CHN,25.75,115.25,5616002774.0,9.749
CHN,25.75,115.75,1888048784.0,9.276
CHN,25.75,116.25,5670149818.0,9.754
CHN,25.75,116.75,1096862549.0,9.04
CHN,25.75,117.25,3118610699.0,9.494
CHN,25.75,117.75,1131609536.0,9.054
CHN,25.75,118.25,1046110528.0,9.02
CHN,25.75,118.75,855107768.0,8.932
CHN,25.75,119.25,43402239484.0,10.638
CHN,25.75,119.75,21188003948.0,10.326
CHN,26.25,98.75,27473564.0,7.439
CHN,26.25,99.25,269414893.0,8.43
CHN,26.25,99.75,313370566.0,8.496
CHN,26.25,100.25,386868400.0,8.588
CHN,26.25,100.75,89582877.0,7.952
CHN,26.25,101.25,47532229.0,7.677
CHN,26.25,101.75,1129020292.0,9.053
CHN,26.25,102.25,108908568.0,8.037
CHN,26.25,102.75,221232932.0,8.345
CHN,26.25,103.25,1705980430.0,9.232
CHN,26.25,103.75,162465252.0,8.211
CHN,26.25,104.25,4601621943.0,9.663
CHN,26.25,104.75,523298057.0,8.719
CHN,26.25,105.25,1770595732.0,9.248
CHN,26.25,105.75,16819757933.0,10.226
CHN,26.25,106.25,5143300839.0,9.711
CHN,26.25,106.75,23453891365.0,10.37
CHN,26.25,107.25,1582313100.0,9.199
CHN,26.25,107.75,4232655196.0,9.627
CHN,26.25,108.25,191059930.0,8.281
CHN,26.25,108.75,98025794.0,7.991
CHN,26.25,109.25,252309902.0,8.402
CHN,26.25,109.75,236020254.0,8.373
CHN,26.25,110.25,290923228.0,8.464
CHN,26.25,110.75,421082456.0,8.624
CHN,26.25,111.25,563222526.0,8.751
CHN,26.25,111.75,8506678329.0,9.93
CHN,26.25,112.25,1845615831.0,9.266
CHN,26.25,112.75,5850124485.0,9.767
CHN,26.25,113.25,855736842.0,8.932
CHN,26.25,113.75,383494685.0,8.584
CHN,26.25,114.25,228807418.0,8.359
CHN,26.25,114.75,1122242482.0,9.05
CHN,26.25,115.25,2267030110.0,9.355
CHN,26.25,115.75,938277079.0,8.972
CHN,26.25,116.25,1870044323.0,9.272
CHN,26.25,116.75,694438379.0,8.842
CHN,26.25,117.25,672043694.0,8.827
CHN,26.25,117.75,8697682548.0,9.939
CHN,26.25,118.25,924347527.0,8.966
CHN,26.25,118.75,1503413560.0,9.177
CHN,26.25,119.25,102736293016.0,11.012
CHN,26.25,119.75,10310229824.0,10.013
CHN,26.75,98.75,40543519.0,7.608
CHN,26.75,99.25,82690461.0,7.917
CHN,26.75,99.75,277669167.0,8.444
CHN,26.75,100.25,7579169343.0,9.88
CHN,26.75,100.75,252105699.0,8.402
CHN,26.75,101.25,309577325.0,8.491
CHN,26.75,101.75,20212057319.0,10.306
CHN,26.75,102.25,790296518.0,8.898
CHN,26.75,102.75,593102038.0,8.773
CHN,26.75,103.25,220602918.0,8.344
CHN,26.75,103.75,315041038.0,8.498
CHN,26.75,104.25,1911620377.0,9.281
CHN,26.75,104.75,15653238242.0,10.195
CHN,26.75,105.25,1068076937.0,9.029
CHN,26.75,105.75,2273270596.0,9.357
CHN,26.75,106.25,5314400913.0,9.725
CHN,26.75,106.75,197122762580.0,11.295
CHN,26.75,107.25,1182798316.0,9.073
CHN,26.75,107.75,6813924153.0,9.833
CHN,26.75,108.25,1248317238.0,9.096
CHN,26.75,108.75,511340525.0,8.709
CHN,26.75,109.25,617442471.0,8.791
CHN,26.75,109.75,709576444.0,8.851
CHN,26.75,110.25,431007230.0,8.634
CHN,26.75,110.75,2506836018.0,9.399
CHN,26.75,111.25,529085305.0,8.724
CHN,26.75,111.75,2374434704.0,9.376
CHN,26.75,112.25,3691007474.0,9.567
CHN,26.75,112.75,47342952353.0,10.675
CHN,26.75,113.25,1044500908.0,9.019
CHN,26.75,113.75,945022709.0,8.975
CHN,26.75,114.25,694654762.0,8.842
CHN,26.75,114.75,2578004201.0,9.411
CHN,26.75,115.25,233606069.0,8.368
CHN,26.75,115.75,222051491.0,8.346
CHN,26.75,116.25,751467649.0,8.876
CHN,26.75,116.75,175502087.0,8.244
CHN,26.75,117.25,564879582.0,8.752
CHN,26.75,117.75,635551028.0,8.803
CHN,26.75,118.25,4976657795.0,9.697
CHN,26.75,118.75,1119484914.0,9.049
CHN,26.75,119.25,775029537.0,8.889
CHN,26.75,119.75,6536631093.0,9.815
CHN,26.75,120.25,718576040.0,8.856
CHN,27.25,88.75,14289066.0,7.155
CHN,27.25,98.75,17436541.0,7.241
CHN,27.25,99.25,132099230.0,8.121
CHN,27.25,99.75,35593702.0,7.551
CHN,27.25,100.25,50047898.0,7.699
CHN,27.25,100.75,116082139.0,8.065
CHN,27.25,101.25,139879451.0,8.146
CHN,27.25,101.75,216555141.0,8.336
CHN,27.25,102.25,633569971.0,8.802
CHN,27.25,102.75,594538952.0,8.774
CHN,27.25,103.25,229110450.0,8.36
CHN,27.25,103.75,10809652732.0,10.034
CHN,27.25,104.25,227429284.0,8.357
CHN,27.25,104.75,2162755530.0,9.335
CHN,27.25,105.25,8869373616.0,9.948
CHN,27.25,105.75,1985298065.0,9.298
CHN,27.25,106.25,3393491105.0,9.531
CHN,27.25,106.75,2911675042.0,9.464
CHN,27.25,107.25,1485237511.0,9.172
CHN,27.25,107.75,830208501.0,8.919
CHN,27.25,108.25,443557045.0,8.647
CHN,27.25,108.75,869254585.0,8.939
CHN,27.25,109.25,893819485.0,8.951
CHN,27.25,109.75,1642332988.0,9.215
CHN,27.25,110.25,539057943.0,8.732
CHN,27.25,110.75,1496145109.0,9.175
CHN,27.25,111.25,22063114551.0,10.344
CHN,27.25,111.75,8022496535.0,9.904
CHN,27.25,112.25,2322617305.0,9.366
CHN,27.25,112.75,1868770497.0,9.272
CHN,27.25,113.25,542191310.0,8.734
CHN,27.25,113.75,346151246.0,8.539
CHN,27.25,114.25,200984929.0,8.303
CHN,27.25,114.75,14043277413.0,10.147
CHN,27.25,115.25,7519875750.0,9.876
CHN,27.25,115.75,397285391.0,8.599
CHN,27.25,116.25,233355141.0,8.368
CHN,27.25,116.75,1233904823.0,9.091
CHN,27.25,117.25,1000510917.0,9.0
CHN,27.25,117.75,715282833.0,8.854
CHN,27.25,118.25,2518670239.0,9.401
CHN,27.25,118.75,320160134.0,8.505
CHN,27.25,119.25,432975887.0,8.636
CHN,27.25,119.75,3740350676.0,9.573
CHN,27.25,120.25,8052630238.0,9.906
CHN,27.25,120.75,6328305102.0,9.801
CHN,27.75,85.75,1273138.0,6.105
CHN,27.75,86.25,749872.0,5.875
CHN,27.75,86.75,44709.0,4.65
CHN,27.75,87.25,1220103.0,6.086
CHN,27.75,87.75,616611.0,5.79
CHN,27.75,88.25,113171.0,5.054
CHN,27.75,88.75,2053208.0,6.312
CHN,27.75,89.25,1836669.0,6.264
CHN,27.75,91.75,939341.0,5.973
CHN,27.75,92.25,1410421.0,6.149
CHN,27.75,92.75,407363.0,5.61
CHN,27.75,98.25,2702429.0,6.432
CHN,27.75,98.75,31707580.0,7.501
CHN,27.75,99.25,30946013.0,7.491
CHN,27.75,99.75,193261177.0,8.286
CHN,27.75,100.25,14814352.0,7.171
CHN,27.75,100.75,31997811.0,7.505
CHN,27.75,101.25,70477247.0,7.848
CHN,27.75,101.75,37975770.0,7.58
CHN,27.75,102.25,13295647424.0,10.124
CHN,27.75,102.75,128693024.0,8.11
CHN,27.75,103.25,136456982.0,8.135
CHN,27.75,103.75,913052811.0,8.96
CHN,27.75,104.25,1594090319.0,9.203
CHN,27.75,104.75,919238222.0,8.963
CHN,27.75,105.25,611004162.0,8.786
CHN,27.75,105.75,220491282.0,8.343
CHN,27.75,106.25,4169480109.0,9.62
CHN,27.75,106.75,40640471850.0,10.609
CHN,27.75,107.25,4661077801.0,9.668
CHN,27.75,107.75,774445477.0,8.889
CHN,27.75,108.25,1433312395.0,9.156
CHN,27.75,108.75,337989338.0,8.529
CHN,27.75,109.25,5408675539.0,9.733
CHN,27.75,109.75,15056494322.0,10.178
CHN,27.75,110.25,1292472814.0,9.111
CHN,27.75,110.75,1633474109.0,9.213
CHN,27.75,111.25,5527758680.0,9.743
CHN,27.75,111.75,10807909560.0,10.034
CHN,27.75,112.25,5677068553.0,9.754
CHN,27.75,112.75,59215146975.0,10.772
CHN,27.75,113.25,63410317148.0,10.802
CHN,27.75,113.75,15133103613.0,10.18
CHN,27.75,114.25,13868056951.0,10.142
CHN,27.75,114.75,14811919122.0,10.171
CHN,27.75,115.25,1633132770.0,9.213
CHN,27.75,115.75,318623169.0,8.503
CHN,27.75,116.25,15146341335.0,10.18
CHN,27.75,116.75,2036037644.0,9.309
CHN,27.75,117.25,426319176.0,8.63
CHN,27.75,117.75,550250226.0,8.741
CHN,27.75,118.25,1293439473.0,9.112
CHN,27.75,118.75,882088406.0,8.946
CHN,27.75,119.25,314548467.0,8.498
CHN,27.75,119.75,1029342688.0,9.013
CHN,27.75,120.25,19703820547.0,10.295
CHN,27.75,120.75,226572619229.0,11.355
CHN,27.75,121.25,128343850.0,8.108
CHN,28.25,85.25,2342319.0,6.37
CHN,28.25,85.75,2705713.0,6.432
CHN,28.25,86.25,2310770.0,6.364
CHN,28.25,86.75,2773325.0,6.443
CHN,28.25,87.25,3514411.0,6.546
CHN,28.25,87.75,5874755.0,6.769
CHN,28.25,88.25,3217609.0,6.508
CHN,28.25,88.75,2987116.0,6.475
CHN,28.25,89.25,2640853.0,6.422
CHN,28.25,89.75,1700449.0,6.231
CHN,28.25,90.25,856282.0,5.933
CHN,28.25,90.75,4173646.0,6.621
CHN,28.25,91.25,4674205.0,6.67
CHN,28.25,91.75,2736682.0,6.437
CHN,28.25,92.25,13129579.0,7.118
CHN,28.25,92.75,3584075.0,6.554
CHN,28.25,93.25,140646.0,5.148
CHN,28.25,96.25,67866.0,4.832
CHN,28.25,96.75,518987.0,5.715
CHN,28.25,97.25,1174956.0,6.07
CHN,28.25,97.75,376089.0,5.575
CHN,28.25,98.25,2262487.0,6.355
CHN,28.25,98.75,11490665.0,7.06
CHN,28.25,99.25,12743142.0,7.105
CHN,28.25,99.75,6746497.0,6.829
CHN,28.25,100.25,4811812.0,6.682
CHN,28.25,100.75,10310995.0,7.013
CHN,28.25,101.25,11554480.0,7.063
CHN,28.25,101.75,38178680.0,7.582
CHN,28.25,102.25,571220749.0,8.757
CHN,28.25,102.75,145903581.0,8.164
CHN,28.25,103.25,220777966.0,8.344
CHN,28.25,103.75,2413458988.0,9.383
CHN,28.25,104.25,1596944417.0,9.203
CHN,28.25,104.75,4043317705.0,9.607
CHN,28.25,105.25,2571869151.0,9.41
CHN,28.25,105.75,718471012.0,8.856
CHN,28.25,106.25,972021974.0,8.988
CHN,28.25,106.75,1102415396.0,9.042
CHN,28.25,107.25,157533659.0,8.197
CHN,28.25,107.75,300446906.0,8.478
CHN,28.25,108.25,1281549908.0,9.108
CHN,28.25,108.75,821416553.0,8.915
CHN,28.25,109.25,919502763.0,8.964
CHN,28.25,109.75,3390388352.0,9.53
CHN,28.25,110.25,1039130120.0,9.017
CHN,28.25,110.75,151079474.0,8.179
CHN,28.25,111.25,462195709.0,8.665
CHN,28.25,111.75,284063600.0,8.453
CHN,28.25,112.25,1250896447.0,9.097
CHN,28.25,112.75,241034963489.0,11.382
CHN,28.25,113.25,140412571851.0,11.147
CHN,28.25,113.75,1682333316.0,9.226
CHN,28.25,114.25,1222793303.0,9.087
CHN,28.25,114.75,2877686063.0,9.459
CHN,28.25,115.25,4594329936.0,9.662
CHN,28.25,115.75,17049498022.0,10.232
CHN,28.25,116.25,5643976320.0,9.752
CHN,28.25,116.75,4912264530.0,9.691
CHN,28.25,117.25,10287798987.0,10.012
CHN,28.25,117.75,19075241741.0,10.28
CHN,28.25,118.25,3714196669.0,9.57
CHN,28.25,118.75,76562581.0,7.884
CHN,28.25,119.25,2466206611.0,9.392
CHN,28.25,119.75,12301085698.0,10.09
CHN,28.25,120.25,4818438225.0,9.683
CHN,28.25,120.75,111373959186.0,11.047
CHN,28.25,121.25,60744267644.0,10.784
CHN,28.25,121.75,4699224547.0,9.672
CHN,28.75,84.25,17722.0,4.249
CHN,28.75,84.75,1022901.0,6.01
CHN,28.75,85.25,2127597.0,6.328
CHN,28.75,85.75,1856463.0,6.269
CHN,28.75,86.25,2632335.0,6.42
CHN,28.75,86.75,4104910.0,6.613
CHN,28.75,87.25,12405255.0,7.094
CHN,28.75,87.75,9672772.0,6.986
CHN,28.75,88.25,13122315.0,7.118
CHN,28.75,88.75,4877049.0,6.688
CHN,28.75,89.25,13202767.0,7.121
CHN,28.75,89.75,50934153.0,7.707
CHN,28.75,90.25,5419706.0,6.734
CHN,28.75,90.75,6480515.0,6.812
CHN,28.75,91.25,4821530.0,6.683
CHN,28.75,91.75,7075510.0,6.85
CHN,28.75,92.25,5408054.0,6.733
CHN,28.75,92.75,3670210.0,6.565
CHN,28.75,93.25,4081868.0,6.611
CHN,28.75,93.75,3684890.0,6.566
CHN,28.75,94.25,108399.0,5.035
CHN,28.75,96.25,34050.0,4.532
CHN,28.75,96.75,1291796.0,6.111
CHN,28.75,97.25,1460297.0,6.164
CHN,28.75,97.75,2135411.0,6.329
CHN,28.75,98.25,2207415.0,6.344
CHN,28.75,98.75,7482257.0,6.874
CHN,28.75,99.25,16327695.0,7.213
CHN,28.75,99.75,25232769.0,7.402
CHN,28.75,100.25,8176330.0,6.913
CHN,28.75,100.75,6236644.0,6.795
CHN,28.75,101.25,7594288.0,6.88
CHN,28.75,101.75,20404022.0,7.31
CHN,28.75,102.25,286741983.0,8.457
CHN,28.75,102.75,278064699.0,8.444
CHN,28.75,103.25,180843307.0,8.257
CHN,28.75,103.75,2212346455.0,9.345
CHN,28.75,104.25,2463491360.0,9.392
CHN,28.75,104.75,28443355651.0,10.454
CHN,28.75,105.25,28172691336.0,10.45
CHN,28.75,105.75,4860967172.0,9.687
CHN,28.75,106.25,158155314.0,8.199
CHN,28.75,106.75,2431636057.0,9.386
CHN,28.75,107.25,488399209.0,8.689
CHN,28.75,107.75,872195758.0,8.941
CHN,28.75,108.25,495068303.0,8.695
CHN,28.75,108.75,659163316.0,8.819
CHN,28.75,109.25,410928295.0,8.614
CHN,28.75,109.75,980173514.0,8.991
CHN,28.75,110.25,108561326.0,8.036
CHN,28.75,110.75,337258282.0,8.528
CHN,28.75,111.25,1205967006.0,9.081
CHN,28.75,111.75,6657035975.0,9.823
CHN,28.75,112.25,15388627998.0,10.187
CHN,28.75,112.75,4706475819.0,9.673
CHN,28.75,113.25,3382897680.0,9.529
CHN,28.75,113.75,1203448366.0,9.08
CHN,28.75,114.25,189534382.0,8.278
CHN,28.75,114.75,144511476.0,8.16
CHN,28.75,115.25,1760572725.0,9.246
CHN,28.75,115.75,283737967244.0,11.453
CHN,28.75,116.25,9550364214.0,9.98
CHN,28.75,116.75,3114034419.0,9.493
CHN,28.75,117.25,3941187560.0,9.596
CHN,28.75,117.75,1087629534.0,9.036
CHN,28.75,118.25,3451633757.0,9.538
CHN,28.75,118.75,21139097322.0,10.325
CHN,28.75,119.25,1907536330.0,9.28
CHN,28.75,119.75,9589148729.0,9.982
CHN,28.75,120.25,21070042705.0,10.324
CHN,28.75,120.75,3330749370.0,9.523
CHN,28.75,121.25,115540672415.0,11.063
CHN,28.75,121.75,5996171743.0,9.778
CHN,29.25,83.25,15593.0,4.193
CHN,29.25,83.75,274009.0,5.438
CHN,29.25,84.25,711809.0,5.852
CHN,29.25,84.75,1103481.0,6.043
CHN,29.25,85.25,2589614.0,6.413
CHN,29.25,85.75,1427399.0,6.155
CHN,29.25,86.25,2538293.0,6.405
CHN,29.25,86.75,4653551.0,6.668
CHN,29.25,87.25,6753987.0,6.83
CHN,29.25,87.75,22032588.0,7.343
CHN,29.25,88.25,24988841.0,7.398
CHN,29.25,88.75,1008728820.0,9.004
CHN,29.25,89.25,36381311.0,7.561
CHN,29.25,89.75,22957635.0,7.361
CHN,29.25,90.25,19004188.0,7.279
CHN,29.25,90.75,85666994.0,7.933
CHN,29.25,91.25,36521829.0,7.563
CHN,29.25,91.75,323607703.0,8.51
CHN,29.25,92.25,15427954.0,7.188
CHN,29.25,92.75,25019476.0,7.398
CHN,29.25,93.25,5076782.0,6.706
CHN,29.25,93.75,2464046.0,6.392
CHN,29.25,94.25,6817726.0,6.834
CHN,29.25,94.75,1501878.0,6.177
CHN,29.25,95.25,3142876.0,6.497
CHN,29.25,95.75,441179.0,5.645
CHN,29.25,96.25,300036.0,5.477
CHN,29.25,96.75,1956881.0,6.292
CHN,29.25,97.25,2805756.0,6.448
CHN,29.25,97.75,1859857.0,6.269
CHN,29.25,98.25,2515257.0,6.401
CHN,29.25,98.75,8043595.0,6.905
CHN,29.25,99.25,13816295.0,7.14
CHN,29.25,99.75,4933124.0,6.693
CHN,29.25,100.25,19203110.0,7.283
CHN,29.25,100.75,3446888.0,6.537
CHN,29.25,101.25,5860941.0,6.768
CHN,29.25,101.75,5231526.0,6.719
CHN,29.25,102.25,386371829.0,8.587
CHN,29.25,102.75,538562947.0,8.731
CHN,29.25,103.25,351842660.0,8.546
CHN,29.25,103.75,6590031962.0,9.819
CHN,29.25,104.25,2455825769.0,9.39
CHN,29.25,104.75,21451495348.0,10.331
CHN,29.25,105.25,6141902327.0,9.788
CHN,29.25,105.75,16318410777.0,10.213
CHN,29.25,106.25,55348386412.0,10.743
CHN,29.25,106.75,54134297219.0,10.733
CHN,29.25,107.25,1998289682.0,9.301
CHN,29.25,107.75,379682603.0,8.579
CHN,29.25,108.25,637918679.0,8.805
CHN,29.25,108.75,946106433.0,8.976
CHN,29.25,109.25,1920084869.0,9.283
CHN,29.25,109.75,821800863.0,8.915
CHN,29.25,110.25,4536909070.0,9.657
CHN,29.25,110.75,968907196.0,8.986
CHN,29.25,111.25,863816752.0,8.936
CHN,29.25,111.75,37037077948.0,10.569
CHN,29.25,112.25,2629268833.0,9.42
CHN,29.25,112.75,520592372.0,8.716
CHN,29.25,113.25,49832298287.0,10.698
CHN,29.25,113.75,959782241.0,8.982
CHN,29.25,114.25,207729847.0,8.317
CHN,29.25,114.75,349649080.0,8.544
CHN,29.25,115.25,1611446737.0,9.207
CHN,29.25,115.75,2341918733.0,9.37
CHN,29.25,116.25,1920643621.0,9.283
CHN,29.25,116.75,1500361673.0,9.176
CHN,29.25,117.25,16825819922.0,10.226
CHN,29.25,117.75,874849060.0,8.942
CHN,29.25,118.25,877405426.0,8.943
CHN,29.25,118.75,1340229463.0,9.127
CHN,29.25,119.25,16768488992.0,10.224
CHN,29.25,119.75,66904179817.0,10.825
CHN,29.25,120.25,105424932836.0,11.023
CHN,29.25,120.75,4829329907.0,9.684
CHN,29.25,121.25,16490098465.0,10.217
CHN,29.25,121.75,8669969216.0,9.938
CHN,29.75,82.25,15109.0,4.179
CHN,29.75,82.75,78262.0,4.894
CHN,29.75,83.25,774343.0,5.889
CHN,29.75,83.75,1023436.0,6.01
CHN,29.75,84.25,1285610.0,6.109
CHN,29.75,84.75,1089561.0,6.037
CHN,29.75,85.25,546480.0,5.738
CHN,29.75,85.75,644103.0,5.809
CHN,29.75,86.25,490066.0,5.69
CHN,29.75,86.75,1220816.0,6.087
CHN,29.75,87.25,2146135.0,6.332
CHN,29.75,87.75,5332214.0,6.727
CHN,29.75,88.25,3723860.0,6.571
CHN,29.75,88.75,4698392.0,6.672
CHN,29.75,89.25,21772074.0,7.338
CHN,29.75,89.75,7344044.0,6.866
CHN,29.75,90.25,6177833.0,6.791
CHN,29.75,90.75,252183810.0,8.402
CHN,29.75,91.25,11813296485.0,10.072
CHN,29.75,91.75,48226606.0,7.683
CHN,29.75,92.25,5751165.0,6.76
CHN,29.75,92.75,3260749.0,6.513
CHN,29.75,93.25,5014995.0,6.7
CHN,29.75,93.75,2745932.0,6.439
CHN,29.75,94.25,240883891.0,8.382
CHN,29.75,94.75,3848053.0,6.585
CHN,29.75,95.25,1808975.0,6.257
CHN,29.75,95.75,11286132.0,7.053
CHN,29.75,96.25,1757848.0,6.245
CHN,29.75,96.75,2390943.0,6.379
CHN,29.75,97.25,3655826.0,6.563
CHN,29.75,97.75,11494679.0,7.06
CHN,29.75,98.25,6864092.0,6.837
CHN,29.75,98.75,11933336.0,7.077
CHN,29.75,99.25,14982932.0,7.176
CHN,29.75,99.75,1515800.0,6.181
CHN,29.75,100.25,21938580.0,7.341
CHN,29.75,100.75,7943487.0,6.9
CHN,29.75,101.25,8621934.0,6.936
CHN,29.75,101.75,21863453.0,7.34
CHN,29.75,102.25,114752297.0,8.06
CHN,29.75,102.75,1148586679.0,9.06
CHN,29.75,103.25,6075445749.0,9.784
CHN,29.75,103.75,24180944202.0,10.383
CHN,29.75,104.25,3029791624.0,9.481
CHN,29.75,104.75,6151528371.0,9.789
CHN,29.75,105.25,15586607053.0,10.193
CHN,29.75,105.75,6043402769.0,9.781
CHN,29.75,106.25,173106653329.0,11.238
CHN,29.75,106.75,216473289996.0,11.335
CHN,29.75,107.25,10652880089.0,10.027
CHN,29.75,107.75,1750355483.0,9.243
CHN,29.75,108.25,670353451.0,8.826
CHN,29.75,108.75,2146217152.0,9.332
CHN,29.75,109.25,983985648.0,8.993
CHN,29.75,109.75,86359776.0,7.936
CHN,29.75,110.25,229635768.0,8.361
CHN,29.75,110.75,106839028.0,8.029
CHN,29.75,111.25,1234363088.0,9.091
CHN,29.75,111.75,8000346509.0,9.903
CHN,29.75,112.25,2032731476.0,9.308
CHN,29.75,112.75,1517536350.0,9.181
CHN,29.75,113.25,3658120151.0,9.563
CHN,29.75,113.75,3855729614.0,9.586
CHN,29.75,114.25,9211649966.0,9.964
CHN,29.75,114.75,464826823.0,8.667
CHN,29.75,115.25,3774043840.0,9.577
CHN,29.75,115.75,41029367843.0,10.613
CHN,29.75,116.25,13895614645.0,10.143
CHN,29.75,116.75,1027211201.0,9.012
CHN,29.75,117.25,68154406.0,7.833
CHN,29.75,117.75,212890484.0,8.328
CHN,29.75,118.25,5692318131.0,9.755
CHN,29.75,118.75,278047476.0,8.444
CHN,29.75,119.25,3847485014.0,9.585
CHN,29.75,119.75,13089040681.0,10.117
CHN,29.75,120.25,36635156488.0,10.564
CHN,29.75,120.75,49363299995.0,10.693
CHN,29.75,121.25,74485941283.0,10.872
CHN,29.75,121.75,266164122272.0,11.425
CHN,29.75,122.25,5769868555.0,9.761
CHN,30.25,80.75,1072786.0,6.031
CHN,30.25,81.25,1487387.0,6.172
CHN,30.25,81.75,228264.0,5.358
CHN,30.25,82.25,138917.0,5.143
CHN,30.25,82.75,603811.0,5.781
CHN,30.25,83.25,1718444.0,6.235
CHN,30.25,83.75,1342448.0,6.128
CHN,30.25,84.25,250666.0,5.399
CHN,30.25,84.75,502392.0,5.701
CHN,30.25,85.25,421112.0,5.624
CHN,30.25,85.75,535063.0,5.728
CHN,30.25,86.25,532033.0,5.726
CHN,30.25,86.75,560090.0,5.748
CHN,30.25,87.25,931895.0,5.969
CHN,30.25,87.75,1963917.0,6.293
CHN,30.25,88.25,882930.0,5.946
CHN,30.25,88.75,1246136.0,6.096
CHN,30.25,89.25,1731067.0,6.238
CHN,30.25,89.75,1266466.0,6.103
CHN,30.25,90.25,3104254.0,6.492
CHN,30.25,90.75,9657739.0,6.985
CHN,30.25,91.25,20866611.0,7.319
CHN,30.25,91.75,6664576.0,6.824
CHN,30.25,92.25,4045959.0,6.607
CHN,30.25,92.75,3939202.0,6.595
CHN,30.25,93.25,3723559.0,6.571
CHN,30.25,93.75,2808472.0,6.448
CHN,30.25,94.25,2327790.0,6.367
CHN,30.25,94.75,1121888.0,6.05
CHN,30.25,95.25,2601145.0,6.415
CHN,30.25,95.75,3597834.0,6.556
CHN,30.25,96.25,2716334.0,6.434
CHN,30.25,96.75,6401203.0,6.806
CHN,30.25,97.25,3229611.0,6.509
CHN,30.25,97.75,5243294.0,6.72
CHN,30.25,98.25,6774285.0,6.831
CHN,30.25,98.75,6424893.0,6.808
CHN,30.25,99.25,14432961.0,7.159
CHN,30.25,99.75,1732132.0,6.239
CHN,30.25,100.25,26516128.0,7.424
CHN,30.25,100.75,12502143.0,7.097
CHN,30.25,101.25,24945886.0,7.397
CHN,30.25,101.75,88178443.0,7.945
CHN,30.25,102.25,52581738.0,7.721
CHN,30.25,102.75,1438363469.0,9.158
CHN,30.25,103.25,7374684645.0,9.868
CHN,30.25,103.75,31209981965.0,10.494
CHN,30.25,104.25,21392577045.0,10.33
CHN,30.25,104.75,13729157080.0,10.138
CHN,30.25,105.25,2879600095.0,9.459
CHN,30.25,105.75,11243426292.0,10.051
CHN,30.25,106.25,5737259248.0,9.759
CHN,30.25,106.75,9763729745.0,9.99
CHN,30.25,107.25,2922934597.0,9.466
CHN,30.25,107.75,614806498.0,8.789
CHN,30.25,108.25,2125441496.0,9.327
CHN,30.25,108.75,1578156949.0,9.198
CHN,30.25,109.25,3096646404.0,9.491
CHN,30.25,109.75,656900372.0,8.817
CHN,30.25,110.25,81048606.0,7.909
CHN,30.25,110.75,85493489.0,7.932
CHN,30.25,111.25,2479264004.0,9.394
CHN,30.25,111.75,4935291529.0,9.693
CHN,30.25,112.25,36146268869.0,10.558
CHN,30.25,112.75,5836026221.0,9.766
CHN,30.25,113.25,5610830385.0,9.749
CHN,30.25,113.75,2288848154.0,9.36
CHN,30.25,114.25,140891753047.0,11.149
CHN,30.25,114.75,53004291371.0,10.724
CHN,30.25,115.25,36627135849.0,10.564
CHN,30.25,115.75,1018207598.0,9.008
CHN,30.25,116.25,2177097662.0,9.338
CHN,30.25,116.75,2365250584.0,9.374
CHN,30.25,117.25,3425292315.0,9.535
CHN,30.25,117.75,232162338.0,8.366
CHN,30.25,118.25,175027720.0,8.243
CHN,30.25,118.75,536468965.0,8.73
CHN,30.25,119.25,370990015.0,8.569
CHN,30.25,119.75,51458714816.0,10.711
CHN,30.25,120.25,593234276110.0,11.773
CHN,30.25,120.75,135235995045.0,11.131
CHN,30.25,121.25,162574720037.0,11.211
CHN,30.25,121.75,13606050895.0,10.134
CHN,30.25,122.25,14081243683.0,10.149
CHN,30.75,79.75,232352.0,5.366
CHN,30.75,80.25,387352.0,5.588
CHN,30.75,80.75,1041499.0,6.018
CHN,30.75,81.25,879052.0,5.944
CHN,30.75,81.75,562225.0,5.75
CHN,30.75,82.25,251186.0,5.4
CHN,30.75,82.75,110774.0,5.044
CHN,30.75,83.25,212869.0,5.328
CHN,30.75,83.75,562032.0,5.75
CHN,30.75,84.25,118940.0,5.075
CHN,30.75,84.75,511240.0,5.709
CHN,30.75,85.25,964260.0,5.984
CHN,30.75,85.75,533336.0,5.727
CHN,30.75,86.25,1048632.0,6.021
CHN,30.75,86.75,1177070.0,6.071
CHN,30.75,87.25,906553.0,5.957
CHN,30.75,87.75,484751.0,5.686
CHN,30.75,88.25,935110.0,5.971
CHN,30.75,88.75,2012690.0,6.304
CHN,30.75,89.25,1452430.0,6.162
CHN,30.75,89.75,1158936.0,6.064
CHN,30.75,90.25,833330.0,5.921
CHN,30.75,90.75,1454218.0,6.163
CHN,30.75,91.25,8473557.0,6.928
CHN,30.75,91.75,5728909.0,6.758
CHN,30.75,92.25,3129705.0,6.496
CHN,30.75,92.75,3985968.0,6.601
CHN,30.75,93.25,3775796.0,6.577
CHN,30.75,93.75,2008256.0,6.303
CHN,30.75,94.25,5290871.0,6.724
CHN,30.75,94.75,5904273.0,6.771
CHN,30.75,95.25,3457840.0,6.539
CHN,30.75,95.75,10437496.0,7.019
CHN,30.75,96.25,5803784.0,6.764
CHN,30.75,96.75,4316156.0,6.635
CHN,30.75,97.25,8368584.0,6.923
CHN,30.75,97.75,17133375.0,7.234
CHN,30.75,98.25,15015451.0,7.177
CHN,30.75,98.75,5417350.0,6.734
CHN,30.75,99.25,3006398.0,6.478
CHN,30.75,99.75,3889835.0,6.59
CHN,30.75,100.25,17820095.0,7.251
CHN,30.75,100.75,5400147.0,6.732
CHN,30.75,101.25,17581862.0,7.245
CHN,30.75,101.75,58154196.0,7.765
CHN,30.75,102.25,29595106.0,7.471
CHN,30.75,102.75,7399928.0,6.869
CHN,30.75,103.25,1250352627.0,9.097
CHN,30.75,103.75,281035305903.0,11.449
CHN,30.75,104.25,694146106715.0,11.841
CHN,30.75,104.75,3575691600.0,9.553
CHN,30.75,105.25,10512376450.0,10.022
CHN,30.75,105.75,13239958534.0,10.122
CHN,30.75,106.25,42371793281.0,10.627
CHN,30.75,106.75,4918008659.0,9.692
CHN,30.75,107.25,3479253597.0,9.541
CHN,30.75,107.75,2503107392.0,9.398
CHN,30.75,108.25,14213852203.0,10.153
CHN,30.75,108.75,2593852514.0,9.414
CHN,30.75,109.25,202608295.0,8.307
CHN,30.75,109.75,571008940.0,8.757
CHN,30.75,110.25,162611364.0,8.211
CHN,30.75,110.75,761757204.0,8.882
CHN,30.75,111.25,41339035256.0,10.616
CHN,30.75,111.75,1719467311.0,9.235
CHN,30.75,112.25,3675840030.0,9.565
CHN,30.75,112.75,1071339982.0,9.03
CHN,30.75,113.25,5771332282.0,9.761
CHN,30.75,113.75,28109389228.0,10.449
CHN,30.75,114.25,747120116087.0,11.873
CHN,30.75,114.75,20673581539.0,10.315
CHN,30.75,115.25,939812171.0,8.973
CHN,30.75,115.75,473268139.0,8.675
CHN,30.75,116.25,609746074.0,8.785
CHN,30.75,116.75,6222420092.0,9.794
CHN,30.75,117.25,32176640573.0,10.508
CHN,30.75,117.75,26254648695.0,10.419
CHN,30.75,118.25,4248582020.0,9.628
CHN,30.75,118.75,12833112194.0,10.108
CHN,30.75,119.25,3359544668.0,9.526
CHN,30.75,119.75,19780547995.0,10.296
CHN,30.75,120.25,92114869214.0,10.964
CHN,30.75,120.75,222685548636.0,11.348
CHN,30.75,121.25,199638177158.0,11.3
CHN,30.75,121.75,59341067536.0,10.773
CHN,30.75,122.25,944998796.0,8.975
CHN,31.25,78.75,576290.0,5.761
CHN,31.25,79.25,345807.0,5.539
CHN,31.25,79.75,733570.0,5.865
CHN,31.25,80.25,344002.0,5.537
CHN,31.25,80.75,457147.0,5.66
CHN,31.25,81.25,366437.0,5.564
CHN,31.25,81.75,287300.0,5.458
CHN,31.25,82.25,357320.0,5.553
CHN,31.25,82.75,358792.0,5.555
CHN,31.25,83.25,260900.0,5.416
CHN,31.25,83.75,596367.0,5.776
CHN,31.25,84.25,174924.0,5.243
CHN,31.25,84.75,1096133.0,6.04
CHN,31.25,85.25,1805306.0,6.257
CHN,31.25,85.75,1148561.0,6.06
CHN,31.25,86.25,906081.0,5.957
CHN,31.25,86.75,894994.0,5.952
CHN,31.25,87.25,973568.0,5.988
CHN,31.25,87.75,1038865.0,6.017
CHN,31.25,88.25,1021109.0,6.009
CHN,31.25,88.75,1788109.0,6.252
CHN,31.25,89.25,1640763.0,6.215
CHN,31.25,89.75,1985426.0,6.298
CHN,31.25,90.25,1714767.0,6.234
CHN,31.25,90.75,2241649.0,6.351
CHN,31.25,91.25,4589563.0,6.662
CHN,31.25,91.75,11469874.0,7.06
CHN,31.25,92.25,79200413.0,7.899
CHN,31.25,92.75,5616208.0,6.749
CHN,31.25,93.25,6821902.0,6.834
CHN,31.25,93.75,10296204.0,7.013
CHN,31.25,94.25,5572434.0,6.746
CHN,31.25,94.75,4815469.0,6.683
CHN,31.25,95.25,7150082.0,6.854
CHN,31.25,95.75,11300210.0,7.053
CHN,31.25,96.25,8943833.0,6.952
CHN,31.25,96.75,15473064.0,7.19
CHN,31.25,97.25,360150773.0,8.556
CHN,31.25,97.75,6141771.0,6.788
CHN,31.25,98.25,8326046.0,6.92
CHN,31.25,98.75,18340998.0,7.263
CHN,31.25,99.25,7233513.0,6.859
CHN,31.25,99.75,6062054.0,6.783
CHN,31.25,100.25,8224139.0,6.915
CHN,31.25,100.75,25558670.0,7.408
CHN,31.25,101.25,11603483.0,7.065
CHN,31.25,101.75,7032306.0,6.847
CHN,31.25,102.25,58515172.0,7.767
CHN,31.25,102.75,6393871.0,6.806
CHN,31.25,103.25,42384150.0,7.627
CHN,31.25,103.75,9162553382.0,9.962
CHN,31.25,104.25,37917153422.0,10.579
CHN,31.25,104.75,46126187078.0,10.664
CHN,31.25,105.25,3114218402.0,9.493
CHN,31.25,105.75,1071340911.0,9.03
CHN,31.25,106.25,5422552042.0,9.734
CHN,31.25,106.75,2565224124.0,9.409
CHN,31.25,107.25,12261950384.0,10.089
CHN,31.25,107.75,7660531400.0,9.884
CHN,31.25,108.25,3802160233.0,9.58
CHN,31.25,108.75,271543454.0,8.434
CHN,31.25,109.25,482329640.0,8.683
CHN,31.25,109.75,1438978368.0,9.158
CHN,31.25,110.25,350552083.0,8.545
CHN,31.25,110.75,167705926.0,8.225
CHN,31.25,111.25,70660097.0,7.849
CHN,31.25,111.75,607432730.0,8.783
CHN,31.25,112.25,6745126138.0,9.829
CHN,31.25,112.75,1573916034.0,9.197
CHN,31.25,113.25,538742190.0,8.731
CHN,31.25,113.75,6689502071.0,9.825
CHN,31.25,114.25,803451066.0,8.905
CHN,31.25,114.75,1749469255.0,9.243
CHN,31.25,115.25,1470455792.0,9.167
CHN,31.25,115.75,105459427.0,8.023
CHN,31.25,116.25,1165267484.0,9.066
CHN,31.25,116.75,6098848662.0,9.785
CHN,31.25,117.25,6875018084.0,9.837
CHN,31.25,117.75,5251871813.0,9.72
CHN,31.25,118.25,100612264446.0,11.003
CHN,31.25,118.75,11008985600.0,10.042
CHN,31.25,119.25,13343211762.0,10.125
CHN,31.25,119.75,66980828345.0,10.826
CHN,31.25,120.25,81117594265.0,10.909
CHN,31.25,120.75,590591281692.0,11.771
CHN,31.25,121.25,1881149423836.0,12.274
CHN,31.25,121.75,731880232891.0,11.864
CHN,31.75,78.75,411248.0,5.614
CHN,31.75,79.25,536324.0,5.729
CHN,31.75,79.75,840628.0,5.925
CHN,31.75,80.25,704924.0,5.848
CHN,31.75,80.75,550587.0,5.741
CHN,31.75,81.25,380186.0,5.58
CHN,31.75,81.75,629005.0,5.799
CHN,31.75,82.25,511548.0,5.709
CHN,31.75,82.75,497721.0,5.697
CHN,31.75,83.25,798754.0,5.902
CHN,31.75,83.75,888877.0,5.949
CHN,31.75,84.25,649784.0,5.813
CHN,31.75,84.75,499142.0,5.698
CHN,31.75,85.25,609883.0,5.785
CHN,31.75,85.75,715147.0,5.854
CHN,31.75,86.25,483862.0,5.685
CHN,31.75,86.75,664256.0,5.822
CHN,31.75,87.25,1001279.0,6.001
CHN,31.75,87.75,606521.0,5.783
CHN,31.75,88.25,570521.0,5.756
CHN,31.75,88.75,641734.0,5.807
CHN,31.75,89.25,963888.0,5.984
CHN,31.75,89.75,1560118.0,6.193
CHN,31.75,90.25,1651515.0,6.218
CHN,31.75,90.75,2753690.0,6.44
CHN,31.75,91.25,3264468.0,6.514
CHN,31.75,91.75,11879218.0,7.075
CHN,31.75,92.25,37012285.0,7.568
CHN,31.75,92.75,8409519.0,6.925
CHN,31.75,93.25,4095447.0,6.612
CHN,31.75,93.75,16922449.0,7.228
CHN,31.75,94.25,11385454.0,7.056
CHN,31.75,94.75,8446768.0,6.927
CHN,31.75,95.25,5677011.0,6.754
CHN,31.75,95.75,7287533.0,6.863
CHN,31.75,96.25,9408502.0,6.974
CHN,31.75,96.75,7673846.0,6.885
CHN,31.75,97.25,9197257.0,6.964
CHN,31.75,97.75,3413950.0,6.533
CHN,31.75,98.25,14318330.0,7.156
CHN,31.75,98.75,18154556.0,7.259
CHN,31.75,99.25,7541084.0,6.877
CHN,31.75,99.75,38739324.0,7.588
CHN,31.75,100.25,42698267.0,7.63
CHN,31.75,100.75,9848737.0,6.993
CHN,31.75,101.25,4092032.0,6.612
CHN,31.75,101.75,7028286.0,6.847
CHN,31.75,102.25,63215552.0,7.801
CHN,31.75,102.75,4169629.0,6.62
CHN,31.75,103.25,22526110.0,7.353
CHN,31.75,103.75,171004428.0,8.233
CHN,31.75,104.25,799044585.0,8.903
CHN,31.75,104.75,17083988071.0,10.233
CHN,31.75,105.25,627392547.0,8.798
CHN,31.75,105.75,4425348766.0,9.646
CHN,31.75,106.25,1532802932.0,9.185
CHN,31.75,106.75,7863237913.0,9.896
CHN,31.75,107.25,2658354520.0,9.425
CHN,31.75,107.75,335234291.0,8.525
CHN,31.75,108.25,109474968.0,8.039
CHN,31.75,108.75,104575222.0,8.019
CHN,31.75,109.25,29253192.0,7.466
CHN,31.75,109.75,48459980.0,7.685
CHN,31.75,110.25,23809097.0,7.377
CHN,31.75,110.75,53415136.0,7.728
CHN,31.75,111.25,146052253.0,8.165
CHN,31.75,111.75,513410600.0,8.71
CHN,31.75,112.25,4709871956.0,9.673
CHN,31.75,112.75,158609718.0,8.2
CHN,31.75,113.25,7784512169.0,9.891
CHN,31.75,113.75,1117014371.0,9.048
CHN,31.75,114.25,802960433.0,8.905
CHN,31.75,114.75,702245852.0,8.846
CHN,31.75,115.25,595103501.0,8.775
CHN,31.75,115.75,1756517532.0,9.245
CHN,31.75,116.25,12178010575.0,10.086
CHN,31.75,116.75,14211975559.0,10.153
CHN,31.75,117.25,389356337356.0,11.59
CHN,31.75,117.75,16355448036.0,10.214
CHN,31.75,118.25,32927304073.0,10.518
CHN,31.75,118.75,184871689589.0,11.267
CHN,31.75,119.25,20206088100.0,10.305
CHN,31.75,119.75,267708726997.0,11.428
CHN,31.75,120.25,503307297636.0,11.702
CHN,31.75,120.75,243965666118.0,11.387
CHN,31.75,121.25,53314837406.0,10.727
CHN,31.75,121.75,15238271081.0,10.183
CHN,32.25,78.25,46846.0,4.671
CHN,32.25,78.75,372023.0,5.571
CHN,32.25,79.25,226816.0,5.356
CHN,32.25,79.75,895220.0,5.952
CHN,32.25,80.25,4727456.0,6.675
CHN,32.25,80.75,504793.0,5.703
CHN,32.25,81.25,762305.0,5.882
CHN,32.25,81.75,440877.0,5.644
CHN,32.25,82.25,566998.0,5.754
CHN,32.25,82.75,401442.0,5.604
CHN,32.25,83.25,634038.0,5.802
CHN,32.25,83.75,1191990.0,6.076
CHN,32.25,84.25,1262687.0,6.101
CHN,32.25,84.75,471904.0,5.674
CHN,32.25,85.25,472754.0,5.675
CHN,32.25,85.75,450520.0,5.654
CHN,32.25,86.25,255405.0,5.407
CHN,32.25,86.75,523716.0,5.719
CHN,32.25,87.25,1156160.0,6.063
CHN,32.25,87.75,859050.0,5.934
CHN,32.25,88.25,668396.0,5.825
CHN,32.25,88.75,1011840.0,6.005
CHN,32.25,89.25,712270.0,5.853
CHN,32.25,89.75,301333.0,5.479
CHN,32.25,90.25,262764.0,5.42
CHN,32.25,90.75,1971442.0,6.295
CHN,32.25,91.25,3111834.0,6.493
CHN,32.25,91.75,9976578.0,6.999
CHN,32.25,92.25,4388001.0,6.642
CHN,32.25,92.75,4923899.0,6.692
CHN,32.25,93.25,5071517.0,6.705
CHN,32.25,93.75,10938248.0,7.039
CHN,32.25,94.25,3153037.0,6.499
CHN,32.25,94.75,1441088.0,6.159
CHN,32.25,95.25,3570833.0,6.553
CHN,32.25,95.75,6589133.0,6.819
CHN,32.25,96.25,32735691.0,7.515
CHN,32.25,96.75,17533391.0,7.244
CHN,32.25,97.25,5841023.0,6.766
CHN,32.25,97.75,3471055.0,6.54
CHN,32.25,98.25,6228683.0,6.794
CHN,32.25,98.75,7810983.0,6.893
CHN,32.25,99.25,9214569.0,6.964
CHN,32.25,99.75,6450392.0,6.81
CHN,32.25,100.25,19108946.0,7.281
CHN,32.25,100.75,11060346.0,7.044
CHN,32.25,101.25,8574841.0,6.933
CHN,32.25,101.75,4347284.0,6.638
CHN,32.25,102.25,6355776.0,6.803
CHN,32.25,102.75,18158346.0,7.259
CHN,32.25,103.25,22735371.0,7.357
CHN,32.25,103.75,9966971.0,6.999
CHN,32.25,104.25,25272757.0,7.403
CHN,32.25,104.75,90423397.0,7.956
CHN,32.25,105.25,150245932.0,8.177
CHN,32.25,105.75,6069684260.0,9.783
CHN,32.25,106.25,826631393.0,8.917
CHN,32.25,106.75,658157205.0,8.818
CHN,32.25,107.25,115262041.0,8.062
CHN,32.25,107.75,107169193.0,8.03
CHN,32.25,108.25,593640079.0,8.774
CHN,32.25,108.75,166020426.0,8.22
CHN,32.25,109.25,191544389.0,8.282
CHN,32.25,109.75,413781540.0,8.617
CHN,32.25,110.25,143020599.0,8.155
CHN,32.25,110.75,243563588.0,8.387
CHN,32.25,111.25,321872715.0,8.508
CHN,32.25,111.75,3304510649.0,9.519
CHN,32.25,112.25,60628621533.0,10.783
CHN,32.25,112.75,3498903028.0,9.544
CHN,32.25,113.25,802786997.0,8.905
CHN,32.25,113.75,621040014.0,8.793
CHN,32.25,114.25,21188458513.0,10.326
CHN,32.25,114.75,2437134714.0,9.387
CHN,32.25,115.25,2572026473.0,9.41
CHN,32.25,115.75,3499033637.0,9.544
CHN,32.25,116.25,2458024401.0,9.391
CHN,32.25,116.75,761641980.0,8.882
CHN,32.25,117.25,5086515938.0,9.706
CHN,32.25,117.75,477515455.0,8.679
CHN,32.25,118.25,28638595726.0,10.457
CHN,32.25,118.75,562740589874.0,11.75
CHN,32.25,119.25,178645687018.0,11.252
CHN,32.25,119.75,107033737142.0,11.03
CHN,32.25,120.25,41037301185.0,10.613
CHN,32.25,120.75,80759765556.0,10.907
CHN,32.25,121.25,30136397487.0,10.479
CHN,32.25,121.75,2527750975.0,9.403
CHN,32.75,78.25,14729.0,4.168
CHN,32.75,78.75,30384.0,4.483
CHN,32.75,79.25,42922.0,4.633
CHN,32.75,79.75,1588644.0,6.201
CHN,32.75,80.25,5471684.0,6.738
CHN,32.75,80.75,319719.0,5.505
CHN,32.75,81.25,687305.0,5.837
CHN,32.75,81.75,323086.0,5.509
CHN,32.75,82.25,395645.0,5.597
CHN,32.75,82.75,292428.0,5.466
CHN,32.75,83.25,410859.0,5.614
CHN,32.75,83.75,687176.0,5.837
CHN,32.75,84.25,498156.0,5.697
CHN,32.75,84.75,207009.0,5.316
CHN,32.75,85.25,254074.0,5.405
CHN,32.75,85.75,347205.0,5.541
CHN,32.75,86.25,143812.0,5.158
CHN,32.75,86.75,146149.0,5.165
CHN,32.75,87.25,540643.0,5.733
CHN,32.75,87.75,591028.0,5.772
CHN,32.75,88.25,465902.0,5.668
CHN,32.75,88.75,102283.0,5.01
CHN,32.75,89.25,73637.0,4.867
CHN,32.75,89.75,71754.0,4.856
CHN,32.75,90.25,227154.0,5.356
CHN,32.75,90.75,607655.0,5.784
CHN,32.75,91.25,963075.0,5.984
CHN,32.75,91.75,332730.0,5.522
CHN,32.75,92.25,1295113.0,6.112
CHN,32.75,92.75,767659.0,5.885
CHN,32.75,93.25,1030026.0,6.013
CHN,32.75,93.75,360415.0,5.557
CHN,32.75,94.25,125276.0,5.098
CHN,32.75,94.75,2222289.0,6.347
CHN,32.75,95.25,12297596.0,7.09
CHN,32.75,95.75,7011814.0,6.846
CHN,32.75,96.25,6321677.0,6.801
CHN,32.75,96.75,52670428.0,7.722
CHN,32.75,97.25,58463784.0,7.767
CHN,32.75,97.75,5834517.0,6.766
CHN,32.75,98.25,10855864.0,7.036
CHN,32.75,98.75,5996804.0,6.778
CHN,32.75,99.25,3320104.0,6.521
CHN,32.75,99.75,4430383.0,6.646
CHN,32.75,100.25,3325955.0,6.522
CHN,32.75,100.75,10503543.0,7.021
CHN,32.75,101.25,2388487.0,6.378
CHN,32.75,101.75,99856694.0,7.999
CHN,32.75,102.25,6451084.0,6.81
CHN,32.75,102.75,19556011.0,7.291
CHN,32.75,103.25,3196842.0,6.505
CHN,32.75,103.75,71310284.0,7.853
CHN,32.75,104.25,9772045.0,6.99
CHN,32.75,104.75,85882101.0,7.934
CHN,32.75,105.25,118720397.0,8.075
CHN,32.75,105.75,328874975.0,8.517
CHN,32.75,106.25,200971062.0,8.303
CHN,32.75,106.75,404985958.0,8.607
CHN,32.75,107.25,149861281.0,8.176
CHN,32.75,107.75,689147380.0,8.838
CHN,32.75,108.25,273238018.0,8.437
CHN,32.75,108.75,2498529631.0,9.398
CHN,32.75,109.25,7871590121.0,9.896
CHN,32.75,109.75,121515753.0,8.085
CHN,32.75,110.25,482466137.0,8.683
CHN,32.75,110.75,25172579635.0,10.401
CHN,32.75,111.25,1895516863.0,9.278
CHN,32.75,111.75,3314833882.0,9.52
CHN,32.75,112.25,18472810504.0,10.267
CHN,32.75,112.75,31190805061.0,10.494
CHN,32.75,113.25,3567846436.0,9.552
CHN,32.75,113.75,2864657933.0,9.457
CHN,32.75,114.25,24039792986.0,10.381
CHN,32.75,114.75,5429724348.0,9.735
CHN,32.75,115.25,3283906533.0,9.516
CHN,32.75,115.75,48906352925.0,10.689
CHN,32.75,116.25,6814789508.0,9.833
CHN,32.75,116.75,42033451053.0,10.624
CHN,32.75,117.25,97168649737.0,10.988
CHN,32.75,117.75,6637045268.0,9.822
CHN,32.75,118.25,2483771125.0,9.395
CHN,32.75,118.75,4328214375.0,9.636
CHN,32.75,119.25,15946658902.0,10.203
CHN,32.75,119.75,22588182633.0,10.354
CHN,32.75,120.25,32985507881.0,10.518
CHN,32.75,120.75,3624187943.0,9.559
CHN,32.75,121.25,249249530.0,8.397
CHN,33.25,78.75,57291.0,4.758
CHN,33.25,79.25,197834.0,5.296
CHN,33.25,79.75,419674.0,5.623
CHN,33.25,80.25,297817.0,5.474
CHN,33.25,80.75,265484.0,5.424
CHN,33.25,81.25,167603.0,5.224
CHN,33.25,81.75,196720.0,5.294
CHN,33.25,82.25,11489.0,4.06
CHN,33.25,82.75,26623.0,4.425
CHN,33.25,83.25,354402.0,5.549
CHN,33.25,83.75,318576.0,5.503
CHN,33.25,84.25,453809.0,5.657
CHN,33.25,84.75,436845.0,5.64
CHN,33.25,85.25,17724.0,4.249
CHN,33.25,85.75,481901.0,5.683
CHN,33.25,86.25,44.0,1.643
CHN,33.25,86.75,160367.0,5.205
CHN,33.25,87.75,427226.0,5.631
CHN,33.25,88.25,199527.0,5.3
CHN,33.25,88.75,26696.0,4.426
CHN,33.25,89.25,15315.0,4.185
CHN,33.25,89.75,18565.0,4.269
CHN,33.25,90.25,63681.0,4.804
CHN,33.25,90.75,54252.0,4.734
CHN,33.25,91.25,267460.0,5.427
CHN,33.25,91.75,108930.0,5.037
CHN,33.25,92.25,37356.0,4.572
CHN,33.25,92.75,25766.0,4.411
CHN,33.25,93.25,183224.0,5.263
CHN,33.25,93.75,467087.0,5.669
CHN,33.25,94.25,454268.0,5.657
CHN,33.25,94.75,1476950.0,6.169
CHN,33.25,95.25,3691376.0,6.567
CHN,33.25,95.75,8794478.0,6.944
CHN,33.25,96.25,4345620.0,6.638
CHN,33.25,96.75,70639055.0,7.849
CHN,33.25,97.25,68748181.0,7.837
CHN,33.25,97.75,6806662.0,6.833
CHN,33.25,98.25,6792576.0,6.832
CHN,33.25,98.75,3045391.0,6.484
CHN,33.25,99.25,1677490.0,6.225
CHN,33.25,99.75,1910575.0,6.281
CHN,33.25,100.25,3777794.0,6.577
CHN,33.25,100.75,6408207.0,6.807
CHN,33.25,101.25,3783693.0,6.578
CHN,33.25,101.75,7826872.0,6.894
CHN,33.25,102.25,7081467.0,6.85
CHN,33.25,102.75,6359417.0,6.803
CHN,33.25,103.25,3468722.0,6.54
CHN,33.25,103.75,11772695.0,7.071
CHN,33.25,104.25,119984544.0,8.079
CHN,33.25,104.75,1331875595.0,9.124
CHN,33.25,105.25,178927607.0,8.253
CHN,33.25,105.75,99919111.0,8.0
CHN,33.25,106.25,263323731.0,8.42
CHN,33.25,106.75,7156973482.0,9.855
CHN,33.25,107.25,18647417739.0,10.271
CHN,33.25,107.75,1640625414.0,9.215
CHN,33.25,108.25,379858512.0,8.58
CHN,33.25,108.75,42062406.0,7.624
CHN,33.25,109.25,213676735.0,8.33
CHN,33.25,109.75,145414546.0,8.163
CHN,33.25,110.25,333531212.0,8.523
CHN,33.25,110.75,113341886.0,8.054
CHN,33.25,111.25,1891052016.0,9.277
CHN,33.25,111.75,2705796674.0,9.432
CHN,33.25,112.25,9608387928.0,9.983
CHN,33.25,112.75,24503010424.0,10.389
CHN,33.25,113.25,2797269900.0,9.447
CHN,33.25,113.75,9110095187.0,9.96
CHN,33.25,114.25,17450649298.0,10.242
CHN,33.25,114.75,5893582843.0,9.77
CHN,33.25,115.25,17122515016.0,10.234
CHN,33.25,115.75,9205004550.0,9.964
CHN,33.25,116.25,5198013701.0,9.716
CHN,33.25,116.75,7126909817.0,9.853
CHN,33.25,117.25,3294740339.0,9.518
CHN,33.25,117.75,3550210698.0,9.55
CHN,33.25,118.25,4636627241.0,9.666
CHN,33.25,118.75,5966226898.0,9.776
CHN,33.25,119.25,15212847557.0,10.182
CHN,33.25,119.75,14112660667.0,10.15
CHN,33.25,120.25,66956820808.0,10.826
CHN,33.25,120.75,1248557302.0,9.096
CHN,33.75,78.75,279573.0,5.446
CHN,33.75,79.25,687533.0,5.837
CHN,33.75,79.75,559914.0,5.748
CHN,33.75,80.25,328069.0,5.516
CHN,33.75,80.75,141634.0,5.151
CHN,33.75,81.25,384.0,2.584
CHN,33.75,83.25,7265.0,3.861
CHN,33.75,83.75,3334.0,3.523
CHN,33.75,84.25,265622.0,5.424
CHN,33.75,84.75,349.0,2.543
CHN,33.75,85.75,235467.0,5.372
CHN,33.75,86.25,395846.0,5.598
CHN,33.75,86.75,400885.0,5.603
CHN,33.75,89.75,2312.0,3.364
CHN,33.75,90.25,122659.0,5.089
CHN,33.75,90.75,3575.0,3.553
CHN,33.75,91.25,31186.0,4.494
CHN,33.75,91.75,88614.0,4.948
CHN,33.75,92.25,202681.0,5.307
CHN,33.75,92.75,119486.0,5.077
CHN,33.75,93.25,2643.0,3.422
CHN,33.75,93.75,344684.0,5.537
CHN,33.75,94.25,255244.0,5.407
CHN,33.75,94.75,462087.0,5.665
CHN,33.75,95.25,1791292.0,6.253
CHN,33.75,95.75,8627192.0,6.936
CHN,33.75,96.25,2234973.0,6.349
CHN,33.75,96.75,9208092.0,6.964
CHN,33.75,97.25,4789408.0,6.68
CHN,33.75,97.75,2080476.0,6.318
CHN,33.75,98.25,1032259.0,6.014
CHN,33.75,98.75,1015426.0,6.007
CHN,33.75,99.25,2760722.0,6.441
CHN,33.75,99.75,12263940.0,7.089
CHN,33.75,100.25,6359124.0,6.803
CHN,33.75,100.75,4636110.0,6.666
CHN,33.75,101.25,3490652.0,6.543
CHN,33.75,101.75,6348699.0,6.803
CHN,33.75,102.25,12881469.0,7.11
CHN,33.75,102.75,18756591.0,7.273
CHN,33.75,103.25,10851958.0,7.036
CHN,33.75,103.75,10868191.0,7.036
CHN,33.75,104.25,91890160.0,7.963
CHN,33.75,104.75,116722832.0,8.067
CHN,33.75,105.25,401587113.0,8.604
CHN,33.75,105.75,687624680.0,8.837
CHN,33.75,106.25,309790369.0,8.491
CHN,33.75,106.75,53625733.0,7.729
CHN,33.75,107.25,13649002.0,7.135
CHN,33.75,107.75,14284805.0,7.155
CHN,33.75,108.25,22687681.0,7.356
CHN,33.75,108.75,362136652.0,8.559
CHN,33.75,109.25,151643597.0,8.181
CHN,33.75,109.75,2094388601.0,9.321
CHN,33.75,110.25,1351646152.0,9.131
CHN,33.75,110.75,211430991.0,8.325
CHN,33.75,111.25,179553509.0,8.254
CHN,33.75,111.75,1391427783.0,9.143
CHN,33.75,112.25,197983199.0,8.297
CHN,33.75,112.75,5187208017.0,9.715
CHN,33.75,113.25,64871562858.0,10.812
CHN,33.75,113.75,22595817082.0,10.354
CHN,33.75,114.25,33624798828.0,10.527
CHN,33.75,114.75,33093005348.0,10.52
CHN,33.75,115.25,6567781552.0,9.817
CHN,33.75,115.75,21106871121.0,10.324
CHN,33.75,116.25,12283945171.0,10.089
CHN,33.75,116.75,76364931130.0,10.883
CHN,33.75,117.25,10497876230.0,10.021
CHN,33.75,117.75,11463840496.0,10.059
CHN,33.75,118.25,36273912942.0,10.56
CHN,33.75,118.75,20870393514.0,10.32
CHN,33.75,119.25,80077550921.0,10.904
CHN,33.75,119.75,13010000334.0,10.114
CHN,33.75,120.25,4333381748.0,9.637
CHN,33.75,120.75,1069454.0,6.029
CHN,34.25,78.75,131006.0,5.117
CHN,34.25,79.25,128200.0,5.108
CHN,34.25,79.75,68923.0,4.838
CHN,34.25,80.25,164946.0,5.217
CHN,34.25,80.75,127998.0,5.107
CHN,34.25,81.25,10485.0,4.021
CHN,34.25,86.75,1297.0,3.113
CHN,34.25,90.25,24.0,1.38
CHN,34.25,91.75,119.0,2.076
CHN,34.25,92.25,132700.0,5.123
CHN,34.25,92.75,417165.0,5.62
CHN,34.25,93.25,348677.0,5.542
CHN,34.25,93.75,135334.0,5.131
CHN,34.25,94.25,728476.0,5.862
CHN,34.25,94.75,990192.0,5.996
CHN,34.25,95.25,2285264.0,6.359
CHN,34.25,95.75,14162657.0,7.151
CHN,34.25,96.25,1391098.0,6.143
CHN,34.25,96.75,2694663.0,6.431
CHN,34.25,97.25,1502292.0,6.177
CHN,34.25,97.75,535663.0,5.729
CHN,34.25,98.25,216853.0,5.336
CHN,34.25,98.75,444207.0,5.648
CHN,34.25,99.25,1608568.0,6.206
CHN,34.25,99.75,3031027.0,6.482
CHN,34.25,100.25,11547867.0,7.063
CHN,34.25,100.75,6394932.0,6.806
CHN,34.25,101.25,3102941.0,6.492
CHN,34.25,101.75,6101416.0,6.785
CHN,34.25,102.25,10053442.0,7.002
CHN,34.25,102.75,10851906.0,7.036
CHN,34.25,103.25,28119098.0,7.449
CHN,34.25,103.75,87656904.0,7.943
CHN,34.25,104.25,466769152.0,8.669
CHN,34.25,104.75,58958076.0,7.771
CHN,34.25,105.25,673672984.0,8.828
CHN,34.25,105.75,339672577.0,8.531
CHN,34.25,106.25,26121167.0,7.417
CHN,34.25,106.75,53961111.0,7.732
CHN,34.25,107.25,40465791110.0,10.607
CHN,34.25,107.75,7757055209.0,9.89
CHN,34.25,108.25,19444479707.0,10.289
CHN,34.25,108.75,551064520801.0,11.741
CHN,34.25,109.25,122076895974.0,11.087
CHN,34.25,109.75,4062195565.0,9.609
CHN,34.25,110.25,574468362.0,8.759
CHN,34.25,110.75,739599796.0,8.869
CHN,34.25,111.25,735561523.0,8.867
CHN,34.25,111.75,1328180022.0,9.123
CHN,34.25,112.25,9659651159.0,9.985
CHN,34.25,112.75,11039317062.0,10.043
CHN,34.25,113.25,20583132470.0,10.314
CHN,34.25,113.75,73313240294.0,10.865
CHN,34.25,114.25,9380626220.0,9.972
CHN,34.25,114.75,4087397359.0,9.611
CHN,34.25,115.25,8653494042.0,9.937
CHN,34.25,115.75,40124091148.0,10.603
CHN,34.25,116.25,7044987790.0,9.848
CHN,34.25,116.75,10862212349.0,10.036
CHN,34.25,117.25,147929523207.0,11.17
CHN,34.25,117.75,14489209615.0,10.161
CHN,34.25,118.25,17503458100.0,10.243
CHN,34.25,118.75,17859141195.0,10.252
CHN,34.25,119.25,8696710261.0,9.939
CHN,34.25,119.75,9541399115.0,9.98
CHN,34.25,120.25,1083752612.0,9.035
CHN,34.75,78.25,77121.0,4.887
CHN,34.75,78.75,106512.0,5.027
CHN,34.75,79.25,181756.0,5.259
CHN,34.75,79.75,111877.0,5.049
CHN,34.75,80.25,226196.0,5.354
CHN,34.75,80.75,113658.0,5.056
CHN,34.75,81.25,10745.0,4.031
CHN,34.75,92.25,1286.0,3.109
CHN,34.75,92.75,330594.0,5.519
CHN,34.75,93.25,281289.0,5.449
CHN,34.75,93.75,221021.0,5.344
CHN,34.75,94.25,630510.0,5.8
CHN,34.75,94.75,764044.0,5.883
CHN,34.75,95.25,1485479.0,6.172
CHN,34.75,95.75,1164484.0,6.066
CHN,34.75,96.25,357259.0,5.553
CHN,34.75,96.75,265590.0,5.424
CHN,34.75,97.25,141592.0,5.151
CHN,34.75,97.75,144164.0,5.159
CHN,34.75,98.25,758302.0,5.88
CHN,34.75,98.75,951740.0,5.979
CHN,34.75,99.25,1470916.0,6.168
CHN,34.75,99.75,3813733.0,6.581
CHN,34.75,100.25,11700005.0,7.068
CHN,34.75,100.75,9242311.0,6.966
CHN,34.75,101.25,9025394.0,6.955
CHN,34.75,101.75,14437909.0,7.16
CHN,34.75,102.25,10680719.0,7.029
CHN,34.75,102.75,331613895.0,8.521
CHN,34.75,103.25,89459264.0,7.952
CHN,34.75,103.75,140268754.0,8.147
CHN,34.75,104.25,219931744.0,8.342
CHN,34.75,104.75,1846372320.0,9.266
CHN,34.75,105.25,1828772061.0,9.262
CHN,34.75,105.75,12461842414.0,10.096
CHN,34.75,106.25,530541116.0,8.725
CHN,34.75,106.75,642214247.0,8.808
CHN,34.75,107.25,2256617421.0,9.353
CHN,34.75,107.75,195604412.0,8.291
CHN,34.75,108.25,2252887014.0,9.353
CHN,34.75,108.75,19855358258.0,10.298
CHN,34.75,109.25,25669684542.0,10.409
CHN,34.75,109.75,11476661702.0,10.06
CHN,34.75,110.25,6647952262.0,9.823
CHN,34.75,110.75,8118135798.0,9.909
CHN,34.75,111.25,24046915984.0,10.381
CHN,34.75,111.75,6443941549.0,9.809
CHN,34.75,112.25,128626707448.0,11.109
CHN,34.75,112.75,45211139124.0,10.655
CHN,34.75,113.25,59509691748.0,10.775
CHN,34.75,113.75,536086596010.0,11.729
CHN,34.75,114.25,67096413864.0,10.827
CHN,34.75,114.75,9081093641.0,9.958
CHN,34.75,115.25,6500415108.0,9.813
CHN,34.75,115.75,12219651018.0,10.087
CHN,34.75,116.25,9831525424.0,9.993
CHN,34.75,116.75,25272443849.0,10.403
CHN,34.75,117.25,23135968328.0,10.364
CHN,34.75,117.75,23458142258.0,10.37
CHN,34.75,118.25,36978474748.0,10.568
CHN,34.75,118.75,12672971736.0,10.103
CHN,34.75,119.25,51179253453.0,10.709
CHN,34.75,119.75,279054444.0,8.446
CHN,35.25,77.75,15417.0,4.188
CHN,35.25,78.25,212429.0,5.327
CHN,35.25,78.75,137069.0,5.137
CHN,35.25,79.25,36352.0,4.561
CHN,35.25,79.75,330004.0,5.519
CHN,35.25,80.25,223119.0,5.349
CHN,35.25,92.75,64671.0,4.811
CHN,35.25,93.25,357714.0,5.554
CHN,35.25,93.75,157648.0,5.198
CHN,35.25,94.25,129343.0,5.112
CHN,35.25,94.75,111543.0,5.047
CHN,35.25,95.25,1598.0,3.204
CHN,35.25,95.75,468519.0,5.671
CHN,35.25,96.25,586032.0,5.768
CHN,35.25,96.75,1760783.0,6.246
CHN,35.25,97.25,421158.0,5.624
CHN,35.25,97.75,134557.0,5.129
CHN,35.25,98.25,1055483.0,6.023
CHN,35.25,98.75,1612234.0,6.207
CHN,35.25,99.25,2345363.0,6.37
CHN,35.25,99.75,6878240.0,6.837
CHN,35.25,100.25,17547019.0,7.244
CHN,35.25,100.75,35947766.0,7.556
CHN,35.25,101.25,18535896.0,7.268
CHN,35.25,101.75,21118822.0,7.325
CHN,35.25,102.25,66256254.0,7.821
CHN,35.25,102.75,235757118.0,8.372
CHN,35.25,103.25,456999633.0,8.66
CHN,35.25,103.75,2375508695.0,9.376
CHN,35.25,104.25,269410094.0,8.43
CHN,35.25,104.75,901597686.0,8.955
CHN,35.25,105.25,233603245.0,8.368
CHN,35.25,105.75,320890559.0,8.506
CHN,35.25,106.25,428666921.0,8.632
CHN,35.25,106.75,956508903.0,8.981
CHN,35.25,107.25,589527359.0,8.771
CHN,35.25,107.75,1508081179.0,9.178
CHN,35.25,108.25,2069680785.0,9.316
CHN,35.25,108.75,280317326.0,8.448
CHN,35.25,109.25,3566525792.0,9.552
CHN,35.25,109.75,2754295993.0,9.44
CHN,35.25,110.25,5545177746.0,9.744
CHN,35.25,110.75,15819682235.0,10.199
CHN,35.25,111.25,13301029878.0,10.124
CHN,35.25,111.75,701395772.0,8.846
CHN,35.25,112.25,1885122964.0,9.275
CHN,35.25,112.75,30761812980.0,10.488
CHN,35.25,113.25,66473013026.0,10.823
CHN,35.25,113.75,98677719682.0,10.994
CHN,35.25,114.25,9327779703.0,9.97
CHN,35.25,114.75,12719750568.0,10.104
CHN,35.25,115.25,32382147800.0,10.51
CHN,35.25,115.75,14812484759.0,10.171
CHN,35.25,116.25,19107690140.0,10.281
CHN,35.25,116.75,81723193965.0,10.912
CHN,35.25,117.25,26435189493.0,10.422
CHN,35.25,117.75,6770476328.0,9.831
CHN,35.25,118.25,116264805491.0,11.065
CHN,35.25,118.75,8141480720.0,9.911
CHN,35.25,119.25,23884472663.0,10.378
CHN,35.25,119.75,12847637505.0,10.109
CHN,35.75,76.25,294015.0,5.468
CHN,35.75,76.75,585203.0,5.767
CHN,35.75,77.25,181734.0,5.259
CHN,35.75,77.75,73967.0,4.869
CHN,35.75,78.25,4268.0,3.63
CHN,35.75,78.75,44158.0,4.645
CHN,35.75,79.25,234986.0,5.371
CHN,35.75,79.75,215953.0,5.334
CHN,35.75,80.25,16814.0,4.226
CHN,35.75,80.75,91784.0,4.963
CHN,35.75,81.25,885433.0,5.947
CHN,35.75,81.75,1033625.0,6.014
CHN,35.75,82.25,501431.0,5.7
CHN,35.75,93.25,2714.0,3.434
CHN,35.75,93.75,596941.0,5.776
CHN,35.75,94.25,6341387.0,6.802
CHN,35.75,94.75,918808.0,5.963
CHN,35.75,95.25,199620.0,5.3
CHN,35.75,95.75,149426.0,5.174
CHN,35.75,96.25,1219364.0,6.086
CHN,35.75,96.75,693494.0,5.841
CHN,35.75,97.25,362386.0,5.559
CHN,35.75,97.75,7817713.0,6.893
CHN,35.75,98.25,1988606.0,6.299
CHN,35.75,98.75,700262.0,5.845
CHN,35.75,99.25,1026091.0,6.011
CHN,35.75,99.75,11914354.0,7.076
CHN,35.75,100.25,19594485.0,7.292
CHN,35.75,100.75,13810761.0,7.14
CHN,35.75,101.25,26859073.0,7.429
CHN,35.75,101.75,69170663.0,7.84
CHN,35.75,102.25,359531316.0,8.556
CHN,35.75,102.75,444633006.0,8.648
CHN,35.75,103.25,8367267176.0,9.923
CHN,35.75,103.75,2462947903.0,9.391
CHN,35.75,104.25,1919036861.0,9.283
CHN,35.75,104.75,2711752159.0,9.433
CHN,35.75,105.25,427712167.0,8.631
CHN,35.75,105.75,703595204.0,8.847
CHN,35.75,106.25,1257824984.0,9.1
CHN,35.75,106.75,7801513018.0,9.892
CHN,35.75,107.25,224585889.0,8.351
CHN,35.75,107.75,7193794464.0,9.857
CHN,35.75,108.25,683187820.0,8.835
CHN,35.75,108.75,16751695.0,7.224
CHN,35.75,109.25,1702788137.0,9.231
CHN,35.75,109.75,67086166.0,7.827
CHN,35.75,110.25,1299007766.0,9.114
CHN,35.75,110.75,11472791576.0,10.06
CHN,35.75,111.25,13165424189.0,10.119
CHN,35.75,111.75,2438742544.0,9.387
CHN,35.75,112.25,1109515150.0,9.045
CHN,35.75,112.75,19683071231.0,10.294
CHN,35.75,113.25,1315596402.0,9.119
CHN,35.75,113.75,1330514753.0,9.124
CHN,35.75,114.25,31298977420.0,10.496
CHN,35.75,114.75,26020221466.0,10.415
CHN,35.75,115.25,40588284046.0,10.608
CHN,35.75,115.75,8796293350.0,9.944
CHN,35.75,116.25,12714537009.0,10.104
CHN,35.75,116.75,29038916051.0,10.463
CHN,35.75,117.25,6808169678.0,9.833
CHN,35.75,117.75,15335702319.0,10.186
CHN,35.75,118.25,4261604348.0,9.63
CHN,35.75,118.75,15416934730.0,10.188
CHN,35.75,119.25,8511839097.0,9.93
CHN,35.75,119.75,13508778108.0,10.131
CHN,35.75,120.25,37282984176.0,10.572
CHN,36.25,75.75,169787.0,5.23
CHN,36.25,76.25,587201.0,5.769
CHN,36.25,76.75,493190.0,5.693
CHN,36.25,77.25,200462.0,5.302
CHN,36.25,77.75,369811.0,5.568
CHN,36.25,78.25,660120.0,5.82
CHN,36.25,78.75,1337386.0,6.126
CHN,36.25,79.25,1021510.0,6.009
CHN,36.25,79.75,409148.0,5.612
CHN,36.25,80.25,2275365.0,6.357
CHN,36.25,80.75,7832417.0,6.894
CHN,36.25,81.25,7959438.0,6.901
CHN,36.25,81.75,6643405.0,6.822
CHN,36.25,82.25,1467467.0,6.167
CHN,36.25,82.75,190158.0,5.279
CHN,36.25,83.25,31383.0,4.497
CHN,36.25,83.75,330.0,2.519
CHN,36.25,91.25,1.0,0.0
CHN,36.25,91.75,3913.0,3.593
CHN,36.25,92.25,44575.0,4.649
CHN,36.25,92.75,60172.0,4.779
CHN,36.25,93.75,1096.0,3.04
CHN,36.25,94.25,5439757.0,6.736
CHN,36.25,94.75,3954305793.0,9.597
CHN,36.25,95.25,20773371.0,7.318
CHN,36.25,95.75,135534.0,5.132
CHN,36.25,96.25,1428992.0,6.155
CHN,36.25,96.75,1067710.0,6.028
CHN,36.25,97.25,1795424.0,6.254
CHN,36.25,97.75,25894934.0,7.413
CHN,36.25,98.25,19847308.0,7.298
CHN,36.25,98.75,1183716.0,6.073
CHN,36.25,99.25,1480139.0,6.17
CHN,36.25,99.75,4532436.0,6.656
CHN,36.25,100.25,9027015.0,6.956
CHN,36.25,100.75,84218192.0,7.925
CHN,36.25,101.25,309159807.0,8.49
CHN,36.25,101.75,615905690.0,8.79
CHN,36.25,102.25,1776645195.0,9.25
CHN,36.25,102.75,2547207319.0,9.406
CHN,36.25,103.25,1678607996.0,9.225
CHN,36.25,103.75,156140625403.0,11.194
CHN,36.25,104.25,432415360.0,8.636
CHN,36.25,104.75,79669380.0,7.901
CHN,36.25,105.25,64521970.0,7.81
CHN,36.25,105.75,96243869.0,7.983
CHN,36.25,106.25,3299967685.0,9.519
CHN,36.25,106.75,42530107.0,7.629
CHN,36.25,107.25,69192342.0,7.84
CHN,36.25,107.75,500948162.0,8.7
CHN,36.25,108.25,127281618.0,8.105
CHN,36.25,108.75,11263868.0,7.052
CHN,36.25,109.25,460711069.0,8.663
CHN,36.25,109.75,184123018.0,8.265
CHN,36.25,110.25,139646342.0,8.145
CHN,36.25,110.75,302891743.0,8.481
CHN,36.25,111.25,10725596876.0,10.03
CHN,36.25,111.75,31870151376.0,10.503
CHN,36.25,112.25,136823003.0,8.136
CHN,36.25,112.75,6848936751.0,9.836
CHN,36.25,113.25,53812817889.0,10.731
CHN,36.25,113.75,6322947527.0,9.801
CHN,36.25,114.25,93085641957.0,10.969
CHN,36.25,114.75,13331645807.0,10.125
CHN,36.25,115.25,10002726271.0,10.0
CHN,36.25,115.75,39675294126.0,10.599
CHN,36.25,116.25,20722007883.0,10.316
CHN,36.25,116.75,8621374942.0,9.936
CHN,36.25,117.25,40068207338.0,10.603
CHN,36.25,117.75,28487670491.0,10.455
CHN,36.25,118.25,4742449500.0,9.676
CHN,36.25,118.75,3357161841.0,9.526
CHN,36.25,119.25,16263202634.0,10.211
CHN,36.25,119.75,23447710732.0,10.37
CHN,36.25,120.25,283568939503.0,11.453
CHN,36.25,120.75,11943034345.0,10.077
CHN,36.75,74.75,46269.0,4.665
CHN,36.75,75.25,282469.0,5.451
CHN,36.75,75.75,610455.0,5.786
CHN,36.75,76.25,740385.0,5.869
CHN,36.75,76.75,491508.0,5.692
CHN,36.75,77.25,724805.0,5.86
CHN,36.75,77.75,176528.0,5.247
CHN,36.75,78.25,308078.0,5.489
CHN,36.75,78.75,3588993.0,6.555
CHN,36.75,79.25,14169902.0,7.151
CHN,36.75,79.75,41997883.0,7.623
CHN,36.75,80.25,19249151.0,7.284
CHN,36.75,80.75,34933156.0,7.543
CHN,36.75,81.25,27600314.0,7.441
CHN,36.75,81.75,426275230.0,8.63
CHN,36.75,82.25,6513173.0,6.814
CHN,36.75,82.75,8163365.0,6.912
CHN,36.75,83.25,751730.0,5.876
CHN,36.75,83.75,698153.0,5.844
CHN,36.75,84.25,420572.0,5.624
CHN,36.75,84.75,135684.0,5.133
CHN,36.75,85.25,27227.0,4.435
CHN,36.75,85.75,126.0,2.1
CHN,36.75,91.25,75520.0,4.878
CHN,36.75,91.75,337852.0,5.529
CHN,36.75,92.25,399694.0,5.602
CHN,36.75,92.75,261178.0,5.417
CHN,36.75,93.25,286364.0,5.457
CHN,36.75,93.75,392743.0,5.594
CHN,36.75,94.25,3393913.0,6.531
CHN,36.75,94.75,8346531.0,6.922
CHN,36.75,95.25,42440719.0,7.628
CHN,36.75,95.75,767241.0,5.885
CHN,36.75,96.25,162138.0,5.21
CHN,36.75,96.75,171212.0,5.234
CHN,36.75,97.25,797815.0,5.902
CHN,36.75,97.75,2383348.0,6.377
CHN,36.75,98.25,13756269.0,7.139
CHN,36.75,98.75,8066021.0,6.907
CHN,36.75,99.25,4640663.0,6.667
CHN,36.75,99.75,3459593.0,6.539
CHN,36.75,100.25,3469986.0,6.54
CHN,36.75,100.75,31553680.0,7.499
CHN,36.75,101.25,1125286307.0,9.051
CHN,36.75,101.75,80734518021.0,10.907
CHN,36.75,102.25,860249903.0,8.935
CHN,36.75,102.75,150697563.0,8.178
CHN,36.75,103.25,566733919.0,8.753
CHN,36.75,103.75,800716189.0,8.903
CHN,36.75,104.25,6866603627.0,9.837
CHN,36.75,104.75,1378141786.0,9.139
CHN,36.75,105.25,63536733.0,7.803
CHN,36.75,105.75,1033851555.0,9.014
CHN,36.75,106.25,84638694.0,7.928
CHN,36.75,106.75,17469146.0,7.242
CHN,36.75,107.25,322373119.0,8.508
CHN,36.75,107.75,108315710.0,8.035
CHN,36.75,108.25,1190336917.0,9.076
CHN,36.75,108.75,1484939812.0,9.172
CHN,36.75,109.25,6225331991.0,9.794
CHN,36.75,109.75,5605729862.0,9.749
CHN,36.75,110.25,479417202.0,8.681
CHN,36.75,110.75,209279545.0,8.321
CHN,36.75,111.25,427356491.0,8.631
CHN,36.75,111.75,8284143221.0,9.918
CHN,36.75,112.25,192690937.0,8.285
CHN,36.75,112.75,1200713532.0,9.079
CHN,36.75,113.25,2325489717.0,9.367
CHN,36.75,113.75,5241594815.0,9.719
CHN,36.75,114.25,92979754792.0,10.968
CHN,36.75,114.75,58775724572.0,10.769
CHN,36.75,115.25,7574158955.0,9.879
CHN,36.75,115.75,16380685767.0,10.214
CHN,36.75,116.25,12930106767.0,10.112
CHN,36.75,116.75,156614995678.0,11.195
CHN,36.75,117.25,191064206622.0,11.281
CHN,36.75,117.75,89836994880.0,10.953
CHN,36.75,118.25,118016670070.0,11.072
CHN,36.75,118.75,51469564197.0,10.712
CHN,36.75,119.25,115161985610.0,11.061
CHN,36.75,119.75,10373117985.0,10.016
CHN,36.75,120.25,5549836470.0,9.744
CHN,36.75,120.75,18921963660.0,10.277
CHN,36.75,121.25,3045852990.0,9.484
CHN,36.75,121.75,2114807276.0,9.325
CHN,36.75,122.25,2638695836.0,9.421
CHN,37.25,74.25,30304.0,4.481
CHN,37.25,74.75,492456.0,5.692
CHN,37.25,75.25,890967.0,5.95
CHN,37.25,75.75,855605.0,5.932
CHN,37.25,76.25,1354017.0,6.132
CHN,37.25,76.75,7326733.0,6.865
CHN,37.25,77.25,20061126.0,7.302
CHN,37.25,77.75,7032735.0,6.847
CHN,37.25,78.25,24609354.0,7.391
CHN,37.25,78.75,25672778.0,7.409
CHN,37.25,79.25,52511349.0,7.72
CHN,37.25,79.75,14920687398.0,10.174
CHN,37.25,80.25,1561185475.0,9.193
CHN,37.25,80.75,22714426.0,7.356
CHN,37.25,81.25,13258831.0,7.123
CHN,37.25,81.75,4425406.0,6.646
CHN,37.25,82.25,1523947.0,6.183
CHN,37.25,82.75,46695342.0,7.669
CHN,37.25,83.25,1060035.0,6.025
CHN,37.25,83.75,220204.0,5.343
CHN,37.25,84.25,149780.0,5.175
CHN,37.25,84.75,368533.0,5.566
CHN,37.25,85.25,593177.0,5.773
CHN,37.25,85.75,271423.0,5.434
CHN,37.25,86.25,30526.0,4.485
CHN,37.25,90.25,35216.0,4.547
CHN,37.25,90.75,67583.0,4.83
CHN,37.25,91.25,200798.0,5.303
CHN,37.25,91.75,555764.0,5.745
CHN,37.25,92.25,818156.0,5.913
CHN,37.25,92.75,387930.0,5.589
CHN,37.25,93.25,360038.0,5.556
CHN,37.25,93.75,5524.0,3.742
CHN,37.25,95.25,210615.0,5.323
CHN,37.25,95.75,1267078.0,6.103
CHN,37.25,96.25,77886.0,4.891
CHN,37.25,96.75,812099.0,5.91
CHN,37.25,97.25,438987496.0,8.642
CHN,37.25,97.75,5973065.0,6.776
CHN,37.25,98.25,7484840.0,6.874
CHN,37.25,98.75,12281114.0,7.089
CHN,37.25,99.25,10369656.0,7.016
CHN,37.25,99.75,3742766.0,6.573
CHN,37.25,100.25,7068301.0,6.849
CHN,37.25,100.75,9316737.0,6.969
CHN,37.25,101.25,34317426.0,7.536
CHN,37.25,101.75,190934095.0,8.281
CHN,37.25,102.25,17122382.0,7.234
CHN,37.25,102.75,224051251.0,8.35
CHN,37.25,103.25,110175525.0,8.042
CHN,37.25,103.75,47684448.0,7.678
CHN,37.25,104.25,249934269.0,8.398
CHN,37.25,104.75,45394614.0,7.657
CHN,37.25,105.25,3392347897.0,9.531
CHN,37.25,105.75,1926996178.0,9.285
CHN,37.25,106.25,96279431.0,7.984
CHN,37.25,106.75,90079694.0,7.955
CHN,37.25,107.25,100189852.0,8.001
CHN,37.25,107.75,141633491.0,8.151
CHN,37.25,108.25,117254390.0,8.069
CHN,37.25,108.75,250678458.0,8.399
CHN,37.25,109.25,181675035.0,8.259
CHN,37.25,109.75,1225806135.0,9.088
CHN,37.25,110.25,506621372.0,8.705
CHN,37.25,110.75,3892256764.0,9.59
CHN,37.25,111.25,3334578413.0,9.523
CHN,37.25,111.75,31167104630.0,10.494
CHN,37.25,112.25,15454153531.0,10.189
CHN,37.25,112.75,5181096587.0,9.714
CHN,37.25,113.25,545946514.0,8.737
CHN,37.25,113.75,662966680.0,8.821
CHN,37.25,114.25,35688910438.0,10.553
CHN,37.25,114.75,31342802519.0,10.496
CHN,37.25,115.25,6960068123.0,9.843
CHN,37.25,115.75,6657200468.0,9.823
CHN,37.25,116.25,40822537321.0,10.611
CHN,37.25,116.75,7744443843.0,9.889
CHN,37.25,117.25,4530151410.0,9.656
CHN,37.25,117.75,22973770505.0,10.361
CHN,37.25,118.25,57003516475.0,10.756
CHN,37.25,118.75,30143722363.0,10.479
CHN,37.25,119.25,4688783872.0,9.671
CHN,37.25,119.75,10045510315.0,10.002
CHN,37.25,120.25,6479040749.0,9.812
CHN,37.25,120.75,2905260876.0,9.463
CHN,37.25,121.25,31771582636.0,10.502
CHN,37.25,121.75,10620381424.0,10.026
CHN,37.25,122.25,30449741206.0,10.484
CHN,37.25,122.75,549118366.0,8.74
CHN,37.75,74.75,2003266.0,6.302
CHN,37.75,75.25,13802724.0,7.14
CHN,37.75,75.75,4116787.0,6.615
CHN,37.75,76.25,5102801.0,6.708
CHN,37.75,76.75,24264629.0,7.385
CHN,37.75,77.25,2765883828.0,9.442
CHN,37.75,77.75,64963571.0,7.813
CHN,37.75,78.25,555652900.0,8.745
CHN,37.75,78.75,11416101.0,7.058
CHN,37.75,79.25,7051161.0,6.848
CHN,37.75,79.75,13477314.0,7.13
CHN,37.75,80.25,25776774.0,7.411
CHN,37.75,80.75,2388251.0,6.378
CHN,37.75,81.25,4475251.0,6.651
CHN,37.75,81.75,211050.0,5.324
CHN,37.75,82.75,1543627.0,6.189
CHN,37.75,83.25,521314.0,5.717
CHN,37.75,83.75,958026.0,5.981
CHN,37.75,84.25,2424563.0,6.385
CHN,37.75,84.75,159388.0,5.202
CHN,37.75,85.25,50701.0,4.705
CHN,37.75,85.75,741668.0,5.87
CHN,37.75,86.25,717929.0,5.856
CHN,37.75,86.75,289048.0,5.461
CHN,37.75,87.25,40139.0,4.604
CHN,37.75,88.75,4333.0,3.637
CHN,37.75,89.25,21136.0,4.325
CHN,37.75,89.75,5362.0,3.729
CHN,37.75,90.25,96577.0,4.985
CHN,37.75,90.75,566442.0,5.753
CHN,37.75,91.25,1995576.0,6.3
CHN,37.75,91.75,3532648.0,6.548
CHN,37.75,92.25,2325734.0,6.367
CHN,37.75,92.75,10706.0,4.03
CHN,37.75,93.25,55522.0,4.744
CHN,37.75,93.75,81695.0,4.912
CHN,37.75,94.25,257329.0,5.41
CHN,37.75,94.75,220022.0,5.342
CHN,37.75,95.25,1494344.0,6.174
CHN,37.75,95.75,1814163.0,6.259
CHN,37.75,96.25,1260467.0,6.101
CHN,37.75,96.75,2034543.0,6.308
CHN,37.75,97.25,9208735.0,6.964
CHN,37.75,97.75,4002394.0,6.602
CHN,37.75,98.25,273733.0,5.437
CHN,37.75,98.75,1880023.0,6.274
CHN,37.75,99.25,3417986.0,6.534
CHN,37.75,99.75,3319007.0,6.521
CHN,37.75,100.25,4111794.0,6.614
CHN,37.75,100.75,3892403.0,6.59
CHN,37.75,101.25,14972492.0,7.175
CHN,37.75,101.75,10660163.0,7.028
CHN,37.75,102.25,36981103.0,7.568
CHN,37.75,102.75,9364819691.0,9.971
CHN,37.75,103.25,93426195.0,7.97
CHN,37.75,103.75,20061835.0,7.302
CHN,37.75,104.25,1002037.0,6.001
CHN,37.75,104.75,1808954.0,6.257
CHN,37.75,105.25,2343431610.0,9.37
CHN,37.75,105.75,2056779942.0,9.313
CHN,37.75,106.25,12541148478.0,10.098
CHN,37.75,106.75,79014124.0,7.898
CHN,37.75,107.25,405648619.0,8.608
CHN,37.75,107.75,1896086563.0,9.278
CHN,37.75,108.25,56397077.0,7.751
CHN,37.75,108.75,3638423478.0,9.561
CHN,37.75,109.25,340452198.0,8.532
CHN,37.75,109.75,129688417.0,8.113
CHN,37.75,110.25,1866123938.0,9.271
CHN,37.75,110.75,1461506572.0,9.165
CHN,37.75,111.25,8077067861.0,9.907
CHN,37.75,111.75,181696225.0,8.259
CHN,37.75,112.25,61806915071.0,10.791
CHN,37.75,112.75,346825695509.0,11.54
CHN,37.75,113.25,4184566880.0,9.622
CHN,37.75,113.75,25803119859.0,10.412
CHN,37.75,114.25,23866874834.0,10.378
CHN,37.75,114.75,42144014826.0,10.625
CHN,37.75,115.25,12678293885.0,10.103
CHN,37.75,115.75,25586431053.0,10.408
CHN,37.75,116.25,5113525845.0,9.709
CHN,37.75,116.75,3803634914.0,9.58
CHN,37.75,117.25,6709051021.0,9.827
CHN,37.75,117.75,5697003420.0,9.756
CHN,37.75,118.25,8398808822.0,9.924
CHN,37.75,118.75,10754311732.0,10.032
CHN,37.75,119.25,49364836.0,7.693
CHN,37.75,120.25,10131429886.0,10.006
CHN,37.75,120.75,17023086880.0,10.231
CHN,37.75,121.25,59463175021.0,10.774
CHN,37.75,122.25,8672209014.0,9.938
CHN,38.25,74.75,727083.0,5.862
CHN,38.25,75.25,1253559.0,6.098
CHN,38.25,75.75,1800147.0,6.255
CHN,38.25,76.25,3001554.0,6.477
CHN,38.25,76.75,17047052.0,7.232
CHN,38.25,77.25,5097602557.0,9.707
CHN,38.25,77.75,27754158.0,7.443
CHN,38.25,78.25,309929.0,5.491
CHN,38.25,78.75,269974.0,5.431
CHN,38.25,80.25,991775.0,5.996
CHN,38.25,80.75,9386387.0,6.972
CHN,38.25,81.25,1378084.0,6.139
CHN,38.25,81.75,3270992.0,6.515
CHN,38.25,82.25,58625.0,4.768
CHN,38.25,82.75,12.0,1.079
CHN,38.25,83.25,787.0,2.896
CHN,38.25,83.75,221693.0,5.346
CHN,38.25,84.25,37928.0,4.579
CHN,38.25,84.75,4933.0,3.693
CHN,38.25,85.25,12124383.0,7.084
CHN,38.25,85.75,56041073.0,7.749
CHN,38.25,86.25,757530.0,5.879
CHN,38.25,86.75,679508.0,5.832
CHN,38.25,87.25,331640.0,5.521
CHN,38.25,87.75,634530.0,5.802
CHN,38.25,88.25,192339.0,5.284
CHN,38.25,88.75,1167670.0,6.067
CHN,38.25,89.25,121104.0,5.083
CHN,38.25,89.75,35218.0,4.547
CHN,38.25,90.25,408235.0,5.611
CHN,38.25,90.75,4546038.0,6.658
CHN,38.25,91.25,3123037.0,6.495
CHN,38.25,91.75,2693706.0,6.43
CHN,38.25,92.25,1281152.0,6.108
CHN,38.25,92.75,91001.0,4.959
CHN,38.25,93.25,29708.0,4.473
CHN,38.25,93.75,82763.0,4.918
CHN,38.25,94.25,430831.0,5.634
CHN,38.25,94.75,571097.0,5.757
CHN,38.25,95.25,308616.0,5.489
CHN,38.25,95.75,112957.0,5.053
CHN,38.25,96.25,14314.0,4.156
CHN,38.25,98.25,15547.0,4.192
CHN,38.25,98.75,573200.0,5.758
CHN,38.25,99.25,2805553.0,6.448
CHN,38.25,99.75,1914650.0,6.282
CHN,38.25,100.25,22722594.0,7.356
CHN,38.25,100.75,253532351.0,8.404
CHN,38.25,101.25,15039782.0,7.177
CHN,38.25,101.75,101265146.0,8.005
CHN,38.25,102.25,1623578125.0,9.21
CHN,38.25,102.75,377473970.0,8.577
CHN,38.25,103.25,12471911.0,7.096
CHN,38.25,103.75,108180.0,5.034
CHN,38.25,104.25,87781.0,4.943
CHN,38.25,104.75,425352.0,5.629
CHN,38.25,105.25,2871879.0,6.458
CHN,38.25,105.75,168120147.0,8.226
CHN,38.25,106.25,116488303084.0,11.066
CHN,38.25,106.75,1045969376.0,9.02
CHN,38.25,107.25,19747304.0,7.296
CHN,38.25,107.75,12275418.0,7.089
CHN,38.25,108.25,3780286.0,6.578
CHN,38.25,108.75,31337550.0,7.496
CHN,38.25,109.25,288771688.0,8.461
CHN,38.25,109.75,15412261467.0,10.188
CHN,38.25,110.25,161855579.0,8.209
CHN,38.25,110.75,143422176.0,8.157
CHN,38.25,111.25,953435553.0,8.979
CHN,38.25,111.75,1162169951.0,9.065
CHN,38.25,112.25,445027407.0,8.648
CHN,38.25,112.75,17819919293.0,10.251
CHN,38.25,113.25,1850629224.0,9.267
CHN,38.25,113.75,464831552.0,8.667
CHN,38.25,114.25,156860775573.0,11.196
CHN,38.25,114.75,151753172253.0,11.181
CHN,38.25,115.25,11993163767.0,10.079
CHN,38.25,115.75,9032164627.0,9.956
CHN,38.25,116.25,7983796627.0,9.902
CHN,38.25,116.75,46417982104.0,10.667
CHN,38.25,117.25,10822851879.0,10.034
CHN,38.25,117.75,6684985572.0,9.825
CHN,38.25,118.25,82862756.0,7.918
CHN,38.25,118.75,168298333.0,8.226
CHN,38.75,73.75,395442.0,5.597
CHN,38.75,74.25,533492.0,5.727
CHN,38.75,74.75,2557844.0,6.408
CHN,38.75,75.25,2340236.0,6.369
CHN,38.75,75.75,20288673.0,7.307
CHN,38.75,76.25,1443825442.0,9.16
CHN,38.75,76.75,6977557.0,6.844
CHN,38.75,77.25,198666844.0,8.298
CHN,38.75,77.75,614359306.0,8.788
CHN,38.75,78.25,51624.0,4.713
CHN,38.75,80.75,3733551.0,6.572
CHN,38.75,81.25,2368555.0,6.374
CHN,38.75,81.75,772421.0,5.888
CHN,38.75,82.25,149287.0,5.174
CHN,38.75,85.25,3338.0,3.523
CHN,38.75,85.75,382110.0,5.582
CHN,38.75,86.25,615756.0,5.789
CHN,38.75,86.75,322438.0,5.508
CHN,38.75,87.25,1248321.0,6.096
CHN,38.75,87.75,650879.0,5.814
CHN,38.75,88.25,6233630.0,6.795
CHN,38.75,88.75,1800428.0,6.255
CHN,38.75,89.25,332886.0,5.522
CHN,38.75,89.75,166833.0,5.222
CHN,38.75,90.25,43636.0,4.64
CHN,38.75,90.75,82002.0,4.914
CHN,38.75,91.25,603417.0,5.781
CHN,38.75,91.75,198014.0,5.297
CHN,38.75,92.25,419108.0,5.622
CHN,38.75,92.75,134064.0,5.127
CHN,38.75,93.25,123298.0,5.091
CHN,38.75,93.75,7477.0,3.874
CHN,38.75,94.25,89389.0,4.951
CHN,38.75,94.75,690280.0,5.839
CHN,38.75,95.25,1061971.0,6.026
CHN,38.75,95.75,657700.0,5.818
CHN,38.75,96.25,28985.0,4.462
CHN,38.75,96.75,605.0,2.782
CHN,38.75,97.25,624162.0,5.795
CHN,38.75,97.75,341005.0,5.533
CHN,38.75,98.25,753872.0,5.877
CHN,38.75,98.75,587045.0,5.769
CHN,38.75,99.25,1026669.0,6.011
CHN,38.75,99.75,40208534.0,7.604
CHN,38.75,100.25,7879054759.0,9.896
CHN,38.75,100.75,576409128.0,8.761
CHN,38.75,101.25,109762465.0,8.04
CHN,38.75,101.75,12357236.0,7.092
CHN,38.75,102.25,1635410038.0,9.214
CHN,38.75,102.75,9898929.0,6.996
CHN,38.75,103.25,255738129.0,8.408
CHN,38.75,103.75,8958479.0,6.952
CHN,38.75,104.25,353149.0,5.548
CHN,38.75,104.75,4033100.0,6.606
CHN,38.75,105.25,15922796.0,7.202
CHN,38.75,105.75,218892564.0,8.34
CHN,38.75,106.25,45332518402.0,10.656
CHN,38.75,106.75,1260841720.0,9.101
CHN,38.75,107.25,22049627.0,7.343
CHN,38.75,107.75,8024491.0,6.904
CHN,38.75,108.25,7019696.0,6.846
CHN,38.75,108.75,61313011.0,7.788
CHN,38.75,109.25,28332365.0,7.452
CHN,38.75,109.75,122729164.0,8.089
CHN,38.75,110.25,1406515016.0,9.148
CHN,38.75,110.75,1474759127.0,9.169
CHN,38.75,111.25,1203640048.0,9.08
CHN,38.75,111.75,585768326.0,8.768
CHN,38.75,112.25,524032389.0,8.719
CHN,38.75,112.75,5043454792.0,9.703
CHN,38.75,113.25,722594138.0,8.859
CHN,38.75,113.75,76071239.0,7.881
CHN,38.75,114.25,577619763.0,8.762
CHN,38.75,114.75,15010104061.0,10.176
CHN,38.75,115.25,77337518868.0,10.888
CHN,38.75,115.75,50149202949.0,10.7
CHN,38.75,116.25,24050001025.0,10.381
CHN,38.75,116.75,20967845640.0,10.322
CHN,38.75,117.25,96143995103.0,10.983
CHN,38.75,117.75,64383280126.0,10.809
CHN,38.75,118.75,102371634.0,8.01
CHN,38.75,121.25,25046442103.0,10.399
CHN,38.75,121.75,177700424147.0,11.25
CHN,39.25,73.75,86398.0,4.937
CHN,39.25,74.25,4291285.0,6.633
CHN,39.25,74.75,3445648.0,6.537
CHN,39.25,75.25,18584864.0,7.269
CHN,39.25,75.75,15237617486.0,10.183
CHN,39.25,76.25,11612294916.0,10.065
CHN,39.25,76.75,561119373.0,8.749
CHN,39.25,77.25,21701621.0,7.336
CHN,39.25,77.75,145559506.0,8.163
CHN,39.25,78.25,23015612.0,7.362
CHN,39.25,78.75,764015.0,5.883
CHN,39.25,79.25,26202.0,4.418
CHN,39.25,86.25,22678.0,4.356
CHN,39.25,86.75,11803.0,4.072
CHN,39.25,87.25,583258.0,5.766
CHN,39.25,87.75,1199000.0,6.079
CHN,39.25,88.25,6676082.0,6.825
CHN,39.25,88.75,497890.0,5.697
CHN,39.25,89.25,528242.0,5.723
CHN,39.25,89.75,703003.0,5.847
CHN,39.25,90.25,515892.0,5.713
CHN,39.25,90.75,81672.0,4.912
CHN,39.25,91.75,4547.0,3.658
CHN,39.25,92.25,503821.0,5.702
CHN,39.25,92.75,457043.0,5.66
CHN,39.25,93.25,169376.0,5.229
CHN,39.25,93.75,1420927.0,6.153
CHN,39.25,94.25,2737708.0,6.437
CHN,39.25,94.75,1584992.0,6.2
CHN,39.25,95.25,1594389.0,6.203
CHN,39.25,95.75,300063.0,5.477
CHN,39.25,96.25,65289.0,4.815
CHN,39.25,96.75,801252.0,5.904
CHN,39.25,97.25,4210172.0,6.624
CHN,39.25,97.75,498101.0,5.697
CHN,39.25,98.25,414872.0,5.618
CHN,39.25,98.75,14736838.0,7.168
CHN,39.25,99.25,16977989.0,7.23
CHN,39.25,99.75,205297258.0,8.312
CHN,39.25,100.25,260594438.0,8.416
CHN,39.25,100.75,28991384.0,7.462
CHN,39.25,101.25,1530136.0,6.185
CHN,39.25,101.75,3261757.0,6.513
CHN,39.25,102.25,2156913.0,6.334
CHN,39.25,102.75,1408725.0,6.149
CHN,39.25,103.25,7054234.0,6.848
CHN,39.25,103.75,5725467.0,6.758
CHN,39.25,104.25,658319.0,5.818
CHN,39.25,104.75,423498.0,5.627
CHN,39.25,105.25,1939100.0,6.288
CHN,39.25,105.75,10467101.0,7.02
CHN,39.25,106.25,5790592817.0,9.763
CHN,39.25,106.75,7793382628.0,9.892
CHN,39.25,107.25,184946677.0,8.267
CHN,39.25,107.75,13135668.0,7.118
CHN,39.25,108.25,7027293.0,6.847
CHN,39.25,108.75,13430740.0,7.128
CHN,39.25,109.25,48801183.0,7.688
CHN,39.25,109.75,190052755.0,8.279
CHN,39.25,110.25,1523648232.0,9.183
CHN,39.25,110.75,684903369.0,8.836
CHN,39.25,111.25,4942972475.0,9.694
CHN,39.25,111.75,163193583.0,8.213
CHN,39.25,112.25,19738166097.0,10.295
CHN,39.25,112.75,2404340298.0,9.381
CHN,39.25,113.25,1004682990.0,9.002
CHN,39.25,113.75,321828684.0,8.508
CHN,39.25,114.25,928477157.0,8.968
CHN,39.25,114.75,1929867908.0,9.286
CHN,39.25,115.25,3758339222.0,9.575
CHN,39.25,115.75,28157191205.0,10.45
CHN,39.25,116.25,30581100872.0,10.485
CHN,39.25,116.75,48796779637.0,10.688
CHN,39.25,117.25,873391905337.0,11.941
CHN,39.25,117.75,176493734342.0,11.247
CHN,39.25,118.25,7679374946.0,9.885
CHN,39.25,118.75,7156250740.0,9.855
CHN,39.25,119.25,1053844528.0,9.023
CHN,39.25,121.25,188510414.0,8.275
CHN,39.25,121.75,75968058651.0,10.881
CHN,39.25,122.25,1908114557.0,9.281
CHN,39.25,122.75,110195706.0,8.042
CHN,39.75,73.75,456984.0,5.66
CHN,39.75,74.25,21790718.0,7.338
CHN,39.75,74.75,1562551.0,6.194
CHN,39.75,75.25,27405121.0,7.438
CHN,39.75,75.75,2114112400.0,9.325
CHN,39.75,76.25,2510663879.0,9.4
CHN,39.75,76.75,231040895.0,8.364
CHN,39.75,77.25,36557740.0,7.563
CHN,39.75,77.75,12147364.0,7.084
CHN,39.75,78.25,30491764.0,7.484
CHN,39.75,78.75,602675438.0,8.78
CHN,39.75,79.25,206250565.0,8.314
CHN,39.75,79.75,6621826.0,6.821
CHN,39.75,80.75,10603.0,4.025
CHN,39.75,81.25,100.0,2.0
CHN,39.75,88.25,1318096.0,6.12
CHN,39.75,88.75,84879.0,4.929
CHN,39.75,93.25,27813.0,4.444
CHN,39.75,93.75,1308679.0,6.117
CHN,39.75,94.25,3865075.0,6.587
CHN,39.75,94.75,21098602.0,7.324
CHN,39.75,95.25,2680895.0,6.428
CHN,39.75,95.75,532386.0,5.726
CHN,39.75,96.25,814756.0,5.911
CHN,39.75,96.75,2502631.0,6.398
CHN,39.75,97.25,17029250.0,7.231
CHN,39.75,97.75,313712938.0,8.497
CHN,39.75,98.25,13627144800.0,10.134
CHN,39.75,98.75,4757468547.0,9.677
CHN,39.75,99.25,10452393.0,7.019
CHN,39.75,99.75,8595891.0,6.934
CHN,39.75,100.25,3818057.0,6.582
CHN,39.75,100.75,153705.0,5.187
CHN,39.75,101.25,99180.0,4.996
CHN,39.75,101.75,506790.0,5.705
CHN,39.75,102.25,1052502.0,6.022
CHN,39.75,102.75,359957.0,5.556
CHN,39.75,103.25,353279.0,5.548
CHN,39.75,103.75,415965.0,5.619
CHN,39.75,104.25,187339.0,5.273
CHN,39.75,104.75,283945.0,5.453
CHN,39.75,105.25,1466888.0,6.166
CHN,39.75,105.75,2928786.0,6.467
CHN,39.75,106.25,1802148.0,6.256
CHN,39.75,106.75,8596565436.0,9.934
CHN,39.75,107.25,15537851.0,7.191
CHN,39.75,107.75,5183763.0,6.715
CHN,39.75,108.25,11469750.0,7.06
CHN,39.75,108.75,27537305.0,7.44
CHN,39.75,109.25,52945580.0,7.724
CHN,39.75,109.75,18411777328.0,10.265
CHN,39.75,110.25,9103967704.0,9.959
CHN,39.75,110.75,172690365.0,8.237
CHN,39.75,111.25,2024291329.0,9.306
CHN,39.75,111.75,81561280.0,7.911
CHN,39.75,112.25,2175505424.0,9.338
CHN,39.75,112.75,2645935757.0,9.423
CHN,39.75,113.25,14256523873.0,10.154
CHN,39.75,113.75,2509872139.0,9.4
CHN,39.75,114.25,679154032.0,8.832
CHN,39.75,114.75,1275421041.0,9.106
CHN,39.75,115.25,91730414.0,7.963
CHN,39.75,115.75,22686612684.0,10.356
CHN,39.75,116.25,1580307878053.0,12.199
CHN,39.75,116.75,376019203832.0,11.575
CHN,39.75,117.25,42610202048.0,10.63
CHN,39.75,117.75,12801947989.0,10.107
CHN,39.75,118.25,161876563418.0,11.209
CHN,39.75,118.75,27838634878.0,10.445
CHN,39.75,119.25,13526144503.0,10.131
CHN,39.75,119.75,48516763019.0,10.686
CHN,39.75,121.25,948786461.0,8.977
CHN,39.75,121.75,7043768329.0,9.848
CHN,39.75,122.25,4131493895.0,9.616
CHN,39.75,122.75,3800301332.0,9.58
CHN,39.75,123.25,849011560.0,8.929
CHN,39.75,123.75,182176555.0,8.26
CHN,39.75,124.25,4262945506.0,9.63
CHN,40.25,74.25,468369.0,5.671
CHN,40.25,74.75,803779.0,5.905
CHN,40.25,75.25,676861.0,5.83
CHN,40.25,75.75,2219879.0,6.346
CHN,40.25,76.25,3564562.0,6.552
CHN,40.25,76.75,5003132.0,6.699
CHN,40.25,77.25,1757529.0,6.245
CHN,40.25,77.75,327196.0,5.515
CHN,40.25,78.25,3015435.0,6.479
CHN,40.25,78.75,3683904.0,6.566
CHN,40.25,79.25,12478991.0,7.096
CHN,40.25,79.75,4235137.0,6.627
CHN,40.25,80.25,14613427.0,7.165
CHN,40.25,80.75,15157966.0,7.181
CHN,40.25,81.25,26082996.0,7.416
CHN,40.25,81.75,218984.0,5.34
CHN,40.25,87.25,42472.0,4.628
CHN,40.25,87.75,270582.0,5.432
CHN,40.25,88.25,632269.0,5.801
CHN,40.25,88.75,2581.0,3.412
CHN,40.25,89.25,50357.0,4.702
CHN,40.25,89.75,62172.0,4.794
CHN,40.25,93.25,338573.0,5.53
CHN,40.25,93.75,515184.0,5.712
CHN,40.25,94.25,10442170.0,7.019
CHN,40.25,94.75,975360474.0,8.989
CHN,40.25,95.25,9138945.0,6.961
CHN,40.25,95.75,19815708.0,7.297
CHN,40.25,96.25,4421968.0,6.646
CHN,40.25,96.75,33454912.0,7.524
CHN,40.25,97.25,171205006.0,8.234
CHN,40.25,97.75,10392040.0,7.017
CHN,40.25,98.25,1468842.0,6.167
CHN,40.25,98.75,50335598.0,7.702
CHN,40.25,99.25,12803461.0,7.107
CHN,40.25,99.75,4533796.0,6.656
CHN,40.25,100.25,19976.0,4.301
CHN,40.25,100.75,1753.0,3.244
CHN,40.25,101.25,817.0,2.912
CHN,40.25,101.75,7800.0,3.892
CHN,40.25,102.25,155247.0,5.191
CHN,40.25,102.75,116894.0,5.068
CHN,40.25,103.25,241269.0,5.383
CHN,40.25,103.75,202739.0,5.307
CHN,40.25,104.25,167460.0,5.224
CHN,40.25,104.75,267237.0,5.427
CHN,40.25,105.25,352007.0,5.547
CHN,40.25,105.75,731424.0,5.864
CHN,40.25,106.25,828647.0,5.918
CHN,40.25,106.75,141719612.0,8.151
CHN,40.25,107.25,82463403.0,7.916
CHN,40.25,107.75,2716435.0,6.434
CHN,40.25,108.25,4459571.0,6.649
CHN,40.25,108.75,15521892.0,7.191
CHN,40.25,109.25,11376892.0,7.056
CHN,40.25,109.75,1335376549.0,9.126
CHN,40.25,110.25,2048021922.0,9.311
CHN,40.25,110.75,68690907.0,7.837
CHN,40.25,111.25,2286395034.0,9.359
CHN,40.25,111.75,240407751.0,8.381
CHN,40.25,112.25,157698834.0,8.198
CHN,40.25,112.75,612784340.0,8.787
CHN,40.25,113.25,105040197312.0,11.021
CHN,40.25,113.75,1496156706.0,9.175
CHN,40.25,114.25,1412484015.0,9.15
CHN,40.25,114.75,134054672.0,8.127
CHN,40.25,115.25,3599574278.0,9.556
CHN,40.25,115.75,6965374401.0,9.843
CHN,40.25,116.25,425450948028.0,11.629
CHN,40.25,116.75,168671706673.0,11.227
CHN,40.25,117.25,29125503514.0,10.464
CHN,40.25,117.75,6098100037.0,9.785
CHN,40.25,118.25,3190900083.0,9.504
CHN,40.25,118.75,8486251307.0,9.929
CHN,40.25,119.25,340197435.0,8.532
CHN,40.25,119.75,5461415635.0,9.737
CHN,40.25,120.25,2139095929.0,9.33
CHN,40.25,120.75,19074662.0,7.28
CHN,40.25,121.75,13227146.0,7.121
CHN,40.25,122.25,23348908083.0,10.368
CHN,40.25,122.75,124245903.0,8.094
CHN,40.25,123.25,1139315707.0,9.057
CHN,40.25,123.75,234017728.0,8.369
CHN,40.25,124.25,26912147199.0,10.43
CHN,40.25,124.75,18466791.0,7.266
CHN,40.75,75.25,40450.0,4.607
CHN,40.75,75.75,33492.0,4.525
CHN,40.75,76.75,2675470.0,6.427
CHN,40.75,77.25,2361378.0,6.373
CHN,40.75,77.75,2159972.0,6.334
CHN,40.75,78.25,19331785.0,7.286
CHN,40.75,78.75,9991458.0,7.0
CHN,40.75,79.25,16364879.0,7.214
CHN,40.75,79.75,26368178.0,7.421
CHN,40.75,80.25,461301533.0,8.664
CHN,40.75,80.75,64911876.0,7.812
CHN,40.75,81.25,657688749.0,8.818
CHN,40.75,81.75,19866586.0,7.298
CHN,40.75,82.25,467391.0,5.67
CHN,40.75,82.75,60889445.0,7.785
CHN,40.75,83.25,27014967.0,7.432
CHN,40.75,83.75,2109090.0,6.324
CHN,40.75,84.25,205288.0,5.312
CHN,40.75,84.75,276218.0,5.441
CHN,40.75,85.25,244434.0,5.388
CHN,40.75,85.75,69360.0,4.841
CHN,40.75,86.25,57273.0,4.758
CHN,40.75,86.75,2713556.0,6.434
CHN,40.75,87.25,2900513.0,6.462
CHN,40.75,87.75,475000.0,5.677
CHN,40.75,88.25,14266.0,4.154
CHN,40.75,88.75,586328.0,5.768
CHN,40.75,89.25,924722.0,5.966
CHN,40.75,89.75,341635.0,5.534
CHN,40.75,93.75,10757.0,4.032
CHN,40.75,94.25,315235.0,5.499
CHN,40.75,94.75,2132727.0,6.329
CHN,40.75,95.25,7513097.0,6.876
CHN,40.75,95.75,52239194.0,7.718
CHN,40.75,96.25,4747567.0,6.676
CHN,40.75,96.75,18524178.0,7.268
CHN,40.75,97.25,1891699.0,6.277
CHN,40.75,97.75,1095881.0,6.04
CHN,40.75,98.25,19127.0,4.282
CHN,40.75,98.75,1897959.0,6.278
CHN,40.75,99.25,1152680.0,6.062
CHN,40.75,99.75,2768034.0,6.442
CHN,40.75,100.25,891528.0,5.95
CHN,40.75,100.75,27113.0,4.433
CHN,40.75,101.25,36836.0,4.566
CHN,40.75,101.75,6839.0,3.835
CHN,40.75,102.25,12145.0,4.084
CHN,40.75,102.75,116009.0,5.064
CHN,40.75,103.25,139189.0,5.144
CHN,40.75,103.75,139189.0,5.144
CHN,40.75,104.25,151136.0,5.179
CHN,40.75,104.75,184263.0,5.265
CHN,40.75,105.25,282275.0,5.451
CHN,40.75,105.75,1052777.0,6.022
CHN,40.75,106.25,1516093.0,6.181
CHN,40.75,106.75,57657161.0,7.761
CHN,40.75,107.25,8153235482.0,9.911
CHN,40.75,107.75,85156212.0,7.93
CHN,40.75,108.25,23422207.0,7.37
CHN,40.75,108.75,268067688.0,8.428
CHN,40.75,109.25,44010506.0,7.644
CHN,40.75,109.75,145139184627.0,11.162
CHN,40.75,110.25,24449703888.0,10.388
CHN,40.75,110.75,1056242487.0,9.024
CHN,40.75,111.25,1607364926.0,9.206
CHN,40.75,111.75,166318514062.0,11.221
CHN,40.75,112.25,168319860.0,8.226
CHN,40.75,112.75,194248288.0,8.288
CHN,40.75,113.25,2275666004.0,9.357
CHN,40.75,113.75,243920625.0,8.387
CHN,40.75,114.25,1051134240.0,9.022
CHN,40.75,114.75,36442268509.0,10.562
CHN,40.75,115.25,15712419822.0,10.196
CHN,40.75,115.75,489560204.0,8.69
CHN,40.75,116.25,160343406.0,8.205
CHN,40.75,116.75,91656981.0,7.962
CHN,40.75,117.25,734891267.0,8.866
CHN,40.75,117.75,14994823459.0,10.176
CHN,40.75,118.25,2088703827.0,9.32
CHN,40.75,118.75,1427261787.0,9.155
CHN,40.75,119.25,128647821.0,8.109
CHN,40.75,119.75,592605854.0,8.773
CHN,40.75,120.25,161231624.0,8.207
CHN,40.75,120.75,30304157122.0,10.482
CHN,40.75,121.25,776038549.0,8.89
CHN,40.75,121.75,162421711.0,8.211
CHN,40.75,122.25,44968992845.0,10.653
CHN,40.75,122.75,30026390480.0,10.478
CHN,40.75,123.25,194066938.0,8.288
CHN,40.75,123.75,158135314.0,8.199
CHN,40.75,124.25,104166230.0,8.018
CHN,40.75,124.75,779773581.0,8.892
CHN,40.75,125.25,36014812.0,7.556
CHN,40.75,125.75,10613471.0,7.026
CHN,40.75,126.25,542887.0,5.735
CHN,41.25,77.75,3599.0,3.556
CHN,41.25,78.25,2407259.0,6.382
CHN,41.25,78.75,5551185.0,6.744
CHN,41.25,79.25,174641623.0,8.242
CHN,41.25,79.75,44665147.0,7.65
CHN,41.25,80.25,17709636913.0,10.248
CHN,41.25,80.75,36441973.0,7.562
CHN,41.25,81.25,386592.0,5.587
CHN,41.25,81.75,834620.0,5.921
CHN,41.25,82.25,37681699.0,7.576
CHN,41.25,82.75,336115113.0,8.526
CHN,41.25,83.25,115138230.0,8.061
CHN,41.25,83.75,4335996.0,6.637
CHN,41.25,84.25,3352008.0,6.525
CHN,41.25,84.75,770315.0,5.887
CHN,41.25,85.25,2039827.0,6.31
CHN,41.25,85.75,6061380.0,6.783
CHN,41.25,86.25,257192031.0,8.41
CHN,41.25,86.75,2525845.0,6.402
CHN,41.25,87.25,3237274.0,6.51
CHN,41.25,87.75,1894175.0,6.277
CHN,41.25,88.25,472881.0,5.675
CHN,41.25,88.75,318731.0,5.503
CHN,41.25,89.25,3768400.0,6.576
CHN,41.25,89.75,3204043.0,6.506
CHN,41.25,94.25,714638.0,5.854
CHN,41.25,94.75,2189178.0,6.34
CHN,41.25,95.25,1559725.0,6.193
CHN,41.25,95.75,998217.0,5.999
CHN,41.25,96.25,347415.0,5.541
CHN,41.25,96.75,228080.0,5.358
CHN,41.25,97.25,42635.0,4.63
CHN,41.25,98.25,6179.0,3.791
CHN,41.25,98.75,5544.0,3.744
CHN,41.25,99.25,9665.0,3.985
CHN,41.25,99.75,511051.0,5.708
CHN,41.25,100.25,207645.0,5.317
CHN,41.25,100.75,59224.0,4.772
CHN,41.25,101.25,28939.0,4.461
CHN,41.25,101.75,165817.0,5.22
CHN,41.25,102.25,1381492.0,6.14
CHN,41.25,102.75,339412.0,5.531
CHN,41.25,103.25,94183.0,4.974
CHN,41.25,103.75,86775.0,4.938
CHN,41.25,104.25,118625.0,5.074
CHN,41.25,104.75,161126.0,5.207
CHN,41.25,105.25,692171.0,5.84
CHN,41.25,105.75,1368610.0,6.136
CHN,41.25,106.25,1038612.0,6.016
CHN,41.25,106.75,15098747.0,7.179
CHN,41.25,107.25,56079260.0,7.749
CHN,41.25,107.75,31035747.0,7.492
CHN,41.25,108.25,485036198.0,8.686
CHN,41.25,108.75,52376410.0,7.719
CHN,41.25,109.25,13609247.0,7.134
CHN,41.25,109.75,23386547.0,7.369
CHN,41.25,110.25,76143801.0,7.882
CHN,41.25,110.75,18904540.0,7.277
CHN,41.25,111.25,155367280.0,8.191
CHN,41.25,111.75,75020815.0,7.875
CHN,41.25,112.25,38244681.0,7.583
CHN,41.25,112.75,76647908.0,7.885
CHN,41.25,113.25,7333833844.0,9.865
CHN,41.25,113.75,231106805.0,8.364
CHN,41.25,114.25,82848636.0,7.918
CHN,41.25,114.75,1395429548.0,9.145
CHN,41.25,115.25,74798092.0,7.874
CHN,41.25,115.75,28020831.0,7.447
CHN,41.25,116.25,17821957.0,7.251
CHN,41.25,116.75,381567306.0,8.582
CHN,41.25,117.25,79891593.0,7.903
CHN,41.25,117.75,2123719020.0,9.327
CHN,41.25,118.25,139685385.0,8.145
CHN,41.25,118.75,1159985848.0,9.064
CHN,41.25,119.25,4734551495.0,9.675
CHN,41.25,119.75,2948251594.0,9.47
CHN,41.25,120.25,364441049.0,8.562
CHN,41.25,120.75,555389984.0,8.745
CHN,41.25,121.25,51319792571.0,10.71
CHN,41.25,121.75,5583218811.0,9.747
CHN,41.25,122.25,55210978533.0,10.742
CHN,41.25,122.75,74939672547.0,10.875
CHN,41.25,123.25,111270224323.0,11.046
CHN,41.25,123.75,41189419842.0,10.615
CHN,41.25,124.25,580259506.0,8.764
CHN,41.25,124.75,47052274.0,7.673
CHN,41.25,125.25,1272476583.0,9.105
CHN,41.25,125.75,56490686.0,7.752
CHN,41.25,126.25,193834306.0,8.287
CHN,41.25,127.75,1221826.0,6.087
CHN,41.25,128.25,24805504.0,7.395
CHN,41.75,78.75,476323.0,5.678
CHN,41.75,79.25,5811711.0,6.764
CHN,41.75,79.75,2427254.0,6.385
CHN,41.75,80.25,3225188.0,6.509
CHN,41.75,80.75,4536971.0,6.657
CHN,41.75,81.25,20250748.0,7.306
CHN,41.75,81.75,636894655.0,8.804
CHN,41.75,82.25,39007664.0,7.591
CHN,41.75,82.75,4528651696.0,9.656
CHN,41.75,83.25,1234293413.0,9.091
CHN,41.75,83.75,3669899.0,6.565
CHN,41.75,84.25,610980470.0,8.786
CHN,41.75,84.75,7991216.0,6.903
CHN,41.75,85.25,6120681.0,6.787
CHN,41.75,85.75,71469816.0,7.854
CHN,41.75,86.25,19896740378.0,10.299
CHN,41.75,86.75,112944797.0,8.053
CHN,41.75,87.25,4773416.0,6.679
CHN,41.75,87.75,77726.0,4.891
CHN,41.75,88.25,219403.0,5.341
CHN,41.75,88.75,171361.0,5.234
CHN,41.75,89.25,568494.0,5.755
CHN,41.75,89.75,307303.0,5.488
CHN,41.75,93.75,246001.0,5.391
CHN,41.75,94.25,807973.0,5.907
CHN,41.75,94.75,1510168.0,6.179
CHN,41.75,95.25,1257007.0,6.099
CHN,41.75,95.75,404841.0,5.607
CHN,41.75,96.25,234019.0,5.369
CHN,41.75,96.75,197515.0,5.296
CHN,41.75,97.25,213459.0,5.329
CHN,41.75,97.75,7949.0,3.9
CHN,41.75,99.25,78.0,1.892
CHN,41.75,99.75,427234.0,5.631
CHN,41.75,100.25,963435.0,5.984
CHN,41.75,100.75,1201534.0,6.08
CHN,41.75,101.25,7703678.0,6.887
CHN,41.75,101.75,22106.0,4.345
CHN,41.75,102.25,410363.0,5.613
CHN,41.75,102.75,1773005.0,6.249
CHN,41.75,103.25,78612.0,4.895
CHN,41.75,103.75,47247.0,4.674
CHN,41.75,104.25,53701.0,4.73
CHN,41.75,104.75,19918.0,4.299
CHN,41.75,105.25,540895.0,5.733
CHN,41.75,105.75,724368.0,5.86
CHN,41.75,106.25,809155.0,5.908
CHN,41.75,106.75,556853.0,5.746
CHN,41.75,107.25,484920.0,5.686
CHN,41.75,107.75,2743641.0,6.438
CHN,41.75,108.25,17782709.0,7.25
CHN,41.75,108.75,20028575.0,7.302
CHN,41.75,109.25,1318711.0,6.12
CHN,41.75,109.75,147201310.0,8.168
CHN,41.75,110.25,46422422.0,7.667
CHN,41.75,110.75,11936740.0,7.077
CHN,41.75,111.25,11457986.0,7.059
CHN,41.75,111.75,178335491.0,8.251
CHN,41.75,112.25,18505675.0,7.267
CHN,41.75,112.75,18091817.0,7.257
CHN,41.75,113.25,80575437.0,7.906
CHN,41.75,113.75,275414556.0,8.44
CHN,41.75,114.25,226854658.0,8.356
CHN,41.75,114.75,132917899.0,8.124
CHN,41.75,115.25,80029580.0,7.903
CHN,41.75,115.75,242479972.0,8.385
CHN,41.75,116.25,27451228.0,7.439
CHN,41.75,116.75,16783372.0,7.225
CHN,41.75,117.25,41582785.0,7.619
CHN,41.75,117.75,592416003.0,8.773
CHN,41.75,118.25,55889852.0,7.747
CHN,41.75,118.75,197661371.0,8.296
CHN,41.75,119.25,821463387.0,8.915
CHN,41.75,119.75,87982767.0,7.944
CHN,41.75,120.25,22215836778.0,10.347
CHN,41.75,120.75,1627345033.0,9.211
CHN,41.75,121.25,900637526.0,8.955
CHN,41.75,121.75,10496882671.0,10.021
CHN,41.75,122.25,1530928020.0,9.185
CHN,41.75,122.75,3248224127.0,9.512
CHN,41.75,123.25,581710074483.0,11.765
CHN,41.75,123.75,106035482591.0,11.025
CHN,41.75,124.25,3141019551.0,9.497
CHN,41.75,124.75,178716840.0,8.252
CHN,41.75,125.25,231234243.0,8.364
CHN,41.75,125.75,5748891063.0,9.76
CHN,41.75,126.25,5901703557.0,9.771
CHN,41.75,126.75,212738558.0,8.328
CHN,41.75,127.25,28206790.0,7.45
CHN,41.75,127.75,10448918.0,7.019
CHN,41.75,128.25,2411715.0,6.382
CHN,42.25,80.25,131296.0,5.118
CHN,42.25,80.75,1239968.0,6.093
CHN,42.25,81.25,2465194.0,6.392
CHN,42.25,81.75,4220980.0,6.625
CHN,42.25,82.25,6467742.0,6.811
CHN,42.25,82.75,3424695.0,6.535
CHN,42.25,83.25,2717672.0,6.434
CHN,42.25,83.75,2687992.0,6.429
CHN,42.25,84.25,4384361.0,6.642
CHN,42.25,84.75,5756648.0,6.76
CHN,42.25,85.25,6300809.0,6.799
CHN,42.25,85.75,11432511.0,7.058
CHN,42.25,86.25,295426170.0,8.47
CHN,42.25,86.75,1313186567.0,9.118
CHN,42.25,87.25,31355062.0,7.496
CHN,42.25,87.75,61244.0,4.787
CHN,42.25,88.25,4436681.0,6.647
CHN,42.25,88.75,3802315.0,6.58
CHN,42.25,89.75,1033761.0,6.014
CHN,42.25,90.25,3244.0,3.511
CHN,42.25,93.25,103021.0,5.013
CHN,42.25,93.75,1106020.0,6.044
CHN,42.25,94.25,1566417.0,6.195
CHN,42.25,94.75,64903.0,4.812
CHN,42.25,95.25,820.0,2.914
CHN,42.25,95.75,207682.0,5.317
CHN,42.25,96.25,109004.0,5.037
CHN,42.25,96.75,17269.0,4.237
CHN,42.25,97.25,195279.0,5.291
CHN,42.25,97.75,211152.0,5.325
CHN,42.25,98.25,634323.0,5.802
CHN,42.25,98.75,617505.0,5.791
CHN,42.25,99.25,67641.0,4.83
CHN,42.25,99.75,18241.0,4.261
CHN,42.25,100.25,498348.0,5.698
CHN,42.25,100.75,861607.0,5.935
CHN,42.25,101.25,1372071.0,6.137
CHN,42.25,101.75,680562.0,5.833
CHN,42.25,102.25,798612.0,5.902
CHN,42.25,102.75,304302.0,5.483
CHN,42.25,106.25,148966.0,5.173
CHN,42.25,106.75,184631.0,5.266
CHN,42.25,107.25,554148.0,5.744
CHN,42.25,107.75,2110095.0,6.324
CHN,42.25,108.25,1805883.0,6.257
CHN,42.25,108.75,1054009.0,6.023
CHN,42.25,109.25,638205.0,5.805
CHN,42.25,109.75,390318.0,5.591
CHN,42.25,110.25,1058707.0,6.025
CHN,42.25,110.75,1145772.0,6.059
CHN,42.25,111.25,779117.0,5.892
CHN,42.25,111.75,664760.0,5.823
CHN,42.25,112.25,3606325.0,6.557
CHN,42.25,112.75,3159432.0,6.5
CHN,42.25,113.25,5337626.0,6.727
CHN,42.25,113.75,13759939.0,7.139
CHN,42.25,114.25,9655534.0,6.985
CHN,42.25,114.75,20522514.0,7.312
CHN,42.25,115.25,23291381.0,7.367
CHN,42.25,115.75,51595976.0,7.713
CHN,42.25,116.25,73534426.0,7.866
CHN,42.25,116.75,38375930.0,7.584
CHN,42.25,117.25,10461996.0,7.02
CHN,42.25,117.75,60163805.0,7.779
CHN,42.25,118.25,52513494.0,7.72
CHN,42.25,118.75,34882315483.0,10.543
CHN,42.25,119.25,5124108377.0,9.71
CHN,42.25,119.75,258206713.0,8.412
CHN,42.25,120.25,85149024.0,7.93
CHN,42.25,120.75,76685829.0,7.885
CHN,42.25,121.25,68581983.0,7.836
CHN,42.25,121.75,13169114000.0,10.12
CHN,42.25,122.25,202137618.0,8.306
CHN,42.25,122.75,1427793119.0,9.155
CHN,42.25,123.25,2602053777.0,9.415
CHN,42.25,123.75,14198056065.0,10.152
CHN,42.25,124.25,324225123.0,8.511
CHN,42.25,124.75,478741798.0,8.68
CHN,42.25,125.25,183048295.0,8.263
CHN,42.25,125.75,913524492.0,8.961
CHN,42.25,126.25,159868771.0,8.204
CHN,42.25,126.75,422414180.0,8.626
CHN,42.25,127.25,469254767.0,8.671
CHN,42.25,127.75,125149963.0,8.097
CHN,42.25,128.25,179155902.0,8.253
CHN,42.25,128.75,23570303.0,7.372
CHN,42.25,129.25,20787503.0,7.318
CHN,42.25,129.75,993178.0,5.997
CHN,42.75,80.25,4368479.0,6.64
CHN,42.75,80.75,17397169.0,7.24
CHN,42.75,81.25,15413308.0,7.188
CHN,42.75,81.75,6068356.0,6.783
CHN,42.75,82.25,1390516.0,6.143
CHN,42.75,82.75,720802.0,5.858
CHN,42.75,83.25,252054.0,5.401
CHN,42.75,83.75,567596.0,5.754
CHN,42.75,84.25,603148.0,5.78
CHN,42.75,84.75,260475.0,5.416
CHN,42.75,85.25,431668.0,5.635
CHN,42.75,85.75,1816100.0,6.259
CHN,42.75,86.25,1396576.0,6.145
CHN,42.75,86.75,3050791.0,6.484
CHN,42.75,87.25,2541251.0,6.405
CHN,42.75,87.75,21115752.0,7.325
CHN,42.75,88.25,14997195.0,7.176
CHN,42.75,88.75,121346099.0,8.084
CHN,42.75,89.25,2830654394.0,9.452
CHN,42.75,89.75,68616983.0,7.836
CHN,42.75,90.25,351745748.0,8.546
CHN,42.75,90.75,3579617.0,6.554
CHN,42.75,92.25,472283.0,5.674
CHN,42.75,92.75,7436305.0,6.871
CHN,42.75,93.25,3076364259.0,9.488
CHN,42.75,93.75,6884703853.0,9.838
CHN,42.75,94.25,4915988.0,6.692
CHN,42.75,94.75,2658962.0,6.425
CHN,42.75,95.25,1684711.0,6.227
CHN,42.75,95.75,5255.0,3.721
CHN,42.75,96.25,1889.0,3.276
CHN,42.75,96.75,43489.0,4.638
CHN,42.75,97.25,67889.0,4.832
CHN,42.75,97.75,254970.0,5.406
CHN,42.75,98.25,404531.0,5.607
CHN,42.75,98.75,309370.0,5.49
CHN,42.75,99.25,78875.0,4.897
CHN,42.75,99.75,4350.0,3.638
CHN,42.75,100.25,3716.0,3.57
CHN,42.75,100.75,2034.0,3.308
CHN,42.75,101.25,16901.0,4.228
CHN,42.75,109.75,64556.0,4.81
CHN,42.75,110.25,216119.0,5.335
CHN,42.75,110.75,497799.0,5.697
CHN,42.75,111.25,292740.0,5.466
CHN,42.75,111.75,1545636.0,6.189
CHN,42.75,112.25,10594225.0,7.025
CHN,42.75,112.75,22735906.0,7.357
CHN,42.75,113.25,1118791.0,6.049
CHN,42.75,113.75,900886.0,5.955
CHN,42.75,114.25,1716756.0,6.235
CHN,42.75,114.75,2914732.0,6.465
CHN,42.75,115.25,3052247.0,6.485
CHN,42.75,115.75,7343862.0,6.866
CHN,42.75,116.25,3142450.0,6.497
CHN,42.75,116.75,3653607.0,6.563
CHN,42.75,117.25,4076283.0,6.61
CHN,42.75,117.75,15855848.0,7.2
CHN,42.75,118.25,24628695.0,7.391
CHN,42.75,118.75,105440257.0,8.023
CHN,42.75,119.25,147346937.0,8.168
CHN,42.75,119.75,41749673.0,7.621
CHN,42.75,120.25,49173055.0,7.692
CHN,42.75,120.75,166513821.0,8.221
CHN,42.75,121.25,35509360.0,7.55
CHN,42.75,121.75,72356238.0,7.859
CHN,42.75,122.25,117692425.0,8.071
CHN,42.75,122.75,77322282.0,7.888
CHN,42.75,123.25,1444726039.0,9.16
CHN,42.75,123.75,1046937935.0,9.02
CHN,42.75,124.25,6445830790.0,9.809
CHN,42.75,124.75,508830604.0,8.707
CHN,42.75,125.25,13428124110.0,10.128
CHN,42.75,125.75,4754701043.0,9.677
CHN,42.75,126.25,2406319509.0,9.381
CHN,42.75,126.75,871470317.0,8.94
CHN,42.75,127.25,49534310.0,7.695
CHN,42.75,127.75,17903929.0,7.253
CHN,42.75,128.25,39565237.0,7.597
CHN,42.75,128.75,308814847.0,8.49
CHN,42.75,129.25,9445725644.0,9.975
CHN,42.75,129.75,10688890117.0,10.029
CHN,42.75,130.25,6544127041.0,9.816
CHN,42.75,130.75,2477785.0,6.394
CHN,42.75,131.25,123135.0,5.09
CHN,43.25,80.25,226322.0,5.355
CHN,43.25,80.75,8429275.0,6.926
CHN,43.25,81.25,40944298.0,7.612
CHN,43.25,81.75,75086505.0,7.876
CHN,43.25,82.25,139721274.0,8.145
CHN,43.25,82.75,28932449.0,7.461
CHN,43.25,83.25,117299849.0,8.069
CHN,43.25,83.75,30064146.0,7.478
CHN,43.25,84.25,9761501.0,6.99
CHN,43.25,84.75,1491715.0,6.174
CHN,43.25,85.25,327211.0,5.515
CHN,43.25,85.75,1642754.0,6.216
CHN,43.25,86.25,3461263.0,6.539
CHN,43.25,86.75,7767071.0,6.89
CHN,43.25,87.25,35422738.0,7.549
CHN,43.25,87.75,17446175.0,7.242
CHN,43.25,88.25,22199603.0,7.346
CHN,43.25,88.75,12489723.0,7.097
CHN,43.25,89.25,80223303.0,7.904
CHN,43.25,89.75,25296598.0,7.403
CHN,43.25,90.25,27922733.0,7.446
CHN,43.25,90.75,13314682.0,7.124
CHN,43.25,91.25,2623192.0,6.419
CHN,43.25,91.75,5452148.0,6.737
CHN,43.25,92.25,20505306.0,7.312
CHN,43.25,92.75,66841329.0,7.825
CHN,43.25,93.25,14388478.0,7.158
CHN,43.25,93.75,14794785.0,7.17
CHN,43.25,94.25,5444820.0,6.736
CHN,43.25,94.75,4844576.0,6.685
CHN,43.25,95.25,416374.0,5.619
CHN,43.25,95.75,79524.0,4.9
CHN,43.25,96.25,292.0,2.465
CHN,43.25,110.75,48260.0,4.684
CHN,43.25,111.25,389467.0,5.59
CHN,43.25,111.75,706462.0,5.849
CHN,43.25,112.25,1592954.0,6.202
CHN,43.25,112.75,2367266.0,6.374
CHN,43.25,113.25,1487068.0,6.172
CHN,43.25,113.75,1244496.0,6.095
CHN,43.25,114.25,996980.0,5.999
CHN,43.25,114.75,983902.0,5.993
CHN,43.25,115.25,1309525.0,6.117
CHN,43.25,115.75,2139313.0,6.33
CHN,43.25,116.25,2736270.0,6.437
CHN,43.25,116.75,12717692.0,7.104
CHN,43.25,117.25,60612939.0,7.783
CHN,43.25,117.75,110015868.0,8.041
CHN,43.25,118.25,31069678.0,7.492
CHN,43.25,118.75,50048225.0,7.699
CHN,43.25,119.25,33008639.0,7.519
CHN,43.25,119.75,9627151.0,6.983
CHN,43.25,120.25,25300340.0,7.403
CHN,43.25,120.75,63618257.0,7.804
CHN,43.25,121.25,45803079.0,7.661
CHN,43.25,121.75,33175368.0,7.521
CHN,43.25,122.25,442839875.0,8.646
CHN,43.25,122.75,33395285.0,7.524
CHN,43.25,123.25,342340089.0,8.534
CHN,43.25,123.75,335033320.0,8.525
CHN,43.25,124.25,23163440275.0,10.365
CHN,43.25,124.75,2438505233.0,9.387
CHN,43.25,125.25,694902471.0,8.842
CHN,43.25,125.75,540512521.0,8.733
CHN,43.25,126.25,148101636.0,8.171
CHN,43.25,126.75,203497937.0,8.309
CHN,43.25,127.25,39092981.0,7.592
CHN,43.25,127.75,17816931.0,7.251
CHN,43.25,128.25,5738077970.0,9.759
CHN,43.25,128.75,554709632.0,8.744
CHN,43.25,129.25,34767902.0,7.541
CHN,43.25,129.75,752531612.0,8.877
CHN,43.25,130.25,11446794.0,7.059
CHN,43.25,130.75,6641421.0,6.822
CHN,43.25,131.25,2316601.0,6.365
CHN,43.75,80.25,309871.0,5.491
CHN,43.75,80.75,59961521.0,7.778
CHN,43.75,81.25,26783435524.0,10.428
CHN,43.75,81.75,658296786.0,8.818
CHN,43.75,82.25,108406860.0,8.035
CHN,43.75,82.75,98297190.0,7.993
CHN,43.75,83.25,70441022.0,7.848
CHN,43.75,83.75,7474303.0,6.874
CHN,43.75,84.25,68133.0,4.833
CHN,43.75,84.75,48018.0,4.681
CHN,43.75,85.25,2877358.0,6.459
CHN,43.75,85.75,4860678.0,6.687
CHN,43.75,86.25,8306277.0,6.919
CHN,43.75,86.75,11331653.0,7.054
CHN,43.75,87.25,24860276951.0,10.396
CHN,43.75,87.75,319716547149.0,11.505
CHN,43.75,88.25,11270131.0,7.052
CHN,43.75,88.75,9834735.0,6.993
CHN,43.75,89.25,163838754.0,8.214
CHN,43.75,89.75,576831139.0,8.761
CHN,43.75,90.25,128181809.0,8.108
CHN,43.75,90.75,3002293.0,6.477
CHN,43.75,91.25,1903147.0,6.279
CHN,43.75,91.75,2349740.0,6.371
CHN,43.75,92.25,2271842.0,6.356
CHN,43.75,92.75,21303675.0,7.328
CHN,43.75,93.25,59370598.0,7.774
CHN,43.75,93.75,945695.0,5.976
CHN,43.75,94.25,1653872.0,6.219
CHN,43.75,94.75,19200567.0,7.283
CHN,43.75,95.25,8441858.0,6.926
CHN,43.75,111.75,772740225.0,8.888
CHN,43.75,112.25,86253596.0,7.936
CHN,43.75,112.75,690425.0,5.839
CHN,43.75,113.25,2020392.0,6.305
CHN,43.75,113.75,3964042.0,6.598
CHN,43.75,114.25,2702282.0,6.432
CHN,43.75,114.75,3507945.0,6.545
CHN,43.75,115.25,5267653.0,6.722
CHN,43.75,115.75,53202941.0,7.726
CHN,43.75,116.25,5573116833.0,9.746
CHN,43.75,116.75,1457286.0,6.164
CHN,43.75,117.25,3840133.0,6.584
CHN,43.75,117.75,30717738.0,7.487
CHN,43.75,118.25,427630407.0,8.631
CHN,43.75,118.75,54247861.0,7.734
CHN,43.75,119.25,184037348.0,8.265
CHN,43.75,119.75,62913345.0,7.799
CHN,43.75,120.25,207000561.0,8.316
CHN,43.75,120.75,27749761.0,7.443
CHN,43.75,121.25,449085037.0,8.652
CHN,43.75,121.75,58433170.0,7.767
CHN,43.75,122.25,32042811325.0,10.506
CHN,43.75,122.75,94519855.0,7.976
CHN,43.75,123.25,1006040325.0,9.003
CHN,43.75,123.75,412841764.0,8.616
CHN,43.75,124.25,258243556.0,8.412
CHN,43.75,124.75,3657488128.0,9.563
CHN,43.75,125.25,363952512870.0,11.561
CHN,43.75,125.75,3880483409.0,9.589
CHN,43.75,126.25,6091732737.0,9.785
CHN,43.75,126.75,119072487996.0,11.076
CHN,43.75,127.25,1403130950.0,9.147
CHN,43.75,127.75,53905248.0,7.732
CHN,43.75,128.25,37840446.0,7.578
CHN,43.75,128.75,15675542.0,7.195
CHN,43.75,129.25,21890683.0,7.34
CHN,43.75,129.75,26133544.0,7.417
CHN,43.75,130.25,15068908.0,7.178
CHN,43.75,130.75,9998220.0,7.0
CHN,43.75,131.25,8514768.0,6.93
CHN,44.25,80.25,193235688.0,8.286
CHN,44.25,80.75,658574173.0,8.819
CHN,44.25,81.25,417666512.0,8.621
CHN,44.25,81.75,79483033.0,7.9
CHN,44.25,82.25,18122982.0,7.258
CHN,44.25,82.75,11691501.0,7.068
CHN,44.25,83.25,7275870.0,6.862
CHN,44.25,83.75,5890365.0,6.77
CHN,44.25,84.25,34308325.0,7.535
CHN,44.25,84.75,12127906000.0,10.084
CHN,44.25,85.25,81121515.0,7.909
CHN,44.25,85.75,1859149543.0,9.269
CHN,44.25,86.25,14173797873.0,10.151
CHN,44.25,86.75,1237868603.0,9.093
CHN,44.25,87.25,12926974814.0,10.111
CHN,44.25,87.75,5061557239.0,9.704
CHN,44.25,88.25,254669011.0,8.406
CHN,44.25,88.75,25485471.0,7.406
CHN,44.25,89.25,72293634.0,7.859
CHN,44.25,89.75,796959948.0,8.901
CHN,44.25,90.25,4254096.0,6.629
CHN,44.25,90.75,2712826.0,6.433
CHN,44.25,91.25,949595.0,5.978
CHN,44.25,91.75,884595.0,5.947
CHN,44.25,92.25,579941.0,5.763
CHN,44.25,92.75,183390.0,5.263
CHN,44.25,93.25,692143.0,5.84
CHN,44.25,93.75,269479.0,5.431
CHN,44.25,94.25,67912.0,4.832
CHN,44.25,94.75,35.0,1.544
CHN,44.25,95.25,53.0,1.724
CHN,44.25,111.25,9292.0,3.968
CHN,44.25,111.75,188516.0,5.275
CHN,44.25,112.25,228375.0,5.359
CHN,44.25,112.75,475273.0,5.677
CHN,44.25,113.25,844804.0,5.927
CHN,44.25,113.75,1313200.0,6.118
CHN,44.25,114.25,462813.0,5.665
CHN,44.25,114.75,3113380.0,6.493
CHN,44.25,115.25,6149386.0,6.789
CHN,44.25,115.75,22620441.0,7.355
CHN,44.25,116.25,125095110.0,8.097
CHN,44.25,116.75,1584261.0,6.2
CHN,44.25,117.25,2195038.0,6.341
CHN,44.25,117.75,15483752.0,7.19
CHN,44.25,118.25,18604990.0,7.27
CHN,44.25,118.75,11955193.0,7.078
CHN,44.25,119.25,70719276.0,7.85
CHN,44.25,119.75,27318388.0,7.436
CHN,44.25,120.25,12046504.0,7.081
CHN,44.25,120.75,18438935.0,7.266
CHN,44.25,121.25,15479764.0,7.19
CHN,44.25,121.75,30821573.0,7.489
CHN,44.25,122.25,32386221.0,7.51
CHN,44.25,122.75,63048435.0,7.8
CHN,44.25,123.25,190074475.0,8.279
CHN,44.25,123.75,486813659.0,8.687
CHN,44.25,124.25,183655442.0,8.264
CHN,44.25,124.75,218515360.0,8.339
CHN,44.25,125.25,5427905292.0,9.735
CHN,44.25,125.75,3018286909.0,9.48
CHN,44.25,126.25,419895435.0,8.623
CHN,44.25,126.75,2425013484.0,9.385
CHN,44.25,127.25,120328247.0,8.08
CHN,44.25,127.75,19560976.0,7.291
CHN,44.25,128.25,6905815.0,6.839
CHN,44.25,128.75,26437989.0,7.422
CHN,44.25,129.25,792701620.0,8.899
CHN,44.25,129.75,341531908.0,8.533
CHN,44.25,130.25,29768577.0,7.474
CHN,44.25,130.75,30531094.0,7.485
CHN,44.25,131.25,731644321.0,8.864
CHN,44.75,79.75,114740.0,5.06
CHN,44.75,80.25,1337683.0,6.126
CHN,44.75,80.75,6930702.0,6.841
CHN,44.75,81.25,9671067.0,6.985
CHN,44.75,81.75,39502059.0,7.597
CHN,44.75,82.25,1077035239.0,9.032
CHN,44.75,82.75,174821959.0,8.243
CHN,44.75,83.25,6220256.0,6.794
CHN,44.75,83.75,5240124.0,6.719
CHN,44.75,84.25,24740553.0,7.393
CHN,44.75,84.75,79251760.0,7.899
CHN,44.75,85.25,36854080.0,7.566
CHN,44.75,85.75,47039918.0,7.672
CHN,44.75,86.25,67946803.0,7.832
CHN,44.75,86.75,28726559.0,7.458
CHN,44.75,87.25,5007960.0,6.7
CHN,44.75,87.75,3000872.0,6.477
CHN,44.75,88.25,2559419.0,6.408
CHN,44.75,88.75,709408.0,5.851
CHN,44.75,89.25,2007438.0,6.303
CHN,44.75,89.75,1958017.0,6.292
CHN,44.75,90.25,571860.0,5.757
CHN,44.75,90.75,238222.0,5.377
CHN,44.75,91.25,495408.0,5.695
CHN,44.75,91.75,303226.0,5.482
CHN,44.75,92.25,52057.0,4.716
CHN,44.75,92.75,989.0,2.995
CHN,44.75,93.25,165.0,2.217
CHN,44.75,93.75,183006.0,5.262
CHN,44.75,94.25,429.0,2.632
CHN,44.75,111.75,156203.0,5.194
CHN,44.75,112.25,208690.0,5.32
CHN,44.75,112.75,259941.0,5.415
CHN,44.75,113.25,447793.0,5.651
CHN,44.75,113.75,486321.0,5.687
CHN,44.75,114.25,735820.0,5.867
CHN,44.75,114.75,817433.0,5.912
CHN,44.75,115.25,1011013.0,6.005
CHN,44.75,115.75,3297249.0,6.518
CHN,44.75,116.25,1136910.0,6.056
CHN,44.75,116.75,1864813.0,6.271
CHN,44.75,117.25,896540.0,5.953
CHN,44.75,117.75,16689596.0,7.222
CHN,44.75,118.25,11649854.0,7.066
CHN,44.75,118.75,8916263.0,6.95
CHN,44.75,119.25,14697035.0,7.167
CHN,44.75,119.75,6648306.0,6.823
CHN,44.75,120.25,11921308.0,7.076
CHN,44.75,120.75,167207006.0,8.223
CHN,44.75,121.25,28592578.0,7.456
CHN,44.75,121.75,21320303.0,7.329
CHN,44.75,122.25,23943378.0,7.379
CHN,44.75,122.75,55075593.0,7.741
CHN,44.75,123.25,408202613.0,8.611
CHN,44.75,123.75,123493735.0,8.092
CHN,44.75,124.25,107471265.0,8.031
CHN,44.75,124.75,117999572.0,8.072
CHN,44.75,125.25,245458503.0,8.39
CHN,44.75,125.75,3465464715.0,9.54
CHN,44.75,126.25,1020586347.0,9.009
CHN,44.75,126.75,2680557331.0,9.428
CHN,44.75,127.25,1501189197.0,9.176
CHN,44.75,127.75,59199238.0,7.772
CHN,44.75,128.25,72751714.0,7.862
CHN,44.75,128.75,72294934.0,7.859
CHN,44.75,129.25,1017883897.0,9.008
CHN,44.75,129.75,36324681175.0,10.56
CHN,44.75,130.25,80464796.0,7.906
CHN,44.75,130.75,155738427.0,8.192
CHN,44.75,131.25,4495091.0,6.653
CHN,45.25,80.25,71863.0,4.857
CHN,45.25,80.75,299568.0,5.476
CHN,45.25,81.25,5633937.0,6.751
CHN,45.25,81.75,14828939.0,7.171
CHN,45.25,82.25,10676495.0,7.028
CHN,45.25,82.75,4913237.0,6.691
CHN,45.25,83.25,3002670.0,6.478
CHN,45.25,83.75,1744957.0,6.242
CHN,45.25,84.25,17524514.0,7.244
CHN,45.25,84.75,82915325.0,7.919
CHN,45.25,85.25,18234979.0,7.261
CHN,45.25,85.75,5209828.0,6.717
CHN,45.25,86.25,5608953.0,6.749
CHN,45.25,86.75,28.0,1.447
CHN,45.25,87.75,2033.0,3.308
CHN,45.25,88.25,10084.0,4.004
CHN,45.25,88.75,485231.0,5.686
CHN,45.25,89.25,663064.0,5.822
CHN,45.25,89.75,396315.0,5.598
CHN,45.25,90.25,885780.0,5.947
CHN,45.25,90.75,636413.0,5.804
CHN,45.25,91.25,281232.0,5.449
CHN,45.25,91.75,145400.0,5.163
CHN,45.25,92.25,28829.0,4.46
CHN,45.25,111.75,7969.0,3.901
CHN,45.25,112.25,22779.0,4.358
CHN,45.25,114.25,126954.0,5.104
CHN,45.25,114.75,567434.0,5.754
CHN,45.25,115.25,861639.0,5.935
CHN,45.25,115.75,882578.0,5.946
CHN,45.25,116.25,574297.0,5.759
CHN,45.25,116.75,14539958.0,7.163
CHN,45.25,117.25,10695150.0,7.029
CHN,45.25,117.75,626886.0,5.797
CHN,45.25,118.25,1454264.0,6.163
CHN,45.25,118.75,4399206.0,6.643
CHN,45.25,119.25,9235488.0,6.965
CHN,45.25,119.75,327813468.0,8.516
CHN,45.25,120.25,4814901.0,6.683
CHN,45.25,120.75,13976475.0,7.145
CHN,45.25,121.25,100820198.0,8.004
CHN,45.25,121.75,260317168.0,8.416
CHN,45.25,122.25,29229275.0,7.466
CHN,45.25,122.75,1901156533.0,9.279
CHN,45.25,123.25,30109199.0,7.479
CHN,45.25,123.75,112992524.0,8.053
CHN,45.25,124.25,1229487611.0,9.09
CHN,45.25,124.75,23342707428.0,10.368
CHN,45.25,125.25,299970973.0,8.477
CHN,45.25,125.75,217567103.0,8.338
CHN,45.25,126.25,3361854120.0,9.527
CHN,45.25,126.75,434876322.0,8.638
CHN,45.25,127.25,218443606.0,8.339
CHN,45.25,127.75,676754538.0,8.83
CHN,45.25,128.25,234883334.0,8.371
CHN,45.25,128.75,44663802.0,7.65
CHN,45.25,129.25,29220110.0,7.466
CHN,45.25,129.75,35734790.0,7.553
CHN,45.25,130.25,174997398.0,8.243
CHN,45.25,130.75,12936483606.0,10.112
CHN,45.25,131.25,2125868646.0,9.328
CHN,45.25,131.75,51501760.0,7.712
CHN,45.25,132.25,17322464.0,7.239
CHN,45.25,132.75,14122992.0,7.15
CHN,45.25,133.25,3378556.0,6.529
CHN,45.75,82.25,462161.0,5.665
CHN,45.75,82.75,3201003.0,6.505
CHN,45.75,83.25,5927774.0,6.773
CHN,45.75,83.75,24849498.0,7.395
CHN,45.75,84.25,4427357.0,6.646
CHN,45.75,84.75,10426231170.0,10.018
CHN,45.75,85.25,890062646.0,8.949
CHN,45.75,85.75,3132804.0,6.496
CHN,45.75,87.75,150591.0,5.178
CHN,45.75,88.25,193433.0,5.287
CHN,45.75,88.75,74469.0,4.872
CHN,45.75,89.25,135.0,2.13
CHN,45.75,89.75,327458.0,5.515
CHN,45.75,90.25,1196928.0,6.078
CHN,45.75,90.75,504894.0,5.703
CHN,45.75,115.75,6124.0,3.787
CHN,45.75,116.25,682663.0,5.834
CHN,45.75,116.75,2570389.0,6.41
CHN,45.75,117.25,1053226.0,6.023
CHN,45.75,117.75,760831.0,5.881
CHN,45.75,118.25,855840.0,5.932
CHN,45.75,118.75,9831335.0,6.993
CHN,45.75,119.25,7331676.0,6.865
CHN,45.75,119.75,382372333.0,8.582
CHN,45.75,120.25,6294901.0,6.799
CHN,45.75,120.75,13186130.0,7.12
CHN,45.75,121.25,35354740.0,7.548
CHN,45.75,121.75,72257766.0,7.859
CHN,45.75,122.25,94424517.0,7.975
CHN,45.75,122.75,8509505697.0,9.93
CHN,45.75,123.25,547438208.0,8.738
CHN,45.75,123.75,153514554.0,8.186
CHN,45.75,124.25,1221863532.0,9.087
CHN,45.75,124.75,276906661.0,8.442
CHN,45.75,125.25,1006235873.0,9.003
CHN,45.75,125.75,320553681.0,8.506
CHN,45.75,126.25,6536871208.0,9.815
CHN,45.75,126.75,431518929364.0,11.635
CHN,45.75,127.25,1329263171.0,9.124
CHN,45.75,127.75,191533255.0,8.282
CHN,45.75,128.25,185982820.0,8.269
CHN,45.75,128.75,438418229.0,8.642
CHN,45.75,129.25,46367080.0,7.666
CHN,45.75,129.75,37248818.0,7.571
CHN,45.75,130.25,92317147.0,7.965
CHN,45.75,130.75,5462412745.0,9.737
CHN,45.75,131.25,2030448453.0,9.308
CHN,45.75,131.75,1647205718.0,9.217
CHN,45.75,132.25,38093013.0,7.581
CHN,45.75,132.75,442765194.0,8.646
CHN,45.75,133.25,108208517.0,8.034
CHN,45.75,133.75,922664.0,5.965
CHN,46.25,82.75,32509930.0,7.512
CHN,46.25,83.25,26356874.0,7.421
CHN,46.25,83.75,96244556.0,7.983
CHN,46.25,84.25,5932857.0,6.773
CHN,46.25,84.75,2209373.0,6.344
CHN,46.25,85.25,1340115.0,6.127
CHN,46.25,85.75,20368616.0,7.309
CHN,46.25,86.25,4201452.0,6.623
CHN,46.25,86.75,2247835.0,6.352
CHN,46.25,87.25,5087002.0,6.706
CHN,46.25,87.75,1603658.0,6.205
CHN,46.25,88.25,715499.0,5.855
CHN,46.25,88.75,957506.0,5.981
CHN,46.25,89.25,337210.0,5.528
CHN,46.25,89.75,5617398.0,6.75
CHN,46.25,90.25,4391183.0,6.643
CHN,46.25,90.75,2047344.0,6.311
CHN,46.25,116.25,130977.0,5.117
CHN,46.25,116.75,787934.0,5.896
CHN,46.25,117.25,389465.0,5.59
CHN,46.25,117.75,468872.0,5.671
CHN,46.25,118.25,594231.0,5.774
CHN,46.25,118.75,2379659.0,6.377
CHN,46.25,119.25,1537317.0,6.187
CHN,46.25,119.75,1025519.0,6.011
CHN,46.25,120.25,1673252.0,6.224
CHN,46.25,120.75,11736155.0,7.07
CHN,46.25,121.25,20794571.0,7.318
CHN,46.25,121.75,285464468.0,8.456
CHN,46.25,122.25,6527869115.0,9.815
CHN,46.25,122.75,23882018.0,7.378
CHN,46.25,123.25,693322312.0,8.841
CHN,46.25,123.75,54911837.0,7.74
CHN,46.25,124.25,50015677.0,7.699
CHN,46.25,124.75,4922325702.0,9.692
CHN,46.25,125.25,9891589679.0,9.995
CHN,46.25,125.75,3216074375.0,9.507
CHN,46.25,126.25,1207847633.0,9.082
CHN,46.25,126.75,769306113.0,8.886
CHN,46.25,127.25,626669915.0,8.797
CHN,46.25,127.75,121379323.0,8.084
CHN,46.25,128.25,27322957.0,7.437
CHN,46.25,128.75,97629152.0,7.99
CHN,46.25,129.25,336646898.0,8.527
CHN,46.25,129.75,445079884.0,8.648
CHN,46.25,130.25,167138345.0,8.223
CHN,46.25,130.75,355549980.0,8.551
CHN,46.25,131.25,33709048.0,7.528
CHN,46.25,131.75,43169901.0,7.635
CHN,46.25,132.25,1239199087.0,9.093
CHN,46.25,132.75,121227671.0,8.084
CHN,46.25,133.25,28289672.0,7.452
CHN,46.25,133.75,3327164.0,6.522
CHN,46.75,82.75,1401637199.0,9.147
CHN,46.75,83.25,511401530.0,8.709
CHN,46.75,83.75,538597050.0,8.731
CHN,46.75,84.25,18607299.0,7.27
CHN,46.75,84.75,2826487.0,6.451
CHN,46.75,85.25,1775654.0,6.249
CHN,46.75,85.75,14248639.0,7.154
CHN,46.75,86.25,4822301.0,6.683
CHN,46.75,86.75,1609206.0,6.207
CHN,46.75,87.25,7924682.0,6.899
CHN,46.75,87.75,5397685.0,6.732
CHN,46.75,88.25,2618572.0,6.418
CHN,46.75,88.75,7458430.0,6.873
CHN,46.75,89.25,8339761.0,6.921
CHN,46.75,89.75,7547099.0,6.878
CHN,46.75,90.25,28838918.0,7.46
CHN,46.75,90.75,7327372.0,6.865
CHN,46.75,117.25,900.0,2.954
CHN,46.75,117.75,25782.0,4.411
CHN,46.75,118.25,10290.0,4.012
CHN,46.75,118.75,518550.0,5.715
CHN,46.75,119.25,3588.0,3.555
CHN,46.75,119.75,280384.0,5.448
CHN,46.75,120.25,2793691.0,6.446
CHN,46.75,120.75,5887838.0,6.77
CHN,46.75,121.25,18851838.0,7.275
CHN,46.75,121.75,15902473.0,7.201
CHN,46.75,122.25,28545466.0,7.456
CHN,46.75,122.75,227686890.0,8.357
CHN,46.75,123.25,84373434.0,7.926
CHN,46.75,123.75,56539174.0,7.752
CHN,46.75,124.25,132750664.0,8.123
CHN,46.75,124.75,31147110967.0,10.493
CHN,46.75,125.25,35039583337.0,10.545
CHN,46.75,125.75,141816061.0,8.152
CHN,46.75,126.25,1051684099.0,9.022
CHN,46.75,126.75,6716076681.0,9.827
CHN,46.75,127.25,2537741630.0,9.404
CHN,46.75,127.75,913883959.0,8.961
CHN,46.75,128.25,286886268.0,8.458
CHN,46.75,128.75,16218930.0,7.21
CHN,46.75,129.25,14362693.0,7.157
CHN,46.75,129.75,1136449921.0,9.056
CHN,46.75,130.25,39425611591.0,10.596
CHN,46.75,130.75,484033507.0,8.685
CHN,46.75,131.25,5948242535.0,9.774
CHN,46.75,131.75,191169035.0,8.281
CHN,46.75,132.25,24228553.0,7.384
CHN,46.75,132.75,22557041.0,7.353
CHN,46.75,133.25,15036961.0,7.177
CHN,46.75,133.75,60042085.0,7.778
CHN,46.75,134.25,2820335.0,6.45
CHN,47.25,83.25,3574582.0,6.553
CHN,47.25,83.75,57349.0,4.759
CHN,47.25,85.25,58716.0,4.769
CHN,47.25,85.75,48636730.0,7.687
CHN,47.25,86.25,4323429.0,6.636
CHN,47.25,86.75,3630010.0,6.56
CHN,47.25,87.25,88957991.0,7.949
CHN,47.25,87.75,709710472.0,8.851
CHN,47.25,88.25,5455868.0,6.737
CHN,47.25,88.75,1834105.0,6.263
CHN,47.25,89.25,3581518.0,6.554
CHN,47.25,89.75,8052690.0,6.906
CHN,47.25,90.25,3016938.0,6.48
CHN,47.25,90.75,165261.0,5.218
CHN,47.25,119.25,1697.0,3.23
CHN,47.25,119.75,14538842.0,7.163
CHN,47.25,120.25,8384945.0,6.924
CHN,47.25,120.75,5060404.0,6.704
CHN,47.25,121.25,2913734.0,6.464
CHN,47.25,121.75,6745039.0,6.829
CHN,47.25,122.25,47722159.0,7.679
CHN,47.25,122.75,107949929.0,8.033
CHN,47.25,123.25,1133675090.0,9.054
CHN,47.25,123.75,51261831870.0,10.71
CHN,47.25,124.25,7727436497.0,9.888
CHN,47.25,124.75,305562285.0,8.485
CHN,47.25,125.25,70544632.0,7.848
CHN,47.25,125.75,363044561.0,8.56
CHN,47.25,126.25,145032323.0,8.161
CHN,47.25,126.75,1425204639.0,9.154
CHN,47.25,127.25,570500838.0,8.756
CHN,47.25,127.75,77995831.0,7.892
CHN,47.25,128.25,334256490.0,8.524
CHN,47.25,128.75,35383347.0,7.549
CHN,47.25,129.25,197824801.0,8.296
CHN,47.25,129.75,15459989.0,7.189
CHN,47.25,130.25,12528848131.0,10.098
CHN,47.25,130.75,686273482.0,8.836
CHN,47.25,131.25,35973821.0,7.556
CHN,47.25,131.75,652309299.0,8.814
CHN,47.25,132.25,2175082342.0,9.337
CHN,47.25,132.75,233482325.0,8.368
CHN,47.25,133.25,27865173.0,7.445
CHN,47.25,133.75,21181614.0,7.326
CHN,47.25,134.25,15741282.0,7.197
CHN,47.75,85.75,7121209.0,6.853
CHN,47.75,86.25,14802428.0,7.17
CHN,47.75,86.75,20809780.0,7.318
CHN,47.75,87.25,14458644.0,7.16
CHN,47.75,87.75,16983548.0,7.23
CHN,47.75,88.25,497703336.0,8.697
CHN,47.75,88.75,1889463.0,6.276
CHN,47.75,89.25,2394683.0,6.379
CHN,47.75,89.75,1269077.0,6.103
CHN,47.75,90.25,748689.0,5.874
CHN,47.75,115.75,109443.0,5.039
CHN,47.75,116.25,811752.0,5.909
CHN,47.75,116.75,3407.0,3.532
CHN,47.75,117.25,13923.0,4.144
CHN,47.75,117.75,184009.0,5.265
CHN,47.75,118.75,577762.0,5.762
CHN,47.75,119.25,505413.0,5.704
CHN,47.75,119.75,413181.0,5.616
CHN,47.75,120.25,1600162.0,6.204
CHN,47.75,120.75,2925338.0,6.466
CHN,47.75,121.25,2772058.0,6.443
CHN,47.75,121.75,561758.0,5.75
CHN,47.75,122.25,14773809.0,7.169
CHN,47.75,122.75,711768436.0,8.852
CHN,47.75,123.25,227743113.0,8.357
CHN,47.75,123.75,197242064.0,8.295
CHN,47.75,124.25,445668129.0,8.649
CHN,47.75,124.75,88317338.0,7.946
CHN,47.75,125.25,436891856.0,8.64
CHN,47.75,125.75,199800982.0,8.301
CHN,47.75,126.25,669026020.0,8.825
CHN,47.75,126.75,298027435.0,8.474
CHN,47.75,127.25,77723706.0,7.891
CHN,47.75,127.75,5431350.0,6.735
CHN,47.75,128.25,1932265.0,6.286
CHN,47.75,128.75,644046863.0,8.809
CHN,47.75,129.25,32501851.0,7.512
CHN,47.75,129.75,2309538.0,6.364
CHN,47.75,130.25,12989586.0,7.114
CHN,47.75,130.75,79253331.0,7.899
CHN,47.75,131.25,15749383.0,7.197
CHN,47.75,131.75,35758961.0,7.553
CHN,47.75,132.25,38008128.0,7.58
CHN,47.75,132.75,283048983.0,8.452
CHN,47.75,133.25,49429637.0,7.694
CHN,47.75,133.75,19901498.0,7.299
CHN,47.75,134.25,18651467.0,7.271
CHN,47.75,134.75,2699746.0,6.431
CHN,48.25,85.75,3728678.0,6.572
CHN,48.25,86.25,63651028.0,7.804
CHN,48.25,86.75,10202879.0,7.009
CHN,48.25,87.25,4944012.0,6.694
CHN,48.25,87.75,2402465.0,6.381
CHN,48.25,88.25,11510798.0,7.061
CHN,48.25,88.75,390900.0,5.592
CHN,48.25,115.75,509800.0,5.707
CHN,48.25,116.25,332326.0,5.522
CHN,48.25,116.75,1199928.0,6.079
CHN,48.25,117.25,630989.0,5.8
CHN,48.25,117.75,3202983.0,6.506
CHN,48.25,118.25,3749383.0,6.574
CHN,48.25,118.75,2531172.0,6.403
CHN,48.25,119.25,1852705.0,6.268
CHN,48.25,119.75,1614452.0,6.208
CHN,48.25,120.25,982018.0,5.992
CHN,48.25,120.75,858550.0,5.934
CHN,48.25,121.25,7397940.0,6.869
CHN,48.25,121.75,6393579.0,6.806
CHN,48.25,122.25,5645582.0,6.752
CHN,48.25,122.75,424977474.0,8.628
CHN,48.25,123.25,375420839.0,8.575
CHN,48.25,123.75,67492112.0,7.829
CHN,48.25,124.25,119293156.0,8.077
CHN,48.25,124.75,609543770.0,8.785
CHN,48.25,125.25,98694935.0,7.994
CHN,48.25,125.75,284036444.0,8.453
CHN,48.25,126.25,1156144586.0,9.063
CHN,48.25,126.75,1263482604.0,9.102
CHN,48.25,127.25,8064507.0,6.907
CHN,48.25,127.75,2455246.0,6.39
CHN,48.25,128.25,1999709.0,6.301
CHN,48.25,128.75,12424773.0,7.094
CHN,48.25,129.25,31891070.0,7.504
CHN,48.25,129.75,57065869.0,7.756
CHN,48.25,130.25,2902582.0,6.463
CHN,48.25,130.75,2138757.0,6.33
CHN,48.25,133.25,5032333.0,6.702
CHN,48.25,133.75,7200933.0,6.857
CHN,48.25,134.25,51692893.0,7.713
CHN,48.25,134.75,3768436.0,6.576
CHN,48.75,86.75,577275.0,5.761
CHN,48.75,87.25,809499.0,5.908
CHN,48.75,87.75,86459.0,4.937
CHN,48.75,88.25,810.0,2.908
CHN,48.75,115.75,67427.0,4.829
CHN,48.75,116.25,2847151.0,6.454
CHN,48.75,116.75,4243831.0,6.628
CHN,48.75,117.25,810076.0,5.909
CHN,48.75,117.75,2221552.0,6.347
CHN,48.75,118.25,1141287.0,6.057
CHN,48.75,118.75,2218982.0,6.346
CHN,48.75,119.25,3497934.0,6.544
CHN,48.75,119.75,86716114.0,7.938
CHN,48.75,120.25,3888766.0,6.59
CHN,48.75,120.75,5973972.0,6.776
CHN,48.75,121.25,9381791.0,6.972
CHN,48.75,121.75,6260654.0,6.797
CHN,48.75,122.25,4382137.0,6.642
CHN,48.75,122.75,3548603.0,6.55
CHN,48.75,123.25,13360332.0,7.126
CHN,48.75,123.75,19811029.0,7.297
CHN,48.75,124.25,43488882.0,7.638
CHN,48.75,124.75,321989906.0,8.508
CHN,48.75,125.25,85115663.0,7.93
CHN,48.75,125.75,50125733.0,7.7
CHN,48.75,126.25,194621829.0,8.289
CHN,48.75,126.75,26257939.0,7.419
CHN,48.75,127.25,11200601.0,7.049
CHN,48.75,127.75,3009850.0,6.479
CHN,48.75,128.25,359180.0,5.555
CHN,48.75,128.75,993397.0,5.997
CHN,48.75,129.25,10794237.0,7.033
CHN,48.75,129.75,3619769.0,6.559
CHN,48.75,130.25,16936718.0,7.229
CHN,48.75,130.75,500358.0,5.699
CHN,49.25,86.75,52620.0,4.721
CHN,49.25,87.25,51506.0,4.712
CHN,49.25,87.75,256.0,2.408
CHN,49.25,116.25,886157.0,5.948
CHN,49.25,116.75,1006746.0,6.003
CHN,49.25,117.25,5237297.0,6.719
CHN,49.25,117.75,361743253.0,8.558
CHN,49.25,118.25,2832446.0,6.452
CHN,49.25,118.75,1466351.0,6.166
CHN,49.25,119.25,13406817.0,7.127
CHN,49.25,119.75,4517233527.0,9.655
CHN,49.25,120.25,39883167.0,7.601
CHN,49.25,120.75,1684731076.0,9.227
CHN,49.25,121.25,8074849.0,6.907
CHN,49.25,121.75,3641684.0,6.561
CHN,49.25,122.25,1261710.0,6.101
CHN,49.25,122.75,3580654.0,6.554
CHN,49.25,123.25,1999954.0,6.301
CHN,49.25,123.75,4453684.0,6.649
CHN,49.25,124.25,9739864.0,6.989
CHN,49.25,124.75,25913523.0,7.414
CHN,49.25,125.25,754538079.0,8.878
CHN,49.25,125.75,38784778.0,7.589
CHN,49.25,126.25,13258407.0,7.122
CHN,49.25,126.75,9585962.0,6.982
CHN,49.25,127.25,75749231.0,7.879
CHN,49.25,127.75,13156523.0,7.119
CHN,49.25,128.25,9909466.0,6.996
CHN,49.25,128.75,8096499.0,6.908
CHN,49.25,129.25,3263764.0,6.514
CHN,49.25,129.75,4578961.0,6.661
CHN,49.75,116.75,888.0,2.948
CHN,49.75,117.25,903778354.0,8.956
CHN,49.75,117.75,195865901.0,8.292
CHN,49.75,118.25,620065.0,5.792
CHN,49.75,118.75,370709.0,5.569
CHN,49.75,119.25,973909.0,5.989
CHN,49.75,119.75,2609183.0,6.417
CHN,49.75,120.25,1665680.0,6.222
CHN,49.75,120.75,2194219.0,6.341
CHN,49.75,121.25,10706335.0,7.03
CHN,49.75,121.75,10024431.0,7.001
CHN,49.75,122.25,3317481.0,6.521
CHN,49.75,122.75,54584.0,4.737
CHN,49.75,123.25,2829913.0,6.452
CHN,49.75,123.75,3552405.0,6.551
CHN,49.75,124.25,15451811.0,7.189
CHN,49.75,124.75,74134884.0,7.87
CHN,49.75,125.25,9302388.0,6.969
CHN,49.75,125.75,11435803.0,7.058
CHN,49.75,126.25,6113206.0,6.786
CHN,49.75,126.75,4408479.0,6.644
CHN,49.75,127.25,9121012.0,6.96
CHN,49.75,127.75,7056071.0,6.849
CHN,49.75,128.25,9156792.0,6.962
CHN,49.75,128.75,10159452.0,7.007
CHN,50.25,119.25,251870.0,5.401
CHN,50.25,119.75,4483643.0,6.652
CHN,50.25,120.25,20388674.0,7.309
CHN,50.25,120.75,3883746.0,6.589
CHN,50.25,121.25,6211576.0,6.793
CHN,50.25,121.75,6810769.0,6.833
CHN,50.25,122.25,4749323.0,6.677
CHN,50.25,122.75,2419903.0,6.384
CHN,50.25,123.25,3158294.0,6.499
CHN,50.25,123.75,4392174.0,6.643
CHN,50.25,124.25,437462926.0,8.641
CHN,50.25,124.75,331956.0,5.521
CHN,50.25,125.25,1092231.0,6.038
CHN,50.25,125.75,8749279.0,6.942
CHN,50.25,126.25,3484422.0,6.542
CHN,50.25,126.75,1743805.0,6.241
CHN,50.25,127.25,1083448693.0,9.035
CHN,50.25,127.75,135352821.0,8.131
CHN,50.75,119.25,96810.0,4.986
CHN,50.75,119.75,1926887.0,6.285
CHN,50.75,120.25,2899799.0,6.462
CHN,50.75,120.75,4410042.0,6.644
CHN,50.75,121.25,14103798.0,7.149
CHN,50.75,121.75,13418029.0,7.128
CHN,50.75,122.25,5406187.0,6.733
CHN,50.75,122.75,3998881.0,6.602
CHN,50.75,123.25,5459135.0,6.737
CHN,50.75,123.75,12007354.0,7.079
CHN,50.75,124.25,17006334.0,7.231
CHN,50.75,125.25,457175.0,5.66
CHN,50.75,125.75,3343580.0,6.524
CHN,50.75,126.25,2767013.0,6.442
CHN,50.75,126.75,1109812.0,6.045
CHN,50.75,127.25,2399696.0,6.38
CHN,51.25,119.75,201294.0,5.304
CHN,51.25,120.25,902993.0,5.956
CHN,51.25,120.75,2343055.0,6.37
CHN,51.25,121.25,5080383.0,6.706
CHN,51.25,121.75,6693460.0,6.826
CHN,51.25,122.25,2444383.0,6.388
CHN,51.25,122.75,1739104.0,6.24
CHN,51.25,123.25,2879936.0,6.459
CHN,51.25,123.75,2019081.0,6.305
CHN,51.25,124.25,8534976.0,6.931
CHN,51.25,124.75,201418.0,5.304
CHN,51.25,125.75,1707140.0,6.232
CHN,51.25,126.25,1967103.0,6.294
CHN,51.25,126.75,2302174.0,6.362
CHN,51.75,120.25,511229.0,5.709
CHN,51.75,120.75,2497522.0,6.398
CHN,51.75,121.25,36659.0,4.564
CHN,51.75,121.75,3221632.0,6.508
CHN,51.75,122.25,6193458.0,6.792
CHN,51.75,122.75,1110.0,3.045
CHN,51.75,123.25,3868921.0,6.588
CHN,51.75,123.75,2953022.0,6.47
CHN,51.75,124.25,15560417.0,7.192
CHN,51.75,124.75,6460912.0,6.81
CHN,51.75,125.25,1.0,0.0
CHN,51.75,125.75,2473905.0,6.393
CHN,51.75,126.25,9271694.0,6.967
CHN,51.75,126.75,2756633.0,6.44
CHN,52.25,120.75,2658707.0,6.425
CHN,52.25,121.25,905836.0,5.957
CHN,52.25,121.75,346069.0,5.539
CHN,52.25,122.25,4014326.0,6.604
CHN,52.25,122.75,3139755.0,6.497
CHN,52.25,123.25,9760472.0,6.989
CHN,52.25,123.75,5882954.0,6.77
CHN,52.25,124.25,10966339.0,7.04
CHN,52.25,124.75,28117745.0,7.449
CHN,52.25,125.25,3473558.0,6.541
CHN,52.25,125.75,13015395.0,7.114
CHN,52.25,126.25,1864208.0,6.27
CHN,52.25,126.75,46876.0,4.671
CHN,52.75,120.25,188204.0,5.275
CHN,52.75,120.75,345174.0,5.538
CHN,52.75,121.25,132509.0,5.122
CHN,52.75,121.75,4610.0,3.664
CHN,52.75,122.25,9580324.0,6.981
CHN,52.75,122.75,9165456.0,6.962
CHN,52.75,123.25,7716581.0,6.887
CHN,52.75,123.75,1800165.0,6.255
CHN,52.75,124.25,2908411.0,6.464
CHN,52.75,124.75,5349014.0,6.728
CHN,52.75,125.25,2357986.0,6.373
CHN,52.75,125.75,1528442.0,6.184
CHN,52.75,126.25,118560.0,5.074
CHN,53.25,120.75,193207.0,5.286
CHN,53.25,121.25,321273.0,5.507
CHN,53.25,121.75,496753.0,5.696
CHN,53.25,122.25,12220733.0,7.087
CHN,53.25,122.75,2156202.0,6.334
CHN,53.25,123.25,1006042.0,6.003
CHN,53.25,123.75,1660720.0,6.22
CHN,53.25,124.25,844848.0,5.927
CHN,53.25,124.75,203688.0,5.309
CHN,53.25,125.25,430294.0,5.634
CHN,53.25,125.75,111429.0,5.047
CHN,53.75,123.25,37296.0,4.572
CHN,53.75,123.75,16254.0,4.211
IND,6.75,93.75,148574.0,5.172
IND,7.25,93.75,308884.0,5.49
IND,7.75,93.25,116715.0,5.067
IND,7.75,93.75,69888.0,4.844
IND,8.25,76.75,2798451727.0,9.447
IND,8.25,77.25,8556098143.0,9.932
IND,8.25,77.75,2185432152.0,9.34
IND,8.25,78.25,141280608.0,8.15
IND,8.25,93.25,117225.0,5.069
IND,8.75,76.75,9375531831.0,9.972
IND,8.75,77.25,2669267721.0,9.426
IND,8.75,77.75,5546649710.0,9.744
IND,8.75,78.25,3696157326.0,9.568
IND,9.25,76.25,680368571.0,8.833
IND,9.25,76.75,2311202497.0,9.364
IND,9.25,77.25,897441354.0,8.953
IND,9.25,77.75,2816563201.0,9.45
IND,9.25,78.25,377815762.0,8.577
IND,9.25,78.75,572221990.0,8.758
IND,9.25,79.25,97514211.0,7.989
IND,9.25,92.75,3185745.0,6.503
IND,9.75,76.25,3661297430.0,9.564
IND,9.75,76.75,1043549263.0,9.019
IND,9.75,77.25,454165530.0,8.657
IND,9.75,77.75,1599197990.0,9.204
IND,9.75,78.25,16076061871.0,10.206
IND,9.75,78.75,462636262.0,8.665
IND,9.75,79.25,11240132.0,7.051
IND,10.25,76.25,11587749113.0,10.064
IND,10.25,76.75,343342592.0,8.536
IND,10.25,77.25,603651973.0,8.781
IND,10.25,77.75,2629856620.0,9.42
IND,10.25,78.25,1233910222.0,9.091
IND,10.25,78.75,1350884839.0,9.131
IND,10.25,79.25,500739424.0,8.7
IND,10.25,79.75,61427052.0,7.788
IND,10.75,75.75,240110290.0,8.38
IND,10.75,76.25,3118493563.0,9.494
IND,10.75,76.75,10554388618.0,10.023
IND,10.75,77.25,6670345826.0,9.824
IND,10.75,77.75,938639047.0,8.972
IND,10.75,78.25,2350622616.0,9.371
IND,10.75,78.75,18431014154.0,10.266
IND,10.75,79.25,5525690204.0,9.742
IND,10.75,79.75,3822778802.0,9.582
IND,10.75,92.25,807616.0,5.907
IND,10.75,92.75,1741566.0,6.241
IND,11.25,75.75,2237287782.0,9.35
IND,11.25,76.25,381863497.0,8.582
IND,11.25,76.75,6952810209.0,9.842
IND,11.25,77.25,17162973528.0,10.235
IND,11.25,77.75,12134079664.0,10.084
IND,11.25,78.25,4366615237.0,9.64
IND,11.25,78.75,1421510272.0,9.153
IND,11.25,79.25,2586993415.0,9.413
IND,11.25,79.75,3408050069.0,9.533
IND,11.25,92.75,1633295.0,6.213
IND,11.75,75.25,716729442.0,8.855
IND,11.75,75.75,662496871.0,8.821
IND,11.75,76.25,116961240.0,8.068
IND,11.75,76.75,556787482.0,8.746
IND,11.75,77.25,338822403.0,8.53
IND,11.75,77.75,7589326628.0,9.88
IND,11.75,78.25,20443016785.0,10.311
IND,11.75,78.75,1589398747.0,9.201
IND,11.75,79.25,4800088322.0,9.681
IND,11.75,79.75,19522575851.0,10.291
IND,11.75,92.75,31780281.0,7.502
IND,11.75,93.25,879079.0,5.944
IND,12.25,75.25,445450021.0,8.649
IND,12.25,75.75,170391381.0,8.231
IND,12.25,76.25,888062194.0,8.948
IND,12.25,76.75,14250977480.0,10.154
IND,12.25,77.25,1049166654.0,9.021
IND,12.25,77.75,229081813.0,8.36
IND,12.25,78.25,2228295386.0,9.348
IND,12.25,78.75,1083689355.0,9.035
IND,12.25,79.25,2748004035.0,9.439
IND,12.25,79.75,3297085885.0,9.518
IND,12.25,80.25,103611339.0,8.015
IND,12.25,92.75,1889626.0,6.276
IND,12.75,74.75,5910796168.0,9.772
IND,12.75,75.25,689347089.0,8.838
IND,12.75,75.75,114362155.0,8.058
IND,12.75,76.25,1532546235.0,9.185
IND,12.75,76.75,1563397141.0,9.194
IND,12.75,77.25,19929650601.0,10.299
IND,12.75,77.75,50577569024.0,10.704
IND,12.75,78.25,3986447867.0,9.601
IND,12.75,78.75,5688508600.0,9.755
IND,12.75,79.25,9337169073.0,9.97
IND,12.75,79.75,13060211953.0,10.116
IND,12.75,80.25,56478879392.0,10.752
IND,12.75,92.75,3705235.0,6.569
IND,13.25,74.75,3355540193.0,9.526
IND,13.25,75.25,134683956.0,8.129
IND,13.25,75.75,373429135.0,8.572
IND,13.25,76.25,967364155.0,8.986
IND,13.25,76.75,868444574.0,8.939
IND,13.25,77.25,57506563554.0,10.76
IND,13.25,77.75,123051482658.0,11.09
IND,13.25,78.25,3224734484.0,9.508
IND,13.25,78.75,590104976.0,8.771
IND,13.25,79.25,3368030768.0,9.527
IND,13.25,79.75,8502692203.0,9.93
IND,13.25,80.25,112712052251.0,11.052
IND,13.25,92.75,4419035.0,6.645
IND,13.25,93.25,1193098.0,6.077
IND,13.75,74.75,143030502.0,8.155
IND,13.75,75.25,108083773.0,8.034
IND,13.75,75.75,2159870387.0,9.334
IND,13.75,76.25,299906231.0,8.477
IND,13.75,76.75,637056038.0,8.804
IND,13.75,77.25,1375963622.0,9.139
IND,13.75,77.75,1383320738.0,9.141
IND,13.75,78.25,423383966.0,8.627
IND,13.75,78.75,509587211.0,8.707
IND,13.75,79.25,4218684274.0,9.625
IND,13.75,79.75,2003508060.0,9.302
IND,13.75,80.25,464417938.0,8.667
IND,13.75,92.75,133612.0,5.126
IND,13.75,93.25,116624.0,5.067
IND,14.25,74.25,58406781.0,7.766
IND,14.25,74.75,196838945.0,8.294
IND,14.25,75.25,337296495.0,8.528
IND,14.25,75.75,2529264099.0,9.403
IND,14.25,76.25,1461547995.0,9.165
IND,14.25,76.75,570149248.0,8.756
IND,14.25,77.25,451983644.0,8.655
IND,14.25,77.75,432099302.0,8.636
IND,14.25,78.25,443318183.0,8.647
IND,14.25,78.75,2029586372.0,9.307
IND,14.25,79.25,350649324.0,8.545
IND,14.25,79.75,4467604966.0,9.65
IND,14.25,80.25,2815225756.0,9.45
IND,14.75,74.25,339890627.0,8.531
IND,14.75,74.75,122658019.0,8.089
IND,14.75,75.25,990051299.0,8.996
IND,14.75,75.75,1743907963.0,9.242
IND,14.75,76.25,573980386.0,8.759
IND,14.75,76.75,442744748.0,8.646
IND,14.75,77.25,376410963.0,8.576
IND,14.75,77.75,1992899029.0,9.299
IND,14.75,78.25,1084241235.0,9.035
IND,14.75,78.75,2172350981.0,9.337
IND,14.75,79.25,157667146.0,8.198
IND,14.75,79.75,1350262118.0,9.13
IND,14.75,80.25,872249897.0,8.941
IND,15.25,73.75,4808755281.0,9.682
IND,15.25,74.25,2217203382.0,9.346
IND,15.25,74.75,1593358000.0,9.202
IND,15.25,75.25,2999099274.0,9.477
IND,15.25,75.75,1170691937.0,9.068
IND,15.25,76.25,3603279409.0,9.557
IND,15.25,76.75,5581022680.0,9.747
IND,15.25,77.25,1136877457.0,9.056
IND,15.25,77.75,563996267.0,8.751
IND,15.25,78.25,1432775378.0,9.156
IND,15.25,78.75,497493040.0,8.697
IND,15.25,79.25,65231217.0,7.814
IND,15.25,79.75,509024506.0,8.707
IND,15.25,80.25,1290004482.0,9.111
IND,15.75,73.75,4606317950.0,9.663
IND,15.75,74.25,1626683368.0,9.211
IND,15.75,74.75,4391342776.0,9.643
IND,15.75,75.25,840897780.0,8.925
IND,15.75,75.75,603554039.0,8.781
IND,15.75,76.25,776165106.0,8.89
IND,15.75,76.75,1425809060.0,9.154
IND,15.75,77.25,1184023674.0,9.073
IND,15.75,77.75,1368263641.0,9.136
IND,15.75,78.25,2925312158.0,9.466
IND,15.75,78.75,153225362.0,8.185
IND,15.75,79.25,285434834.0,8.456
IND,15.75,79.75,1213323856.0,9.084
IND,15.75,80.25,3834807240.0,9.584
IND,15.75,80.75,542516343.0,8.734
IND,15.75,81.25,10380926.0,7.016
IND,16.25,73.25,8306342.0,6.919
IND,16.25,73.75,102077779.0,8.009
IND,16.25,74.25,1398593638.0,9.146
IND,16.25,74.75,2085568771.0,9.319
IND,16.25,75.25,1426713098.0,9.154
IND,16.25,75.75,1506458764.0,9.178
IND,16.25,76.25,526906521.0,8.722
IND,16.25,76.75,749988233.0,8.875
IND,16.25,77.25,2253568735.0,9.353
IND,16.25,77.75,2856789489.0,9.456
IND,16.25,78.25,2259614866.0,9.354
IND,16.25,78.75,375724520.0,8.575
IND,16.25,79.25,239558700.0,8.379
IND,16.25,79.75,1183905629.0,9.073
IND,16.25,80.25,15317109195.0,10.185
IND,16.25,80.75,13839040532.0,10.141
IND,16.25,81.25,2237850638.0,9.35
IND,16.25,81.75,3168053516.0,9.501
IND,16.25,82.25,113341294.0,8.054
IND,16.75,73.25,169568441.0,8.229
IND,16.75,73.75,47969145.0,7.681
IND,16.75,74.25,13166882245.0,10.119
IND,16.75,74.75,6593701520.0,9.819
IND,16.75,75.25,769836091.0,8.886
IND,16.75,75.75,1551144582.0,9.191
IND,16.75,76.25,301439681.0,8.479
IND,16.75,76.75,979906542.0,8.991
IND,16.75,77.25,1257962745.0,9.1
IND,16.75,77.75,3248059658.0,9.512
IND,16.75,78.25,3981457790.0,9.6
IND,16.75,78.75,1103020981.0,9.043
IND,16.75,79.25,910891757.0,8.959
IND,16.75,79.75,2846522382.0,9.454
IND,16.75,80.25,2778443644.0,9.444
IND,16.75,80.75,17869435724.0,10.252
IND,16.75,81.25,2892253104.0,9.461
IND,16.75,81.75,14042372957.0,10.147
IND,16.75,82.25,6917254528.0,9.84
IND,17.25,73.25,183353620.0,8.263
IND,17.25,73.75,123235837.0,8.091
IND,17.25,74.25,2750830421.0,9.439
IND,17.25,74.75,978918464.0,8.991
IND,17.25,75.25,1273726498.0,9.105
IND,17.25,75.75,385379811.0,8.586
IND,17.25,76.25,421167466.0,8.624
IND,17.25,76.75,3116212679.0,9.494
IND,17.25,77.25,1881501636.0,9.275
IND,17.25,77.75,2871149507.0,9.458
IND,17.25,78.25,96075952152.0,10.983
IND,17.25,78.75,63484960793.0,10.803
IND,17.25,79.25,2417369474.0,9.383
IND,17.25,79.75,1537086103.0,9.187
IND,17.25,80.25,2508110783.0,9.399
IND,17.25,80.75,708075611.0,8.85
IND,17.25,81.25,371027631.0,8.569
IND,17.25,81.75,5445030073.0,9.736
IND,17.25,82.25,4806009589.0,9.682
IND,17.25,82.75,979336855.0,8.991
IND,17.75,73.25,159778571.0,8.204
IND,17.75,73.75,819593152.0,8.914
IND,17.75,74.25,1421457033.0,9.153
IND,17.75,74.75,4015696020.0,9.604
IND,17.75,75.25,7282308771.0,9.862
IND,17.75,75.75,8454987355.0,9.927
IND,17.75,76.25,921368351.0,8.964
IND,17.75,76.75,1068488887.0,9.029
IND,17.75,77.25,2155866541.0,9.334
IND,17.75,77.75,2738944107.0,9.438
IND,17.75,78.25,27897135983.0,10.446
IND,17.75,78.75,14288016278.0,10.155
IND,17.75,79.25,1707181186.0,9.232
IND,17.75,79.75,7320105463.0,9.865
IND,17.75,80.25,395726625.0,8.597
IND,17.75,80.75,1414611390.0,9.151
IND,17.75,81.25,27739440.0,7.443
IND,17.75,81.75,18184358.0,7.26
IND,17.75,82.25,34299143.0,7.535
IND,17.75,82.75,2677252376.0,9.428
IND,17.75,83.25,30189855820.0,10.48
IND,18.25,72.75,8052297.0,6.906
IND,18.25,73.25,469635504.0,8.672
IND,18.25,73.75,32136092805.0,10.507
IND,18.25,74.25,6341095919.0,9.802
IND,18.25,74.75,6591773546.0,9.819
IND,18.25,75.25,2079135410.0,9.318
IND,18.25,75.75,888659676.0,8.949
IND,18.25,76.25,1802484069.0,9.256
IND,18.25,76.75,2440428075.0,9.387
IND,18.25,77.25,1017231690.0,9.007
IND,18.25,77.75,731820692.0,8.864
IND,18.25,78.25,1997364103.0,9.3
IND,18.25,78.75,2777075810.0,9.444
IND,18.25,79.25,4623625041.0,9.665
IND,18.25,79.75,3586555312.0,9.555
IND,18.25,80.25,60245318.0,7.78
IND,18.25,80.75,54854479.0,7.739
IND,18.25,81.25,11543086.0,7.062
IND,18.25,81.75,86754499.0,7.938
IND,18.25,82.25,65501144.0,7.816
IND,18.25,82.75,71365109.0,7.853
IND,18.25,83.25,2275414007.0,9.357
IND,18.25,83.75,3158957979.0,9.5
IND,18.25,84.25,313331391.0,8.496
IND,18.75,72.75,5565614181.0,9.746
IND,18.75,73.25,10055403834.0,10.002
IND,18.75,73.75,79269415410.0,10.899
IND,18.75,74.25,11182557657.0,10.049
IND,18.75,74.75,2455617563.0,9.39
IND,18.75,75.25,1287597640.0,9.11
IND,18.75,75.75,858672699.0,8.934
IND,18.75,76.25,1252844989.0,9.098
IND,18.75,76.75,1538763183.0,9.187
IND,18.75,77.25,804931014.0,8.906
IND,18.75,77.75,1455303528.0,9.163
IND,18.75,78.25,3869872131.0,9.588
IND,18.75,78.75,2334321398.0,9.368
IND,18.75,79.25,4645600488.0,9.667
IND,18.75,79.75,1497690235.0,9.175
IND,18.75,80.25,26335933.0,7.421
IND,18.75,80.75,16653663.0,7.222
IND,18.75,81.25,235386760.0,8.372
IND,18.75,81.75,33430734.0,7.524
IND,18.75,82.25,107537941.0,8.032
IND,18.75,82.75,1244531523.0,9.095
IND,18.75,83.25,506201833.0,8.704
IND,18.75,83.75,302892452.0,8.481
IND,18.75,84.25,685289087.0,8.836
IND,18.75,84.75,107019088.0,8.029
IND,19.25,72.75,186325035171.0,11.27
IND,19.25,73.25,59062241058.0,10.771
IND,19.25,73.75,1021794628.0,9.009
IND,19.25,74.25,2586073475.0,9.413
IND,19.25,74.75,5313216704.0,9.725
IND,19.25,75.25,1923114056.0,9.284
IND,19.25,75.75,1248789825.0,9.096
IND,19.25,76.25,1302086967.0,9.115
IND,19.25,76.75,1872456412.0,9.272
IND,19.25,77.25,7072791660.0,9.85
IND,19.25,77.75,608772007.0,8.784
IND,19.25,78.25,869605405.0,8.939
IND,19.25,78.75,249113237.0,8.396
IND,19.25,79.25,465838316.0,8.668
IND,19.25,79.75,199690532.0,8.3
IND,19.25,80.25,21600179.0,7.334
IND,19.25,80.75,7854886.0,6.895
IND,19.25,81.25,30400792.0,7.483
IND,19.25,81.75,146561887.0,8.166
IND,19.25,82.25,650912841.0,8.814
IND,19.25,82.75,455071097.0,8.658
IND,19.25,83.25,435960175.0,8.639
IND,19.25,83.75,102552897.0,8.011
IND,19.25,84.25,52994782.0,7.724
IND,19.25,84.75,8054026351.0,9.906
IND,19.25,85.25,336383442.0,8.527
IND,19.75,72.75,3700757223.0,9.568
IND,19.75,73.25,1239724641.0,9.093
IND,19.75,73.75,14924619334.0,10.174
IND,19.75,74.25,5796827105.0,9.763
IND,19.75,74.75,3665166435.0,9.564
IND,19.75,75.25,10184204721.0,10.008
IND,19.75,75.75,3557106047.0,9.551
IND,19.75,76.25,842403324.0,8.926
IND,19.75,76.75,476359853.0,8.678
IND,19.75,77.25,740237923.0,8.869
IND,19.75,77.75,920164422.0,8.964
IND,19.75,78.25,348980730.0,8.543
IND,19.75,78.75,762503534.0,8.882
IND,19.75,79.25,2652358311.0,9.424
IND,19.75,79.75,152840169.0,8.184
IND,19.75,80.25,26278641.0,7.42
IND,19.75,80.75,24024739.0,7.381
IND,19.75,81.25,25576538.0,7.408
IND,19.75,81.75,80694547.0,7.907
IND,19.75,82.25,155674929.0,8.192
IND,19.75,82.75,312688599.0,8.495
IND,19.75,83.25,404071837.0,8.606
IND,19.75,83.75,27800549.0,7.444
IND,19.75,84.25,52531626.0,7.72
IND,19.75,84.75,1942116053.0,9.288
IND,19.75,85.25,849787671.0,8.929
IND,19.75,85.75,2135051442.0,9.329
IND,19.75,86.25,216402286.0,8.335
IND,20.25,72.75,11162452255.0,10.048
IND,20.25,73.25,5746356411.0,9.759
IND,20.25,73.75,8060333672.0,9.906
IND,20.25,74.25,3269597025.0,9.514
IND,20.25,74.75,881110876.0,8.945
IND,20.25,75.25,648080200.0,8.812
IND,20.25,75.75,626020067.0,8.797
IND,20.25,76.25,768304543.0,8.886
IND,20.25,76.75,652286165.0,8.814
IND,20.25,77.25,713278190.0,8.853
IND,20.25,77.75,1285810601.0,9.109
IND,20.25,78.25,1025992581.0,9.011
IND,20.25,78.75,588202472.0,8.77
IND,20.25,79.25,1190158593.0,9.076
IND,20.25,79.75,314888343.0,8.498
IND,20.25,80.25,112416681.0,8.051
IND,20.25,80.75,67980536.0,7.832
IND,20.25,81.25,169221744.0,8.228
IND,20.25,81.75,138598754.0,8.142
IND,20.25,82.25,37742456.0,7.577
IND,20.25,82.75,527574781.0,8.722
IND,20.25,83.25,807630131.0,8.907
IND,20.25,83.75,62392336.0,7.795
IND,20.25,84.25,131522516.0,8.119
IND,20.25,84.75,66004068.0,7.82
IND,20.25,85.25,1606119501.0,9.206
IND,20.25,85.75,40345926834.0,10.606
IND,20.25,86.25,4839138265.0,9.685
IND,20.25,86.75,2555039645.0,9.407
IND,20.75,70.25,1455723024.0,9.163
IND,20.75,70.75,2696695132.0,9.431
IND,20.75,71.25,633433827.0,8.802
IND,20.75,72.75,2679239076.0,9.428
IND,20.75,73.25,2284364876.0,9.359
IND,20.75,73.75,158742960.0,8.201
IND,20.75,74.25,1333033422.0,9.125
IND,20.75,74.75,3153450012.0,9.499
IND,20.75,75.25,1141125824.0,9.057
IND,20.75,75.75,2450257695.0,9.389
IND,20.75,76.25,1281766527.0,9.108
IND,20.75,76.75,2196765992.0,9.342
IND,20.75,77.25,2506243418.0,9.399
IND,20.75,77.75,3430439279.0,9.535
IND,20.75,78.25,683154149.0,8.835
IND,20.75,78.75,2407732723.0,9.382
IND,20.75,79.25,805378612.0,8.906
IND,20.75,79.75,579631275.0,8.763
IND,20.75,80.25,134134600.0,8.128
IND,20.75,80.75,174089837.0,8.241
IND,20.75,81.25,851605935.0,8.93
IND,20.75,81.75,2112235966.0,9.325
IND,20.75,82.25,582046232.0,8.765
IND,20.75,82.75,292244290.0,8.466
IND,20.75,83.25,952920618.0,8.979
IND,20.75,83.75,877098160.0,8.943
IND,20.75,84.25,196166489.0,8.293
IND,20.75,84.75,667375386.0,8.824
IND,20.75,85.25,8532333395.0,9.931
IND,20.75,85.75,8057405602.0,9.906
IND,20.75,86.25,12806453852.0,10.107
IND,20.75,86.75,1200166424.0,9.079
IND,21.25,69.75,37522460.0,7.574
IND,21.25,70.25,1602719159.0,9.205
IND,21.25,70.75,341969816.0,8.534
IND,21.25,71.25,382204430.0,8.582
IND,21.25,71.75,879863790.0,8.944
IND,21.25,72.25,635306140.0,8.803
IND,21.25,72.75,27209156498.0,10.435
IND,21.25,73.25,5417604508.0,9.734
IND,21.25,73.75,813983596.0,8.911
IND,21.25,74.25,1397412866.0,9.145
IND,21.25,74.75,1023439617.0,9.01
IND,21.25,75.25,1077019396.0,9.032
IND,21.25,75.75,3865364799.0,9.587
IND,21.25,76.25,1323404604.0,9.122
IND,21.25,76.75,478722226.0,8.68
IND,21.25,77.25,984786271.0,8.993
IND,21.25,77.75,2230469282.0,9.348
IND,21.25,78.25,453222886.0,8.656
IND,21.25,78.75,11409227350.0,10.057
IND,21.25,79.25,37817021793.0,10.578
IND,21.25,79.75,1595071979.0,9.203
IND,21.25,80.25,1380764224.0,9.14
IND,21.25,80.75,1220009845.0,9.086
IND,21.25,81.25,19814808425.0,10.297
IND,21.25,81.75,27918108479.0,10.446
IND,21.25,82.25,3593532121.0,9.556
IND,21.25,82.75,827582656.0,8.918
IND,21.25,83.25,532436621.0,8.726
IND,21.25,83.75,4886421559.0,9.689
IND,21.25,84.25,1578835048.0,9.198
IND,21.25,84.75,313503401.0,8.496
IND,21.25,85.25,1028594662.0,9.012
IND,21.25,85.75,716499663.0,8.855
IND,21.25,86.25,2397644994.0,9.38
IND,21.25,86.75,4582017978.0,9.661
IND,21.25,87.25,87938032.0,7.944
IND,21.75,69.25,54447031.0,7.736
IND,21.75,69.75,768625949.0,8.886
IND,21.75,70.25,1382995980.0,9.141
IND,21.75,70.75,1664931191.0,9.221
IND,21.75,71.25,625665533.0,8.796
IND,21.75,71.75,1133445311.0,9.054
IND,21.75,72.25,2153947630.0,9.333
IND,21.75,72.75,3071838824.0,9.487
IND,21.75,73.25,5096063808.0,9.707
IND,21.75,73.75,620980132.0,8.793
IND,21.75,74.25,967466918.0,8.986
IND,21.75,74.75,569475512.0,8.755
IND,21.75,75.25,775838203.0,8.89
IND,21.75,75.75,552357071.0,8.742
IND,21.75,76.25,802389253.0,8.904
IND,21.75,76.75,160437356.0,8.205
IND,21.75,77.25,27181505.0,7.434
IND,21.75,77.75,428838722.0,8.632
IND,21.75,78.25,344625953.0,8.537
IND,21.75,78.75,558812243.0,8.747
IND,21.75,79.25,221861569.0,8.346
IND,21.75,79.75,248846447.0,8.396
IND,21.75,80.25,930416573.0,8.969
IND,21.75,80.75,110106311.0,8.042
IND,21.75,81.25,2964379767.0,9.472
IND,21.75,81.75,6964372451.0,9.843
IND,21.75,82.25,8213159099.0,9.915
IND,21.75,82.75,4827442520.0,9.684
IND,21.75,83.25,5374444449.0,9.73
IND,21.75,83.75,4435756621.0,9.647
IND,21.75,84.25,2974305563.0,9.473
IND,21.75,84.75,188462194.0,8.275
IND,21.75,85.25,1275881196.0,9.106
IND,21.75,85.75,1004089502.0,9.002
IND,21.75,86.25,68912482.0,7.838
IND,21.75,86.75,2989904406.0,9.476
IND,21.75,87.25,1902192811.0,9.279
IND,21.75,87.75,8621664284.0,9.936
IND,21.75,88.25,1959079753.0,9.292
IND,21.75,88.75,92553094.0,7.966
IND,21.75,89.25,1875452.0,6.273
IND,22.25,68.75,10417738.0,7.018
IND,22.25,69.25,269208882.0,8.43
IND,22.25,69.75,3994389444.0,9.601
IND,22.25,70.25,3028462337.0,9.481
IND,22.25,70.75,9738258440.0,9.988
IND,22.25,71.25,1352244090.0,9.131
IND,22.25,71.75,786003833.0,8.895
IND,22.25,72.25,155720844.0,8.192
IND,22.25,72.75,6074996321.0,9.784
IND,22.25,73.25,33603627606.0,10.526
IND,22.25,73.75,748974392.0,8.874
IND,22.25,74.25,440468568.0,8.644
IND,22.25,74.75,598759379.0,8.777
IND,22.25,75.25,1439475367.0,9.158
IND,22.25,75.75,1614356405.0,9.208
IND,22.25,76.25,734926151.0,8.866
IND,22.25,76.75,371128021.0,8.57
IND,22.25,77.25,443004861.0,8.646
IND,22.25,77.75,125674736.0,8.099
IND,22.25,78.25,421841338.0,8.625
IND,22.25,78.75,1956119220.0,9.291
IND,22.25,79.25,485804626.0,8.686
IND,22.25,79.75,652034224.0,8.814
IND,22.25,80.25,103506618.0,8.015
IND,22.25,80.75,114563716.0,8.059
IND,22.25,81.25,1910863656.0,9.281
IND,22.25,81.75,5052873721.0,9.704
IND,22.25,82.25,13428077706.0,10.128
IND,22.25,82.75,7601758373.0,9.881
IND,22.25,83.25,1699831059.0,9.23
IND,22.25,83.75,507317357.0,8.705
IND,22.25,84.25,601471808.0,8.779
IND,22.25,84.75,9758093158.0,9.989
IND,22.25,85.25,2354695044.0,9.372
IND,22.25,85.75,1074053369.0,9.031
IND,22.25,86.25,477744191.0,8.679
IND,22.25,86.75,1380905168.0,9.14
IND,22.25,87.25,14319984328.0,10.156
IND,22.25,87.75,29078128275.0,10.464
IND,22.25,88.25,129437013856.0,11.112
IND,22.25,88.75,13260401814.0,10.123
IND,22.25,89.25,5037937.0,6.702
IND,22.25,92.75,10058056.0,7.003
IND,22.25,93.25,1817359.0,6.259
IND,22.75,69.25,87007974.0,7.94
IND,22.75,69.75,942922111.0,8.974
IND,22.75,70.25,767276643.0,8.885
IND,22.75,70.75,2717156072.0,9.434
IND,22.75,71.25,949663780.0,8.978
IND,22.75,71.75,1277516995.0,9.106
IND,22.75,72.25,6292365014.0,9.799
IND,22.75,72.75,63774487036.0,10.805
IND,22.75,73.25,5145948280.0,9.711
IND,22.75,73.75,3372588716.0,9.528
IND,22.75,74.25,2728936837.0,9.436
IND,22.75,74.75,1062542806.0,9.026
IND,22.75,75.25,1361603984.0,9.134
IND,22.75,75.75,32446367665.0,10.511
IND,22.75,76.25,6013361558.0,9.779
IND,22.75,76.75,671781774.0,8.827
IND,22.75,77.25,492338283.0,8.692
IND,22.75,77.75,2038335790.0,9.309
IND,22.75,78.25,882629492.0,8.946
IND,22.75,78.75,1385281869.0,9.142
IND,22.75,79.25,931194110.0,8.969
IND,22.75,79.75,907884454.0,8.958
IND,22.75,80.25,361884030.0,8.559
IND,22.75,80.75,76748822.0,7.885
IND,22.75,81.25,73826669.0,7.868
IND,22.75,81.75,411087706.0,8.614
IND,22.75,82.25,145921251.0,8.164
IND,22.75,82.75,304514585.0,8.484
IND,22.75,83.25,189542186.0,8.278
IND,22.75,83.75,184713777.0,8.266
IND,22.75,84.25,141176309.0,8.15
IND,22.75,84.75,107401488.0,8.031
IND,22.75,85.25,143339447.0,8.156
IND,22.75,85.75,3013070803.0,9.479
IND,22.75,86.25,21488660274.0,10.332
IND,22.75,86.75,935519096.0,8.971
IND,22.75,87.25,3302699110.0,9.519
IND,22.75,87.75,7570638585.0,9.879
IND,22.75,88.25,318570876497.0,11.503
IND,22.75,88.75,28554973743.0,10.456
IND,22.75,92.25,1136589.0,6.056
IND,22.75,92.75,18421148.0,7.265
IND,22.75,93.25,1727208.0,6.237
IND,23.25,68.25,192941.0,5.285
IND,23.25,68.75,62779815.0,7.798
IND,23.25,69.25,57728874.0,7.761
IND,23.25,69.75,279046405.0,8.446
IND,23.25,70.25,4958114335.0,9.695
IND,23.25,70.75,233163004.0,8.368
IND,23.25,71.25,221942031.0,8.346
IND,23.25,71.75,208471548.0,8.319
IND,23.25,72.25,8392985295.0,9.924
IND,23.25,72.75,79512433078.0,10.9
IND,23.25,73.25,1010990240.0,9.005
IND,23.25,73.75,452906684.0,8.656
IND,23.25,74.25,1255357756.0,9.099
IND,23.25,74.75,596738485.0,8.776
IND,23.25,75.25,2398727195.0,9.38
IND,23.25,75.75,7232511534.0,9.859
IND,23.25,76.25,1706256686.0,9.232
IND,23.25,76.75,1701895764.0,9.231
IND,23.25,77.25,21150080184.0,10.325
IND,23.25,77.75,5254963014.0,9.721
IND,23.25,78.25,580805739.0,8.764
IND,23.25,78.75,518780864.0,8.715
IND,23.25,79.25,761181300.0,8.881
IND,23.25,79.75,9763758296.0,9.99
IND,23.25,80.25,3651220163.0,9.562
IND,23.25,80.75,346634122.0,8.54
IND,23.25,81.25,657718687.0,8.818
IND,23.25,81.75,1970833577.0,9.295
IND,23.25,82.25,841983876.0,8.925
IND,23.25,82.75,1160789627.0,9.065
IND,23.25,83.25,1691449525.0,9.228
IND,23.25,83.75,45629123.0,7.659
IND,23.25,84.25,68675323.0,7.837
IND,23.25,84.75,1166912463.0,9.067
IND,23.25,85.25,22138834940.0,10.345
IND,23.25,85.75,1875495426.0,9.273
IND,23.25,86.25,2284771813.0,9.359
IND,23.25,86.75,1449507788.0,9.161
IND,23.25,87.25,9226575076.0,9.965
IND,23.25,87.75,7891009702.0,9.897
IND,23.25,88.25,23126411063.0,10.364
IND,23.25,88.75,13478566695.0,10.13
IND,23.25,91.25,2406019946.0,9.381
IND,23.25,91.75,493532711.0,8.693
IND,23.25,92.25,2238073.0,6.35
IND,23.25,92.75,10283039.0,7.012
IND,23.25,93.25,7930086.0,6.899
IND,23.75,68.25,1683511.0,6.226
IND,23.75,68.75,49611072.0,7.696
IND,23.75,69.25,11502559.0,7.061
IND,23.75,69.75,6597354.0,6.819
IND,23.75,70.25,10513386.0,7.022
IND,23.75,70.75,64423588.0,7.809
IND,23.75,71.25,77285787.0,7.888
IND,23.75,71.75,368130089.0,8.566
IND,23.75,72.25,3628495165.0,9.56
IND,23.75,72.75,1595235039.0,9.203
IND,23.75,73.25,797847797.0,8.902
IND,23.75,73.75,647240526.0,8.811
IND,23.75,74.25,1291972408.0,9.111
IND,23.75,74.75,317344880.0,8.502
IND,23.75,75.25,735777622.0,8.867
IND,23.75,75.75,461207909.0,8.664
IND,23.75,76.25,750895387.0,8.876
IND,23.75,76.75,1343396394.0,9.128
IND,23.75,77.25,858067701.0,8.934
IND,23.75,77.75,1122913516.0,9.05
IND,23.75,78.25,517306507.0,8.714
IND,23.75,78.75,3512329564.0,9.546
IND,23.75,79.25,2014277129.0,9.304
IND,23.75,79.75,957413535.0,8.981
IND,23.75,80.25,3411232551.0,9.533
IND,23.75,80.75,753288458.0,8.877
IND,23.75,81.25,118175791.0,8.073
IND,23.75,81.75,26490097.0,7.423
IND,23.75,82.25,194896648.0,8.29
IND,23.75,82.75,661959038.0,8.821
IND,23.75,83.25,79857022.0,7.902
IND,23.75,83.75,101751103.0,8.008
IND,23.75,84.25,416877505.0,8.62
IND,23.75,84.75,1013115479.0,9.006
IND,23.75,85.25,10947108958.0,10.039
IND,23.75,85.75,12625785672.0,10.101
IND,23.75,86.25,50644119885.0,10.705
IND,23.75,86.75,60118610527.0,10.779
IND,23.75,87.25,27172556924.0,10.434
IND,23.75,87.75,9436385553.0,9.975
IND,23.75,88.25,10336179524.0,10.014
IND,23.75,88.75,1363695882.0,9.135
IND,23.75,91.25,12048171183.0,10.081
IND,23.75,91.75,1009672929.0,9.004
IND,23.75,92.25,29183315.0,7.465
IND,23.75,92.75,702841057.0,8.847
IND,23.75,93.25,7133621.0,6.853
IND,23.75,93.75,558760.0,5.747
IND,23.75,94.25,643778.0,5.809
IND,24.25,68.75,2477651.0,6.394
IND,24.25,69.25,2730505.0,6.436
IND,24.25,69.75,2342419.0,6.37
IND,24.25,70.25,3758781.0,6.575
IND,24.25,70.75,11030289.0,7.043
IND,24.25,71.25,21489553.0,7.332
IND,24.25,71.75,428670419.0,8.632
IND,24.25,72.25,1871372358.0,9.272
IND,24.25,72.75,646717204.0,8.811
IND,24.25,73.25,109011140.0,8.037
IND,24.25,73.75,1185511320.0,9.074
IND,24.25,74.25,447828142.0,8.651
IND,24.25,74.75,1326726605.0,9.123
IND,24.25,75.25,1047054774.0,9.02
IND,24.25,75.75,1034248879.0,9.015
IND,24.25,76.25,1412968070.0,9.15
IND,24.25,76.75,1421389533.0,9.153
IND,24.25,77.25,1015993077.0,9.007
IND,24.25,77.75,462266513.0,8.665
IND,24.25,78.25,2122781796.0,9.327
IND,24.25,78.75,515991941.0,8.713
IND,24.25,79.25,658681382.0,8.819
IND,24.25,79.75,337729005.0,8.529
IND,24.25,80.25,432855966.0,8.636
IND,24.25,80.75,3452652520.0,9.538
IND,24.25,81.25,3862132300.0,9.587
IND,24.25,81.75,1481852583.0,9.171
IND,24.25,82.25,956952621.0,8.981
IND,24.25,82.75,3733108696.0,9.572
IND,24.25,83.25,913794199.0,8.961
IND,24.25,83.75,2044366555.0,9.311
IND,24.25,84.25,1720558378.0,9.236
IND,24.25,84.75,1977108628.0,9.296
IND,24.25,85.25,5333422483.0,9.727
IND,24.25,85.75,5283728217.0,9.723
IND,24.25,86.25,4461718313.0,9.65
IND,24.25,86.75,8611182551.0,9.935
IND,24.25,87.25,1339054655.0,9.127
IND,24.25,87.75,6952162760.0,9.842
IND,24.25,88.25,20390707437.0,10.309
IND,24.25,88.75,809746266.0,8.908
IND,24.25,91.25,456640002.0,8.66
IND,24.25,91.75,816084901.0,8.912
IND,24.25,92.25,1199469573.0,9.079
IND,24.25,92.75,64467432.0,7.809
IND,24.25,93.25,7440694.0,6.872
IND,24.25,93.75,306067331.0,8.486
IND,24.25,94.25,38016432.0,7.58
IND,24.75,70.75,959329.0,5.982
IND,24.75,71.25,40014319.0,7.602
IND,24.75,71.75,193051289.0,8.286
IND,24.75,72.25,223376908.0,8.349
IND,24.75,72.75,694959418.0,8.842
IND,24.75,73.25,409233525.0,8.612
IND,24.75,73.75,4523621829.0,9.655
IND,24.75,74.25,1478191130.0,9.17
IND,24.75,74.75,3429818520.0,9.535
IND,24.75,75.25,189827740.0,8.278
IND,24.75,75.75,2615808200.0,9.418
IND,24.75,76.25,2897274578.0,9.462
IND,24.75,76.75,1442188664.0,9.159
IND,24.75,77.25,1409170095.0,9.149
IND,24.75,77.75,504468176.0,8.703
IND,24.75,78.25,843433136.0,8.926
IND,24.75,78.75,1997657207.0,9.301
IND,24.75,79.25,2206543592.0,9.344
IND,24.75,79.75,1752109020.0,9.244
IND,24.75,80.25,541503673.0,8.734
IND,24.75,80.75,5226321692.0,9.718
IND,24.75,81.25,5049724293.0,9.703
IND,24.75,81.75,2009183098.0,9.303
IND,24.75,82.25,738129115.0,8.868
IND,24.75,82.75,492581220.0,8.692
IND,24.75,83.25,1346875354.0,9.129
IND,24.75,83.75,2019199983.0,9.305
IND,24.75,84.25,14382796142.0,10.158
IND,24.75,84.75,27547284755.0,10.44
IND,24.75,85.25,20412319838.0,10.31
IND,24.75,85.75,9115783805.0,9.96
IND,24.75,86.25,2040537897.0,9.31
IND,24.75,86.75,5729061225.0,9.758
IND,24.75,87.25,2660114676.0,9.425
IND,24.75,87.75,12903625660.0,10.111
IND,24.75,88.25,5378781576.0,9.731
IND,24.75,92.25,236447745.0,8.374
IND,24.75,92.75,1961111528.0,9.293
IND,24.75,93.25,118258707.0,8.073
IND,24.75,93.75,6932978499.0,9.841
IND,24.75,94.25,662608958.0,8.821
IND,24.75,94.75,761662.0,5.882
IND,25.25,70.75,18305150.0,7.263
IND,25.25,71.25,33487645.0,7.525
IND,25.25,71.75,87889127.0,7.944
IND,25.25,72.25,170405883.0,8.231
IND,25.25,72.75,289449957.0,8.462
IND,25.25,73.25,483162919.0,8.684
IND,25.25,73.75,1637267149.0,9.214
IND,25.25,74.25,634520584.0,8.802
IND,25.25,74.75,3891187908.0,9.59
IND,25.25,75.25,335972089.0,8.526
IND,25.25,75.75,8303954027.0,9.919
IND,25.25,76.25,2974371186.0,9.473
IND,25.25,76.75,1155716849.0,9.063
IND,25.25,77.25,139567447.0,8.145
IND,25.25,77.75,620825732.0,8.793
IND,25.25,78.25,2381581236.0,9.377
IND,25.25,78.75,6063083342.0,9.783
IND,25.25,79.25,2004317590.0,9.302
IND,25.25,79.75,1774010439.0,9.249
IND,25.25,80.25,1275605013.0,9.106
IND,25.25,80.75,1556989151.0,9.192
IND,25.25,81.25,1642000206.0,9.215
IND,25.25,81.75,42957723647.0,10.633
IND,25.25,82.25,29629023459.0,10.472
IND,25.25,82.75,52047680536.0,10.716
IND,25.25,83.25,33119561434.0,10.52
IND,25.25,83.75,10351652541.0,10.015
IND,25.25,84.25,16260207286.0,10.211
IND,25.25,84.75,29548982497.0,10.471
IND,25.25,85.25,53195231087.0,10.726
IND,25.25,85.75,37530645878.0,10.574
IND,25.25,86.25,20811115297.0,10.318
IND,25.25,86.75,20226323799.0,10.306
IND,25.25,87.25,15850855654.0,10.2
IND,25.25,87.75,7000956665.0,9.845
IND,25.25,88.25,4877207314.0,9.688
IND,25.25,88.75,2179792627.0,9.338
IND,25.25,89.75,56245075.0,7.75
IND,25.25,90.25,130879352.0,8.117
IND,25.25,90.75,45411457.0,7.657
IND,25.25,91.25,32340165.0,7.51
IND,25.25,91.75,237270333.0,8.375
IND,25.25,92.25,223501853.0,8.349
IND,25.25,92.75,49636265.0,7.696
IND,25.25,93.25,24214159.0,7.384
IND,25.25,93.75,44691236.0,7.65
IND,25.25,94.25,87171065.0,7.94
IND,25.25,94.75,3210908.0,6.507
IND,25.75,70.25,11177270.0,7.048
IND,25.75,70.75,35953376.0,7.556
IND,25.75,71.25,678612308.0,8.832
IND,25.75,71.75,89179911.0,7.95
IND,25.75,72.25,258491918.0,8.412
IND,25.75,72.75,67291504.0,7.828
IND,25.75,73.25,425810571.0,8.629
IND,25.75,73.75,308116542.0,8.489
IND,25.75,74.25,602336894.0,8.78
IND,25.75,74.75,869609561.0,8.939
IND,25.75,75.25,874292254.0,8.942
IND,25.75,75.75,398475484.0,8.6
IND,25.75,76.25,966279793.0,8.985
IND,25.75,76.75,1005750486.0,9.002
IND,25.75,77.25,78688674.0,7.896
IND,25.75,77.75,511634320.0,8.709
IND,25.75,78.25,2813909587.0,9.449
IND,25.75,78.75,2458894186.0,9.391
IND,25.75,79.25,1191006486.0,9.076
IND,25.75,79.75,459452368.0,8.662
IND,25.75,80.25,1283775376.0,9.108
IND,25.75,80.75,3377361543.0,9.529
IND,25.75,81.25,9186437320.0,9.963
IND,25.75,81.75,25311392854.0,10.403
IND,25.75,82.25,12321627112.0,10.091
IND,25.75,82.75,15765241371.0,10.198
IND,25.75,83.25,22199294418.0,10.346
IND,25.75,83.75,29929735886.0,10.476
IND,25.75,84.25,18518027292.0,10.268
IND,25.75,84.75,33816590717.0,10.529
IND,25.75,85.25,98978867217.0,10.996
IND,25.75,85.75,39317291037.0,10.595
IND,25.75,86.25,11054105875.0,10.044
IND,25.75,86.75,27042738387.0,10.432
IND,25.75,87.25,6966230207.0,9.843
IND,25.75,87.75,12009539130.0,10.08
IND,25.75,88.25,5015485989.0,9.7
IND,25.75,89.75,556375428.0,8.745
IND,25.75,90.25,491079456.0,8.691
IND,25.75,90.75,914548232.0,8.961
IND,25.75,91.25,257266979.0,8.41
IND,25.75,91.75,3522416165.0,9.547
IND,25.75,92.25,141229259.0,8.15
IND,25.75,92.75,989022511.0,8.995
IND,25.75,93.25,321932140.0,8.508
IND,25.75,93.75,2972849963.0,9.473
IND,25.75,94.25,369942967.0,8.568
IND,25.75,94.75,21655618.0,7.336
IND,25.75,95.25,154876.0,5.19
IND,26.25,70.25,5842549.0,6.767
IND,26.25,70.75,7930381.0,6.899
IND,26.25,71.25,18158710.0,7.259
IND,26.25,71.75,19319783.0,7.286
IND,26.25,72.25,58031148.0,7.764
IND,26.25,72.75,2859694636.0,9.456
IND,26.25,73.25,5051715092.0,9.703
IND,26.25,73.75,432979030.0,8.636
IND,26.25,74.25,2233846777.0,9.349
IND,26.25,74.75,5155309195.0,9.712
IND,26.25,75.25,189159809.0,8.277
IND,26.25,75.75,749565073.0,8.875
IND,26.25,76.25,1431952037.0,9.156
IND,26.25,76.75,2173260333.0,9.337
IND,26.25,77.25,779042309.0,8.892
IND,26.25,77.75,1146636209.0,9.059
IND,26.25,78.25,8352855151.0,9.922
IND,26.25,78.75,886166164.0,8.948
IND,26.25,79.25,2185974592.0,9.34
IND,26.25,79.75,2552651874.0,9.407
IND,26.25,80.25,30502195204.0,10.484
IND,26.25,80.75,5231325005.0,9.719
IND,26.25,81.25,11620678685.0,10.065
IND,26.25,81.75,11609649849.0,10.065
IND,26.25,82.25,10653618111.0,10.027
IND,26.25,82.75,13821660301.0,10.141
IND,26.25,83.25,26676247785.0,10.426
IND,26.25,83.75,22550187132.0,10.353
IND,26.25,84.25,12101801704.0,10.083
IND,26.25,84.75,15575030604.0,10.192
IND,26.25,85.25,36042578940.0,10.557
IND,26.25,85.75,27596048723.0,10.441
IND,26.25,86.25,24688486834.0,10.392
IND,26.25,86.75,18958045098.0,10.278
IND,26.25,87.25,10484800349.0,10.021
IND,26.25,87.75,5068330110.0,9.705
IND,26.25,88.25,1770329836.0,9.248
IND,26.25,88.75,1465893175.0,9.166
IND,26.25,89.25,4361791665.0,9.64
IND,26.25,89.75,2740305784.0,9.438
IND,26.25,90.25,3040379578.0,9.483
IND,26.25,90.75,3960740952.0,9.598
IND,26.25,91.25,1910701455.0,9.281
IND,26.25,91.75,19709924626.0,10.295
IND,26.25,92.25,2502273695.0,9.398
IND,26.25,92.75,4732554261.0,9.675
IND,26.25,93.25,71818961.0,7.856
IND,26.25,93.75,419668688.0,8.623
IND,26.25,94.25,397919820.0,8.6
IND,26.25,94.75,84530805.0,7.927
IND,26.25,95.25,2523088.0,6.402
IND,26.75,69.75,3453257.0,6.538
IND,26.75,70.25,4525311.0,6.656
IND,26.75,70.75,25313706.0,7.403
IND,26.75,71.25,11378057.0,7.056
IND,26.75,71.75,30683018.0,7.487
IND,26.75,72.25,28726077.0,7.458
IND,26.75,72.75,138273929.0,8.141
IND,26.75,73.25,260231909.0,8.415
IND,26.75,73.75,556712183.0,8.746
IND,26.75,74.25,228942414.0,8.36
IND,26.75,74.75,3656637647.0,9.563
IND,26.75,75.25,876351868.0,8.943
IND,26.75,75.75,50950462451.0,10.707
IND,26.75,76.25,5884317799.0,9.77
IND,26.75,76.75,7356092815.0,9.867
IND,26.75,77.25,4197457389.0,9.623
IND,26.75,77.75,2502044562.0,9.398
IND,26.75,78.25,2350985917.0,9.371
IND,26.75,78.75,8067852718.0,9.907
IND,26.75,79.25,18503556822.0,10.267
IND,26.75,79.75,4470686380.0,9.65
IND,26.75,80.25,6663106868.0,9.824
IND,26.75,80.75,61908807042.0,10.792
IND,26.75,81.25,24032894352.0,10.381
IND,26.75,81.75,9193587005.0,9.963
IND,26.75,82.25,17989933161.0,10.255
IND,26.75,82.75,13569809610.0,10.133
IND,26.75,83.25,31045377666.0,10.492
IND,26.75,83.75,19018941271.0,10.279
IND,26.75,84.25,11013145048.0,10.042
IND,26.75,84.75,12876039335.0,10.11
IND,26.75,85.25,5024917384.0,9.701
IND,26.75,85.75,2949015701.0,9.47
IND,26.75,86.25,1818015364.0,9.26
IND,26.75,87.25,169976779.0,8.23
IND,26.75,88.25,6411546148.0,9.807
IND,26.75,88.75,3913406764.0,9.593
IND,26.75,89.25,2756799429.0,9.44
IND,26.75,89.75,197373107.0,8.295
IND,26.75,90.25,371266304.0,8.57
IND,26.75,90.75,573832858.0,8.759
IND,26.75,91.25,351003677.0,8.545
IND,26.75,91.75,741656223.0,8.87
IND,26.75,92.25,3554179346.0,9.551
IND,26.75,92.75,2342169684.0,9.37
IND,26.75,93.25,371391276.0,8.57
IND,26.75,93.75,518819909.0,8.715
IND,26.75,94.25,1373049836.0,9.138
IND,26.75,94.75,1843999455.0,9.266
IND,26.75,95.25,37400259.0,7.573
IND,26.75,95.75,2132467.0,6.329
IND,27.25,69.75,6393507.0,6.806
IND,27.25,70.25,3617699.0,6.558
IND,27.25,70.75,5690890.0,6.755
IND,27.25,71.25,5453423.0,6.737
IND,27.25,71.75,21026545.0,7.323
IND,27.25,72.25,88325112.0,7.946
IND,27.25,72.75,25668800.0,7.409
IND,27.25,73.25,45075192.0,7.654
IND,27.25,73.75,397695139.0,8.6
IND,27.25,74.25,93617979.0,7.971
IND,27.25,74.75,1199667131.0,9.079
IND,27.25,75.25,950352081.0,8.978
IND,27.25,75.75,13220043117.0,10.121
IND,27.25,76.25,2967948304.0,9.472
IND,27.25,76.75,7082405761.0,9.85
IND,27.25,77.25,3830198553.0,9.583
IND,27.25,77.75,24292440687.0,10.385
IND,27.25,78.25,31506240211.0,10.498
IND,27.25,78.75,6687926800.0,9.825
IND,27.25,79.25,7531574597.0,9.877
IND,27.25,79.75,4439064441.0,9.647
IND,27.25,80.25,2243585946.0,9.351
IND,27.25,80.75,5987293562.0,9.777
IND,27.25,81.25,3302832751.0,9.519
IND,27.25,81.75,6957714162.0,9.842
IND,27.25,82.25,7860032192.0,9.895
IND,27.25,82.75,3794677886.0,9.579
IND,27.25,83.25,6078041525.0,9.784
IND,27.25,83.75,4174080740.0,9.621
IND,27.25,84.25,1835247716.0,9.264
IND,27.25,84.75,422675191.0,8.626
IND,27.25,88.25,994697111.0,8.998
IND,27.25,88.75,507187112.0,8.705
IND,27.25,91.75,64577.0,4.81
IND,27.25,92.25,17067100.0,7.232
IND,27.25,92.75,13869256.0,7.142
IND,27.25,93.25,9800944.0,6.991
IND,27.25,93.75,611262301.0,8.786
IND,27.25,94.25,180763790.0,8.257
IND,27.25,94.75,2157736144.0,9.334
IND,27.25,95.25,5776770082.0,9.762
IND,27.25,95.75,588898729.0,8.77
IND,27.25,96.25,12975318.0,7.113
IND,27.25,96.75,1386135.0,6.142
IND,27.25,97.25,80183.0,4.904
IND,27.75,70.25,7717358.0,6.887
IND,27.75,70.75,4162524.0,6.619
IND,27.75,71.25,3943341.0,6.596
IND,27.75,71.75,11653771.0,7.066
IND,27.75,72.25,15439497.0,7.189
IND,27.75,72.75,33255262.0,7.522
IND,27.75,73.25,896943271.0,8.953
IND,27.75,73.75,116732078.0,8.067
IND,27.75,74.25,295377406.0,8.47
IND,27.75,74.75,313226543.0,8.496
IND,27.75,75.25,3474672599.0,9.541
IND,27.75,75.75,2551960576.0,9.407
IND,27.75,76.25,6483121237.0,9.812
IND,27.75,76.75,5040855879.0,9.703
IND,27.75,77.25,5443329302.0,9.736
IND,27.75,77.75,9531781713.0,9.979
IND,27.75,78.25,20361926623.0,10.309
IND,27.75,78.75,5549709329.0,9.744
IND,27.75,79.25,2629358755.0,9.42
IND,27.75,79.75,5180797794.0,9.714
IND,27.75,80.25,1917082192.0,9.283
IND,27.75,80.75,6783009903.0,9.831
IND,27.75,81.25,1328687672.0,9.123
IND,27.75,81.75,4542907631.0,9.657
IND,27.75,82.25,396299541.0,8.598
IND,27.75,82.75,79470653.0,7.9
IND,27.75,88.25,16897575.0,7.228
IND,27.75,88.75,1644452.0,6.216
IND,27.75,91.75,6572945.0,6.818
IND,27.75,92.25,1492272.0,6.174
IND,27.75,92.75,1666858.0,6.222
IND,27.75,93.25,5540432.0,6.744
IND,27.75,93.75,32847268.0,7.516
IND,27.75,94.25,23453844.0,7.37
IND,27.75,94.75,211001448.0,8.324
IND,27.75,95.25,1573414617.0,9.197
IND,27.75,95.75,505144252.0,8.703
IND,27.75,96.25,18093565.0,7.258
IND,27.75,96.75,1502775.0,6.177
IND,27.75,97.25,121323.0,5.084
IND,28.25,71.75,1313723.0,6.119
IND,28.25,72.25,11105216.0,7.046
IND,28.25,72.75,8396665.0,6.924
IND,28.25,73.25,1321412488.0,9.121
IND,28.25,73.75,101762905.0,8.008
IND,28.25,74.25,84094888.0,7.925
IND,28.25,74.75,331443508.0,8.52
IND,28.25,75.25,542681979.0,8.735
IND,28.25,75.75,1395010302.0,9.145
IND,28.25,76.25,2201014760.0,9.343
IND,28.25,76.75,21119924394.0,10.325
IND,28.25,77.25,95282458855.0,10.979
IND,28.25,77.75,25336705643.0,10.404
IND,28.25,78.25,8804126711.0,9.945
IND,28.25,78.75,5170425806.0,9.714
IND,28.25,79.25,18637048123.0,10.27
IND,28.25,79.75,3616911552.0,9.558
IND,28.25,80.25,1316673288.0,9.119
IND,28.25,80.75,1932977201.0,9.286
IND,28.25,81.25,341800142.0,8.534
IND,28.25,88.75,52287.0,4.718
IND,28.25,92.75,346171.0,5.539
IND,28.25,93.25,1866881.0,6.271
IND,28.25,93.75,3709224.0,6.569
IND,28.25,94.25,8236599.0,6.916
IND,28.25,94.75,19464815.0,7.289
IND,28.25,95.25,17920289.0,7.253
IND,28.25,95.75,6026927.0,6.78
IND,28.25,96.25,2819006.0,6.45
IND,28.25,96.75,710697.0,5.852
IND,28.25,97.25,187225.0,5.272
IND,28.75,72.25,3766551.0,6.576
IND,28.75,72.75,34375146.0,7.536
IND,28.75,73.25,20568036.0,7.313
IND,28.75,73.75,18883801.0,7.276
IND,28.75,74.25,23474469.0,7.371
IND,28.75,74.75,35133141.0,7.546
IND,28.75,75.25,92686813.0,7.967
IND,28.75,75.75,268839736.0,8.429
IND,28.75,76.25,1966555883.0,9.294
IND,28.75,76.75,44930658014.0,10.653
IND,28.75,77.25,426162126112.0,11.63
IND,28.75,77.75,70899015776.0,10.851
IND,28.75,78.25,17225805449.0,10.236
IND,28.75,78.75,30313393173.0,10.482
IND,28.75,79.25,16274045420.0,10.211
IND,28.75,79.75,5446786918.0,9.736
IND,28.75,80.25,210436700.0,8.323
IND,28.75,80.75,20484996.0,7.311
IND,28.75,93.25,73824.0,4.868
IND,28.75,93.75,507974.0,5.706
IND,28.75,94.25,919182.0,5.963
IND,28.75,94.75,884043.0,5.946
IND,28.75,95.25,1563775.0,6.194
IND,28.75,95.75,266320.0,5.425
IND,28.75,96.25,138445.0,5.141
IND,28.75,96.75,4204.0,3.624
IND,29.25,72.75,9504740.0,6.978
IND,29.25,73.25,109538878.0,8.04
IND,29.25,73.75,235520413.0,8.372
IND,29.25,74.25,161125450.0,8.207
IND,29.25,74.75,292846044.0,8.467
IND,29.25,75.25,779186134.0,8.892
IND,29.25,75.75,3010801834.0,9.479
IND,29.25,76.25,2896963333.0,9.462
IND,29.25,76.75,13993905733.0,10.146
IND,29.25,77.25,23265259406.0,10.367
IND,29.25,77.75,30557426441.0,10.485
IND,29.25,78.25,11761979880.0,10.07
IND,29.25,78.75,12624778558.0,10.101
IND,29.25,79.25,9931341289.0,9.997
IND,29.25,79.75,2696583441.0,9.431
IND,29.25,80.25,125018878.0,8.097
IND,29.25,94.25,64583.0,4.81
IND,29.25,94.75,194865.0,5.29
IND,29.25,95.25,47794.0,4.679
IND,29.25,95.75,56696.0,4.754
IND,29.25,96.25,147994.0,5.17
IND,29.75,73.25,127326188.0,8.105
IND,29.75,73.75,677645489.0,8.831
IND,29.75,74.25,726373245.0,8.861
IND,29.75,74.75,1339470849.0,9.127
IND,29.75,75.25,1867504492.0,9.271
IND,29.75,75.75,2207087796.0,9.344
IND,29.75,76.25,4870089443.0,9.688
IND,29.75,76.75,9571304440.0,9.981
IND,29.75,77.25,13875833789.0,10.142
IND,29.75,77.75,37357624458.0,10.572
IND,29.75,78.25,10901278568.0,10.037
IND,29.75,78.75,174597971.0,8.242
IND,29.75,79.25,174521843.0,8.242
IND,29.75,79.75,330422392.0,8.519
IND,29.75,80.25,475445080.0,8.677
IND,29.75,80.75,191915.0,5.283
IND,30.25,73.75,201381213.0,8.304
IND,30.25,74.25,2306055867.0,9.363
IND,30.25,74.75,5311418930.0,9.725
IND,30.25,75.25,4505055428.0,9.654
IND,30.25,75.75,4995128634.0,9.699
IND,30.25,76.25,6693025963.0,9.826
IND,30.25,76.75,13583020137.0,10.133
IND,30.25,77.25,9967500112.0,9.999
IND,30.25,77.75,12152497120.0,10.085
IND,30.25,78.25,12088263560.0,10.082
IND,30.25,78.75,709887500.0,8.851
IND,30.25,79.25,303822950.0,8.483
IND,30.25,79.75,53858508.0,7.731
IND,30.25,80.25,7379392.0,6.868
IND,30.25,80.75,3300864.0,6.519
IND,30.75,74.25,2198549611.0,9.342
IND,30.75,74.75,3872400587.0,9.588
IND,30.75,75.25,4506921157.0,9.654
IND,30.75,75.75,22530849149.0,10.353
IND,30.75,76.25,11156390000.0,10.048
IND,30.75,76.75,45626285832.0,10.659
IND,30.75,77.25,1138628672.0,9.056
IND,30.75,77.75,268765596.0,8.429
IND,30.75,78.25,202342451.0,8.306
IND,30.75,78.75,38440633.0,7.585
IND,30.75,79.25,29926411.0,7.476
IND,30.75,79.75,9358170.0,6.971
IND,30.75,80.25,981783.0,5.992
IND,31.25,74.75,8003257043.0,9.903
IND,31.25,75.25,6131007226.0,9.788
IND,31.25,75.75,14524688689.0,10.162
IND,31.25,76.25,3193273451.0,9.504
IND,31.25,76.75,2220003583.0,9.346
IND,31.25,77.25,1049615887.0,9.021
IND,31.25,77.75,89935702.0,7.954
IND,31.25,78.25,12016900.0,7.08
IND,31.25,78.75,3923906.0,6.594
IND,31.25,79.25,2430275.0,6.386
IND,31.75,74.75,14807004624.0,10.17
IND,31.75,75.25,14444604340.0,10.16
IND,31.75,75.75,3113103395.0,9.493
IND,31.75,76.25,555091910.0,8.744
IND,31.75,76.75,760551641.0,8.881
IND,31.75,77.25,154680478.0,8.189
IND,31.75,77.75,35878095.0,7.555
IND,31.75,78.25,14381443.0,7.158
IND,31.75,78.75,912378.0,5.96
IND,32.25,74.75,84265898.0,7.926
IND,32.25,75.25,3599882444.0,9.556
IND,32.25,75.75,5817563710.0,9.765
IND,32.25,76.25,751341548.0,8.876
IND,32.25,76.75,241333041.0,8.383
IND,32.25,77.25,56458661.0,7.752
IND,32.25,77.75,3872960.0,6.588
IND,32.25,78.25,446853.0,5.65
IND,32.25,78.75,152973.0,5.185
IND,32.25,79.25,23340.0,4.368
IND,32.75,74.25,135446796.0,8.132
IND,32.75,74.75,19006529014.0,10.279
IND,32.75,75.25,4242025991.0,9.628
IND,32.75,75.75,397902211.0,8.6
IND,32.75,76.25,110646735.0,8.044
IND,32.75,76.75,2084810.0,6.319
IND,32.75,77.25,587570.0,5.769
IND,32.75,77.75,589988.0,5.771
IND,32.75,78.25,689951.0,5.839
IND,32.75,78.75,732851.0,5.865
IND,32.75,79.25,736252.0,5.867
IND,32.75,79.75,22165.0,4.346
IND,33.25,74.25,1844927786.0,9.266
IND,33.25,74.75,416341952.0,8.619
IND,33.25,75.25,824968950.0,8.916
IND,33.25,75.75,128793037.0,8.11
IND,33.25,76.25,9149829.0,6.961
IND,33.25,76.75,1697158.0,6.23
IND,33.25,77.25,624734.0,5.796
IND,33.25,77.75,855355.0,5.932
IND,33.25,78.25,862067.0,5.936
IND,33.25,78.75,782981.0,5.894
IND,33.25,79.25,296449.0,5.472
IND,33.75,74.25,1621322830.0,9.21
IND,33.75,74.75,2443515504.0,9.388
IND,33.75,75.25,1868502906.0,9.271
IND,33.75,75.75,5312336.0,6.725
IND,33.75,76.25,2633353.0,6.421
IND,33.75,76.75,1247071.0,6.096
IND,33.75,77.25,795534.0,5.901
IND,33.75,77.75,1222612.0,6.087
IND,33.75,78.25,813747.0,5.91
IND,33.75,78.75,374146.0,5.573
IND,34.25,73.75,25094054.0,7.4
IND,34.25,74.25,1773945196.0,9.249
IND,34.25,74.75,12344746855.0,10.091
IND,34.25,75.25,451553562.0,8.655
IND,34.25,75.75,5817887.0,6.765
IND,34.25,76.25,5642017.0,6.751
IND,34.25,76.75,2362964.0,6.373
IND,34.25,77.25,1439526.0,6.158
IND,34.25,77.75,2480710.0,6.395
IND,34.25,78.25,659396.0,5.819
IND,34.25,78.75,581458.0,5.765
IND,34.75,73.75,987025.0,5.994
IND,34.75,74.25,165474965.0,8.219
IND,34.75,74.75,13418131.0,7.128
IND,34.75,75.25,1109659.0,6.045
IND,34.75,75.75,240758.0,5.382
IND,34.75,76.25,6490011.0,6.812
IND,34.75,76.75,507818.0,5.706
IND,34.75,77.25,525849.0,5.721
IND,34.75,77.75,438462.0,5.642
IND,34.75,78.25,241894.0,5.384
IND,34.75,78.75,15577.0,4.192
IND,35.25,77.25,415886.0,5.619
IND,35.25,77.75,445546.0,5.649
IND,35.25,78.25,32488.0,4.512
JPN,24.25,122.75,9249729.0,6.966
JPN,24.25,123.75,4383383.0,6.642
JPN,24.25,124.25,324147725.0,8.511
JPN,24.75,124.25,6776923.0,6.831
JPN,24.75,125.25,775090339.0,8.889
JPN,26.25,126.75,328958468.0,8.517
JPN,26.25,127.75,177730386640.0,11.25
JPN,26.75,127.75,3853735098.0,9.586
JPN,26.75,128.25,1354128876.0,9.132
JPN,26.75,142.25,1853171.0,6.268
JPN,27.25,127.75,1636765.0,6.214
JPN,27.25,128.75,288642769.0,8.46
JPN,27.75,128.75,22239914.0,7.347
JPN,28.25,129.25,118978721.0,8.075
JPN,28.25,129.75,100430606.0,8.002
JPN,29.75,129.75,312572.0,5.495
JPN,30.25,130.25,6084032.0,6.784
JPN,30.25,130.75,54782388.0,7.739
JPN,30.75,130.75,16416355.0,7.215
JPN,30.75,131.25,28981863.0,7.462
JPN,31.25,130.25,1768235332.0,9.248
JPN,31.25,130.75,4567758129.0,9.66
JPN,31.25,131.25,354012055.0,8.549
JPN,31.75,129.75,8085884.0,6.908
JPN,31.75,130.25,10747544070.0,10.031
JPN,31.75,130.75,23760607717.0,10.376
JPN,31.75,131.25,20414219290.0,10.31
JPN,32.25,130.25,967468240.0,8.986
JPN,32.25,130.75,1487056365.0,9.172
JPN,32.25,131.25,2489950216.0,9.396
JPN,32.25,131.75,1370058363.0,9.137
JPN,32.75,128.75,68556343.0,7.836
JPN,32.75,129.25,32691218.0,7.514
JPN,32.75,129.75,32948710876.0,10.518
JPN,32.75,130.25,10426809130.0,10.018
JPN,32.75,130.75,122438833657.0,11.088
JPN,32.75,131.25,401302551.0,8.603
JPN,32.75,131.75,1804452235.0,9.256
JPN,32.75,132.75,336994803.0,8.528
JPN,33.25,129.25,76273414.0,7.882
JPN,33.25,129.75,17640831623.0,10.247
JPN,33.25,130.25,104553543176.0,11.019
JPN,33.25,130.75,82827396498.0,10.918
JPN,33.25,131.25,7673883171.0,9.885
JPN,33.25,131.75,34757581067.0,10.541
JPN,33.25,132.25,267476598.0,8.427
JPN,33.25,132.75,1077623942.0,9.032
JPN,33.25,133.25,2262980098.0,9.355
JPN,33.25,133.75,24451279.0,7.388
JPN,33.25,134.25,57151436.0,7.757
JPN,33.25,139.75,284639886.0,8.454
JPN,33.75,129.75,208058338.0,8.318
JPN,33.75,130.25,314198369432.0,11.497
JPN,33.75,130.75,279216680416.0,11.446
JPN,33.75,131.25,9420598417.0,9.974
JPN,33.75,131.75,1496054514.0,9.175
JPN,33.75,132.25,1088407618.0,9.037
JPN,33.75,132.75,37800270929.0,10.577
JPN,33.75,133.25,12481440075.0,10.096
JPN,33.75,133.75,25263392111.0,10.402
JPN,33.75,134.25,243082724.0,8.386
JPN,33.75,134.75,4728995226.0,9.675
JPN,33.75,135.25,1263708877.0,9.102
JPN,33.75,135.75,549795489.0,8.74
JPN,33.75,136.25,72131160.0,7.858
JPN,33.75,139.75,1339200.0,6.127
JPN,34.25,129.25,59738863.0,7.776
JPN,34.25,130.75,2357490997.0,9.372
JPN,34.25,131.25,10786123108.0,10.033
JPN,34.25,131.75,14758884497.0,10.169
JPN,34.25,132.25,77356297314.0,10.888
JPN,34.25,132.75,60589308574.0,10.782
JPN,34.25,133.25,20433621179.0,10.31
JPN,34.25,133.75,27750596406.0,10.443
JPN,34.25,134.25,41984431198.0,10.623
JPN,34.25,134.75,37151049906.0,10.57
JPN,34.25,135.25,231571371094.0,11.365
JPN,34.25,135.75,109946075663.0,11.041
JPN,34.25,136.25,607236761.0,8.783
JPN,34.25,136.75,7481041038.0,9.874
JPN,34.25,139.25,10679109.0,7.029
JPN,34.75,129.25,15940932.0,7.203
JPN,34.75,131.75,292856961.0,8.467
JPN,34.75,132.25,8462909661.0,9.928
JPN,34.75,132.75,6550859369.0,9.816
JPN,34.75,133.25,19021997470.0,10.279
JPN,34.75,133.75,114907643573.0,11.06
JPN,34.75,134.25,16680027669.0,10.222
JPN,34.75,134.75,214080273690.0,11.331
JPN,34.75,135.25,1617415786465.0,12.209
JPN,34.75,135.75,2417876260088.0,12.383
JPN,34.75,136.25,42483498267.0,10.628
JPN,34.75,136.75,160596323415.0,11.206
JPN,34.75,137.25,296625207555.0,11.472
JPN,34.75,137.75,102083080703.0,11.009
JPN,34.75,138.25,72590186741.0,10.861
JPN,34.75,138.75,892698720.0,8.951
JPN,34.75,139.25,1276579759.0,9.106
JPN,34.75,139.75,876436228.0,8.943
JPN,35.25,132.25,56079096.0,7.749
JPN,35.25,132.75,5546931160.0,9.744
JPN,35.25,133.25,11282246923.0,10.052
JPN,35.25,133.75,2007355083.0,9.303
JPN,35.25,134.25,4066426935.0,9.609
JPN,35.25,134.75,2426991000.0,9.385
JPN,35.25,135.25,6245601681.0,9.796
JPN,35.25,135.75,138783508204.0,11.142
JPN,35.25,136.25,73522326866.0,10.866
JPN,35.25,136.75,1569710360340.0,12.196
JPN,35.25,137.25,426919156259.0,11.63
JPN,35.25,137.75,1612081848.0,9.207
JPN,35.25,138.25,12550409380.0,10.099
JPN,35.25,138.75,85092146830.0,10.93
JPN,35.25,139.25,693859994870.0,11.841
JPN,35.25,139.75,911835274778.0,11.96
JPN,35.25,140.25,37106176566.0,10.569
JPN,35.75,133.25,9337909402.0,9.97
JPN,35.75,134.25,1068931306.0,9.029
JPN,35.75,134.75,630974709.0,8.8
JPN,35.75,135.25,986860837.0,8.994
JPN,35.75,135.75,224500446.0,8.351
JPN,35.75,136.25,13016288829.0,10.114
JPN,35.75,136.75,5082915505.0,9.706
JPN,35.75,137.25,1022953587.0,9.01
JPN,35.75,137.75,3904996164.0,9.592
JPN,35.75,138.25,10019037428.0,10.001
JPN,35.75,138.75,40082007176.0,10.603
JPN,35.75,139.25,1700714226293.0,12.231
JPN,35.75,139.75,7536122579312.0,12.877
JPN,35.75,140.25,824618262599.0,11.916
JPN,35.75,140.75,35408242391.0,10.549
JPN,36.25,133.25,64948025.0,7.813
JPN,36.25,136.25,31260360461.0,10.495
JPN,36.25,136.75,12905391985.0,10.111
JPN,36.25,137.25,772253552.0,8.888
JPN,36.25,137.75,10132384993.0,10.006
JPN,36.25,138.25,22938481887.0,10.361
JPN,36.25,138.75,30479633511.0,10.484
JPN,36.25,139.25,426738674579.0,11.63
JPN,36.25,139.75,411792452591.0,11.615
JPN,36.25,140.25,142802850628.0,11.155
JPN,36.25,140.75,42819281791.0,10.632
JPN,36.75,136.75,75344934577.0,10.877
JPN,36.75,137.25,43711731956.0,10.641
JPN,36.75,137.75,1088175780.0,9.037
JPN,36.75,138.25,25940065841.0,10.414
JPN,36.75,138.75,1584011433.0,9.2
JPN,36.75,139.25,2609746549.0,9.417
JPN,36.75,139.75,84014810511.0,10.924
JPN,36.75,140.25,11672580987.0,10.067
JPN,36.75,140.75,22311627809.0,10.349
JPN,37.25,136.75,1555884011.0,9.192
JPN,37.25,137.25,179236260.0,8.253
JPN,37.25,137.75,109945406.0,8.041
JPN,37.25,138.25,4034874529.0,9.606
JPN,37.25,138.75,10903475847.0,10.038
JPN,37.25,139.25,344374475.0,8.537
JPN,37.25,139.75,2115737796.0,9.325
JPN,37.25,140.25,28786931447.0,10.459
JPN,37.25,140.75,8443708100.0,9.927
JPN,37.75,138.25,39771189.0,7.6
JPN,37.75,138.75,22744051332.0,10.357
JPN,37.75,139.25,51635828914.0,10.713
JPN,37.75,139.75,2847243412.0,9.454
JPN,37.75,140.25,17051283788.0,10.232
JPN,37.75,140.75,8766103088.0,9.943
JPN,38.25,138.25,101890860.0,8.008
JPN,38.25,138.75,4877668.0,6.688
JPN,38.25,139.25,670816013.0,8.827
JPN,38.25,139.75,284329597.0,8.454
JPN,38.25,140.25,35588071520.0,10.551
JPN,38.25,140.75,182764236549.0,11.262
JPN,38.25,141.25,27150623869.0,10.434
JPN,38.75,139.75,3537354576.0,9.549
JPN,38.75,140.25,899938118.0,8.954
JPN,38.75,140.75,3615232623.0,9.558
JPN,38.75,141.25,6509097718.0,9.814
JPN,38.75,141.75,1326473391.0,9.123
JPN,39.25,139.75,254332756.0,8.405
JPN,39.25,140.25,1501778257.0,9.177
JPN,39.25,140.75,1952669495.0,9.291
JPN,39.25,141.25,5990209212.0,9.777
JPN,39.25,141.75,1646587512.0,9.217
JPN,39.25,142.25,8801508.0,6.945
JPN,39.75,139.75,177514112.0,8.249
JPN,39.75,140.25,13181378437.0,10.12
JPN,39.75,140.75,271602094.0,8.434
JPN,39.75,141.25,14201322785.0,10.152
JPN,39.75,141.75,322424811.0,8.508
JPN,39.75,142.25,9687325.0,6.986
JPN,40.25,139.75,19886050.0,7.299
JPN,40.25,140.25,688298282.0,8.838
JPN,40.25,140.75,580958901.0,8.764
JPN,40.25,141.25,5814692071.0,9.765
JPN,40.25,141.75,3527246084.0,9.547
JPN,40.75,139.75,7766532.0,6.89
JPN,40.75,140.25,8152885674.0,9.911
JPN,40.75,140.75,14305060095.0,10.155
JPN,40.75,141.25,15015405329.0,10.177
JPN,41.25,140.25,115801697.0,8.064
JPN,41.25,140.75,79201636.0,7.899
JPN,41.25,141.25,454533586.0,8.658
JPN,41.75,140.25,135936843.0,8.133
JPN,41.75,140.75,8811130158.0,9.945
JPN,41.75,141.25,164028223.0,8.215
JPN,41.75,143.25,2431335.0,6.386
JPN,42.25,139.25,4592686.0,6.662
JPN,42.25,139.75,37060144.0,7.569
JPN,42.25,140.25,114185492.0,8.058
JPN,42.25,140.75,4687981620.0,9.671
JPN,42.25,141.25,4971644289.0,9.697
JPN,42.25,142.25,55928474.0,7.748
JPN,42.25,142.75,85675360.0,7.933
JPN,42.25,143.25,89868541.0,7.954
JPN,42.75,139.75,4108470.0,6.614
JPN,42.75,140.25,51119531.0,7.709
JPN,42.75,140.75,834250996.0,8.921
JPN,42.75,141.25,55848563240.0,10.747
JPN,42.75,141.75,24262231002.0,10.385
JPN,42.75,142.25,107967143.0,8.033
JPN,42.75,142.75,234863124.0,8.371
JPN,42.75,143.25,8565710535.0,9.933
JPN,42.75,143.75,147048911.0,8.167
JPN,42.75,144.25,350577938.0,8.545
JPN,42.75,144.75,26500482.0,7.423
JPN,43.25,140.25,10685738.0,7.029
JPN,43.25,140.75,2037398861.0,9.309
JPN,43.25,141.25,210868815725.0,11.324
JPN,43.25,141.75,20280391582.0,10.307
JPN,43.25,142.25,393212289.0,8.595
JPN,43.25,142.75,185891380.0,8.269
JPN,43.25,143.25,524758205.0,8.72
JPN,43.25,143.75,145461242.0,8.163
JPN,43.25,144.25,2308781417.0,9.363
JPN,43.25,144.75,109926757.0,8.041
JPN,43.25,145.25,86719162.0,7.938
JPN,43.25,145.75,87607623.0,7.943
JPN,43.75,141.25,41535988.0,7.618
JPN,43.75,141.75,2076202025.0,9.317
JPN,43.75,142.25,20756543846.0,10.317
JPN,43.75,142.75,441557781.0,8.645
JPN,43.75,143.25,167745098.0,8.225
JPN,43.75,143.75,2484431951.0,9.395
JPN,43.75,144.25,844060859.0,8.926
JPN,43.75,144.75,225416968.0,8.353
JPN,43.75,145.25,60136183.0,7.779
JPN,44.25,141.75,29596442.0,7.471
JPN,44.25,142.25,462198769.0,8.665
JPN,44.25,142.75,82959197.0,7.919
JPN,44.25,143.25,184284304.0,8.265
JPN,44.25,143.75,114616501.0,8.059
JPN,44.25,144.25,180199221.0,8.256
JPN,44.25,144.75,1295244.0,6.112
JPN,44.25,145.25,15356411.0,7.186
JPN,44.75,141.75,15997778.0,7.204
JPN,44.75,142.25,27051130.0,7.432
JPN,44.75,142.75,25990365.0,7.415
JPN,44.75,143.25,659888.0,5.819
JPN,45.25,141.25,21398221.0,7.33
JPN,45.25,141.75,235093660.0,8.371
JPN,45.25,142.25,23894557.0,7.378
