Plant ID,Plant name (English),Owner,Country/Area,Region,Coordinates,Plant age (years),Parent,SOE Status,Subnational unit (province/state),Municipality,Coordinate accuracy,Main production equipment,GEM wiki page,Latitude,Longitude,start_year,workforce,sinter_ttpa,coking_ttpa,pelletizing_ttpa,ferronickel_ttpa,route,capacity_operating_ttpa,capacity_pipeline_ttpa,capacity_idle_ttpa,capacity_closed_ttpa,iron_capacity_operating_ttpa,capacity_operating_bof_ttpa,capacity_operating_eaf_ttpa,plant_status,capacity_statuses
P100000120882,Aba Iron and Steel Payas plant,ABA Çelik Demir LŞ,Türkiye,Europe,"36.7474130, 36.2173300",43.0,ABA Çelik Demir LŞ [100.0%],N/A,Hatay,Payas,exact,EAF,https://www.gem.wiki/Aba_Iron_and_Steel_Payas_plant,36.747413,36.21733,1983.0,900.0,0.0,0.0,0.0,0.0,EAF / IF (electric),1100.0,0.0,0.0,0.0,0.0,0.0,1100.0,operating,operating
P100000120753,Abba Steel Ohangwena steel plant,Abba Steel Ltd,Namibia,Africa,"-17.3978660, 15.8910220",1.0,Abba Steel Ltd [100.0%],N/A,Ohangwena,Oshikango,approximate,EAF,https://www.gem.wiki/Abba_Steel_Ohangwena_steel_plant,-17.397866,15.891022,2025.0,5500.0,,0.0,,0.0,EAF / IF (electric),0.0,3000.0,0.0,0.0,,,,construction,construction
P100000120802,Abinsk Electric Steel Works,Abinski Elektrometallurgicheski Zavod LLC,Russia,Eurasia,"44.8819380, 38.1275100",12.0,Novostal-M LLC [100.0%],N/A,Krasnodar,Abinsk,exact,EAF,https://www.gem.wiki/Abinsk_Electric_Steel_Works,44.881938,38.12751,2014.0,4500.0,0.0,0.0,0.0,0.0,EAF / IF (electric),1600.0,0.0,0.0,0.0,0.0,0.0,1600.0,operating,operating
P100000120020,Abul Khair Steel Sitakunda plant,Abul Khair Steel Ltd,Bangladesh,Asia Pacific,"22.4720080, 91.7348270",11.0,Abul Khair Ltd,N/A,Chittagong,Sitakunda,exact,EAF,https://www.gem.wiki/Abul_Khair_Steel_Sitakunda_plant,22.472008,91.734827,2015.0,,0.0,0.0,0.0,0.0,EAF / IF (electric),1400.0,0.0,0.0,0.0,0.0,0.0,1400.0,operating,operating
P100000120620,Acciaierie d'Italia Taranto steel plant,Acciaierie d'italia SpA,Italy,Europe,"40.5089930, 17.2075890",61.0,Acciaierie d'italia SpA [100.0%],Full,Province of Taranto,Taranto,exact,DRI; EAF; BF; BOF,https://www.gem.wiki/Acciaierie_d'Italia_Taranto_steel_plant,40.508993,17.207589,1965.0,11000.0,,,0.0,0.0,BF-BOF (coal-based),7800.0,6000.0,0.0,0.0,4000.0,7800.0,0.0,operating pre-retirement,operating pre-retirement; announced; mothballed pre-retirement; retired
P100000120634,Acciaierie Venete Borgo Valsugana steel plant,Acciaierie Venete SpA,Italy,Europe,"46.0491820, 11.4403940",47.0,Acciaierie Venete SpA [100.0%],N/A,Province of Trentino-Alto Adige,Borgo Valsugana,exact,EAF,https://www.gem.wiki/Acciaierie_Venete_Borgo_Valsugana_steel_plant,46.049182,11.440394,1979.0,115.0,0.0,0.0,0.0,0.0,EAF / IF (electric),600.0,0.0,0.0,0.0,0.0,0.0,600.0,operating,operating
P100000120636,Acciaierie Venete Padua steel plant,Acciaierie Venete SpA,Italy,Europe,"45.4191680, 11.9066250",35.0,Acciaierie Venete SpA [100.0%],N/A,Province of Podova,Camin,exact,EAF,https://www.gem.wiki/Acciaierie_Venete_Padua_steel_plant,45.419168,11.906625,1991.0,601.0,0.0,0.0,0.0,0.0,EAF / IF (electric),600.0,750.0,0.0,0.0,0.0,0.0,600.0,operating,operating; announced
P100000120635,Acciaierie Venete Sarezzo steel plant,Acciaierie Venete SpA,Italy,Europe,"45.6486910, 10.2091140",59.0,Acciaierie Venete SpA [100.0%],N/A,Province of Brescia,Sarezzo,exact,EAF,https://www.gem.wiki/Acciaierie_Venete_Sarezzo_steel_plant,45.648691,10.209114,1967.0,139.0,0.0,0.0,0.0,0.0,EAF / IF (electric),540.0,0.0,0.0,0.0,0.0,0.0,540.0,operating,operating
P100000120005,Aceria Angola Bengo steel plant,Ada - Aceria De Angola SA,Angola,Africa,"-8.5824000, 13.4052710",11.0,Sa Machado Lda,N/A,Bengo,Barra de Dande,exact,IF,https://www.gem.wiki/Aceria_Angola_Bengo_steel_plant,-8.5824,13.405271,2015.0,600.0,,,,,EAF / IF (electric),500.0,0.0,0.0,0.0,0.0,0.0,0.0,operating,operating
P100000121029,Acerinox Columbus Stainless steel plant,Columbus Stainless (Pty) Ltd,South Africa,Africa,"-25.7963130, 29.4979720",60.0,Acerinox SA [76.0%]; Industrial Development Corporation of South Africa Ltd [24.0%],Partial,Mpumalanga,Middelburg,exact,EAF,https://www.gem.wiki/Acerinox_Columbus_Stainless_steel_plant,-25.796313,29.497972,1966.0,1319.0,0.0,0.0,0.0,0.0,EAF / IF (electric),850.0,0.0,0.0,0.0,0.0,0.0,850.0,operating,operating
P100000120454,Acerinox Europa Los Barrios steel plant,Acerinox Europa SAU,Spain,Europe,"36.1816860, -5.4266260",56.0,Acerinox SA [100.0%],N/A,Cádiz,Los Barrios,exact,EAF,https://www.gem.wiki/Acerinox_Europa_Los_Barrios_steel_plant,36.181686,-5.426626,1970.0,1746.0,0.0,0.0,0.0,0.0,EAF / IF (electric),1200.0,0.0,0.0,0.0,0.0,0.0,1200.0,operating,operating
P100000120768,Aceros Arequipa Pisco steel plant,Corporacion Aceros Arequipa SA,Peru,Central & South America,"-13.7886220, -76.1681730",39.0,Corporacion Aceros Arequipa SA [100.0%],N/A,Ica,Pisco,exact,EAF; DRI,https://www.gem.wiki/Aceros_Arequipa_Pisco_steel_plant,-13.788622,-76.168173,1987.0,730.0,,0.0,,0.0,EAF / IF (electric),1250.0,0.0,850.0,0.0,0.0,0.0,1250.0,operating,operating; mothballed
P100001045296,Action Ispat and Power Jharsuguda steel plant,Action Ispat and Power Pvt Ltd,India,Asia Pacific,"21.8397590, 83.9822270",,Action Ispat and Power Pvt Ltd [100.0%],N/A,Odisha,Pandripathar,exact,DRI; IF; Steel other/unspecified,https://www.gem.wiki/Action_Ispat_and_Power_Jharsuguda_steel_plant,21.839759,83.982227,,,,0.0,,0.0,DRI-EAF,375.0,7125.0,0.0,0.0,220.0,0.0,0.0,operating,operating; announced
P100001025815,Adhunik Metaliks Kuanrmunda steel plant,Adhunik Metaliks Ltd,India,Asia Pacific,"22.3083710, 84.7635840",22.81,natural person(s) [36.1%]; small shareholder(s) [28.8%]; Mahanada Suppliers Pvt Ltd [22.6%]; Sunrwoth Stocks Pvt Ltd [12.5%],N/A,Odisha,Kuanrmunda,exact,BF; DRI; EAF,https://www.gem.wiki/Adhunik_Metaliks_Kuanrmunda_steel_plant,22.308371,84.763584,2003.0,1500.0,,,,,Mixed (BF-BOF + electric),500.0,0.0,0.0,0.0,330.0,0.0,500.0,operating,operating
P100000120757,African Natural Resources and Mines Kaduna steel plant,African Natural Resources & Mines Ltd,Nigeria,Africa,"9.4627150, 7.3680000",1.45,African Industries Ltd,N/A,Kaduna State,Kagarko,exact,DRI; Steel other/unspecified,https://www.gem.wiki/African_Natural_Resources_and_Mines_Kaduna_steel_plant,9.462715,7.368,2024.0,3500.0,,0.0,5400.0,0.0,DRI (ironmaking only),0.0,1000.0,0.0,0.0,1000.0,0.0,0.0,operating,operating; construction
P100000120624,AFV Accaierie Beltrame Vicenza steel plant,AFV Acciaierie Beltrame SpA,Italy,Europe,"45.5220970, 11.4992950",50.0,Beltrame Holding SpA [91.9%]; unknown [8.1%],N/A,Province of Vicenza,Vicenza,exact,EAF,https://www.gem.wiki/AFV_Accaierie_Beltrame_Vicenza_steel_plant,45.522097,11.499295,1976.0,419.0,0.0,0.0,0.0,0.0,EAF / IF (electric),1200.0,0.0,0.0,0.0,0.0,0.0,1200.0,operating,operating
P100000121240,AFV Donalam Targoviste steel plant,Donalam SRL,Romania,Europe,"44.9045690, 25.4581240",53.0,Beltrame Holding SpA [86.1%]; unknown [7.6%],N/A,Județul Dâmbovița,Târgoviște,exact,EAF,https://www.gem.wiki/AFV_Donalam_Targoviste_steel_plant,44.904569,25.458124,1973.0,730.0,0.0,0.0,0.0,0.0,EAF / IF (electric),300.0,300.0,0.0,0.0,0.0,0.0,300.0,operating pre-retirement,operating pre-retirement; construction
P100000120423,AG der Dillinger Hüttenwerke Dillingen steel plant,AG der Dillinger Hüttenwerke AG,Germany,Europe,"49.3538840, 6.7466030",57.0,Montan-Stiftung-Saar [50.9%]; ArcelorMittal SA [29.8%]; unknown [8.7%],N/A,Saarland,Dillengen,exact,DRI; EAF; BF; BOF,https://www.gem.wiki/AG_der_Dillinger_Hüttenwerke_Dillingen_steel_plant,49.353884,6.746603,1969.0,3600.0,0.0,0.0,0.0,0.0,BF-BOF (coal-based),2760.0,3150.0,0.0,0.0,4782.0,2760.0,0.0,operating pre-retirement,operating pre-retirement; construction; announced; mothballed
P100000120494,AG Sidegua Masagua steel plant,Corporación AG SA,Guatemala,Central & South America,"14.2320070, -90.8154440",32.0,Fundacion Jose Luis Gabriel; Industrial Assets Fund LP,N/A,Escuintla,Masagua,exact,EAF,https://www.gem.wiki/AG_Sidegua_Masagua_steel_plant,14.232007,-90.815444,1994.0,1080.0,0.0,0.0,0.0,0.0,EAF / IF (electric),500.0,0.0,0.0,0.0,0.0,0.0,500.0,operating,operating
P100000120782,Agha Steel Industries Karachi plant,Agha Steel Industries Ltd,Pakistan,Asia Pacific,"24.8418510, 67.3101590",14.14,Agha Steel Industries Ltd [100.0%],N/A,Sindh,Karachi,exact,EAF; BF,https://www.gem.wiki/Agha_Steel_Industries_Karachi_plant,24.841851,67.310159,2012.0,,,,,,EAF / IF (electric),450.0,0.0,0.0,0.0,0.0,0.0,450.0,operating,operating; announced
P100000121224,Ahya Steel Folad Baft Company DRI plant,Ahya Steel Folad Baft Co,Iran,Middle East,"29.2891090, 56.4907070",7.0,Bank of Industry and Mine (Iran); Tourism Financial Group,Partial,Kerman,Baft,exact,DRI,https://www.gem.wiki/Ahya_Steel_Folad_Baft_Company_DRI_plant,29.289109,56.490707,2019.0,700.0,,0.0,,0.0,DRI (ironmaking only),0.0,0.0,0.0,0.0,1600.0,0.0,0.0,operating,operating
P100000120644,Aichi Steel Chita plant (Tokai),Aichi Steel Corp,Japan,Asia Pacific,"35.0445580, 136.9007720",83.0,Aichi Steel Corp [100.0%],N/A,Chūbu,Chita,exact,EAF,https://www.gem.wiki/Aichi_Steel_Chita_plant_(Tokai),35.044558,136.900772,1943.0,965.0,0.0,0.0,0.0,0.0,EAF / IF (electric),1495.0,0.0,0.0,0.0,0.0,0.0,1495.0,operating,operating
P100000120756,Ajaokuta Steel plant,Ajaokuta Steel Co Ltd,Nigeria,Africa,"7.5113360, 6.6893640",,Ajaokuta Steel Co Ltd [100.0%],Full,Kogi State,Ajaokuta,exact,BF; BOF,https://www.gem.wiki/Ajaokuta_Steel_plant,7.511336,6.689364,,10000.0,2610.0,880.0,,,BF-BOF (coal-based),0.0,1300.0,0.0,0.0,,,,construction,construction
P100000121166,Aktobe Generatsiya steel plant,Aktobe Generatsiya LLC,Kazakhstan,Eurasia,"50.3551170, 57.1451190",0.05,Aktobe Generatsiya LLC [100.0%],N/A,Aktobe,Aktobe,approximate,BF; BOF,https://www.gem.wiki/Aktobe_Generatsiya_steel_plant,50.355117,57.145119,,2600.0,1300.0,,,,BF-BOF (coal-based),0.0,818.0,0.0,0.0,,,,announced,announced
P100000120840,Al Atoun Yanbu steel plant,Al Atoun Steel Industries,Saudi Arabia,Middle East,"24.0290000, 38.1800770",,Al Atoun Steel Industries [100.0%],N/A,Medina Province,Yanbu,approximate,EAF,https://www.gem.wiki/Al_Atoun_Yanbu_steel_plant,24.029,38.180077,,,0.0,0.0,0.0,0.0,EAF / IF (electric),0.0,0.0,0.0,910.0,,,,cancelled,cancelled
P100000120835,Al Ittefaq Arab Steel Dammam plant,Arab Steel Co,Saudi Arabia,Middle East,"26.2779170, 49.9491770",37.0,Hilal Al-Tuwairqi [60.0%]; unknown [40.0%],N/A,Eastern Province,Dammam,exact,DRI; EAF,https://www.gem.wiki/Al_Ittefaq_Arab_Steel_Dammam_plant,26.277917,49.949177,1989.0,350.0,,0.0,2500.0,0.0,DRI-EAF,2600.0,1900.0,0.0,0.0,1400.0,0.0,2600.0,operating,operating; announced
P100000120836,Al Ittefaq National Steel Dammam plant,National Steel Co,Saudi Arabia,Middle East,"26.2447860, 49.9690640",22.0,Hilal Al-Tuwairqi; unknown,N/A,Eastern Province,Dammam,exact,EAF,https://www.gem.wiki/Al_Ittefaq_National_Steel_Dammam_plant,26.244786,49.969064,2004.0,,,0.0,,0.0,EAF / IF (electric),1000.0,0.0,0.0,0.0,0.0,0.0,1000.0,operating,operating
P100000121248,Al Qaryan steel plant,Al Qaryan Steel Co,Saudi Arabia,Middle East,"26.2807410, 49.9567550",9.0,Al Qaryan Group [75.0%]; Al Wabel for Trading and Industry [25.0%],N/A,Dammam,Dammam Industrial City,exact,IF; EAF,https://www.gem.wiki/Al_Qaryan_steel_plant,26.280741,49.956755,2017.0,,0.0,0.0,0.0,0.0,EAF / IF (electric),350.0,300.0,0.0,0.0,0.0,0.0,0.0,operating,operating; announced
P100000120446,Al-Ezz Dekheila Steel Alexandria plant,Al Ezz Dekheila Steel Company Alexandria SAE,Egypt,Africa,"31.1234670, 29.8098700",40.0,Al Ezz Dekheila Steel Company Alexandria SAE [100.0%],N/A,Alexandria,Alexandria,exact,DRI; EAF,https://www.gem.wiki/Al-Ezz_Dekheila_Steel_Alexandria_plant,31.123467,29.80987,1986.0,3756.0,,0.0,,0.0,DRI-EAF,3340.0,0.0,0.0,0.0,2320.0,0.0,3340.0,operating,operating
P100000120905,Alchevsk Metallurgical Plant,Alchevsk Metallurgical Plant PJSC,Ukraine,Europe,"48.4781110, 38.7707870",130.0,Southern Mining and Metallurgical Complex LLC,N/A,Luhansk,Alchevsk,exact,BF; BOF,https://www.gem.wiki/Alchevsk_Metallurgical_Plant,48.478111,38.770787,1896.0,10000.0,5400.0,989.0,,,BF-BOF (coal-based),5472.0,0.0,0.0,0.0,5239.0,5472.0,0.0,operating,operating; mothballed; retired
P100000120623,Alfa Acciai Brescia steel plant,Alfa Acciai SpA,Italy,Europe,"45.5086980, 10.2484640",71.0,Siderurgica Investimenti SRL,N/A,Province of Brescia,Brescia,exact,EAF,https://www.gem.wiki/Alfa_Acciai_Brescia_steel_plant,45.508698,10.248464,1955.0,300.0,0.0,0.0,0.0,0.0,EAF / IF (electric),2000.0,0.0,0.0,0.0,0.0,0.0,2000.0,operating,operating
P100000120637,Alfa Acciai Catania steel plant,Acciaierie di Sicilia SpA,Italy,Europe,"37.4384480, 15.0328700",28.0,Siderurgica Investimenti SRL,N/A,Province of Sicily,Catania,exact,EAF,https://www.gem.wiki/Alfa_Acciai_Catania_steel_plant,37.438448,15.03287,1998.0,176.0,0.0,0.0,0.0,0.0,EAF / IF (electric),500.0,0.0,0.0,0.0,0.0,0.0,500.0,operating,operating
P100000120439,Algerian Qatari Steel Jijel plant,Algerian Qatari Steel,Algeria,Africa,"36.7539610, 6.2444200",9.0,Industries Qatar QPSC [49.0%]; FNI - Fonds National d’Investissement [5.0%]; Groupe Industriel Sider SpA,Partial,Jijel,El-Milia,exact,DRI; EAF,https://www.gem.wiki/Algerian_Qatari_Steel_Jijel_plant,36.753961,6.24442,2017.0,2800.0,,0.0,,0.0,DRI-EAF,2100.0,2200.0,0.0,0.0,2500.0,0.0,2100.0,operating,operating; announced
P100000120059,Algoma steel plant,Algoma Steel Group Inc,Canada,North America,"46.5189840, -84.3740680",125.0,Algoma Steel Group Inc [100.0%],N/A,Ontario,Sault Ste. Marie,exact,EAF; BF; BOF,https://www.gem.wiki/Algoma_steel_plant,46.518984,-84.374068,1901.0,2780.0,,0.0,,,EAF / IF (electric),1850.0,1850.0,0.0,3700.0,0.0,0.0,1850.0,operating,operating; construction; retired
P100000120750,Alliance Steel Kuantan plant,Alliance Steel (M) Sdn Bhd,Malaysia,Asia Pacific,"4.0075950, 103.3444580",9.0,Guangxi Beibu Gulf International Port Group Co Ltd [50.0%]; Guangxi Shenglong Metallurgical Co Ltd [50.0%],Partial,Pahang,Kuantan,exact,BF; BOF; Iron other/unspecified; Steel other/unspecified,https://www.gem.wiki/Alliance_Steel_Kuantan_plant,4.007595,103.344458,2017.0,3500.0,,1100.0,720.0,,BF-BOF (coal-based),3500.0,6500.0,0.0,0.0,3500.0,3500.0,0.0,operating,operating; announced
P100001063588,Alter Steel Pinkenba steel plant,Equest Steel Pty Ltd,Australia,Asia Pacific,"-27.4208300, 153.1277150",,Westview Group,N/A,Queensland,Pinkenba,approximate,EAF,https://www.gem.wiki/Alter_Steel_Pinkenba_steel_plant,-27.42083,153.127715,2027.0,216.0,0.0,0.0,0.0,0.0,EAF / IF (electric),0.0,500.0,0.0,0.0,,,,announced,announced
P100000120998,Alton Steel plant,Alton Steel Inc,United States,North America,"38.8844650, -90.1457900",23.0,Alton Steel Inc [100.0%],N/A,Illinois,Alton,exact,EAF,https://www.gem.wiki/Alton_Steel_plant,38.884465,-90.14579,2003.0,250.0,0.0,0.0,0.0,0.0,EAF / IF (electric),0.0,0.0,0.0,680.0,,,,retired,retired
P100000120724,Altos Hornos De Mexico SA (AHMSA) steel plant,Altos Hornos de Mexico SAB de CV,Mexico,North America,"26.8768890, -101.4166120",82.0,Grupo Acerero del Norte SA de CV [64.0%]; small shareholder(s) [36.0%],N/A,Coahuila,Monclova,exact,BF; BOF; EAF,https://www.gem.wiki/Altos_Hornos_De_Mexico_SA_(AHMSA)_steel_plant,26.876889,-101.416612,1944.0,7366.0,2263.0,821.0,4200.0,,Mixed (BF-BOF + electric),0.0,0.0,5500.0,0.0,,,,mothballed,mothballed
P100001064479,Amir Azerbaijan Steel plant,AFA Steel,Iran,Middle East,"46.8436970, 46.8436970",5.0,AFA Steel [100.0%],N/A,East Azerbaijan,Bostan Abad,approximate,IF,https://www.gem.wiki/Amir_Azerbaijan_Steel_plant,46.843697,46.843697,2021.0,300.0,,0.0,,0.0,EAF / IF (electric),500.0,0.0,0.0,0.0,0.0,0.0,0.0,operating,operating
P100000121247,Amirkabir Arak Steel plant,Amir Kabir Arak Steel Co,Iran,Middle East,"34.0833790, 49.7524510",,Amirkabir Khazar Steel Co,N/A,Markazi,Arak,approximate,DRI; EAF,https://www.gem.wiki/Amirkabir_Arak_Steel_plant,34.083379,49.752451,,400.0,,0.0,,0.0,DRI-EAF,0.0,513.0,0.0,0.0,,,,construction,construction
P100000121232,Amreli Steels Dhabeji plant,Amreli Steels Ltd,Pakistan,Asia Pacific,"24.8003260, 67.5048510",15.0,Amreli Steels Ltd [100.0%],N/A,Sindh,Dhabeji,exact,IF; Steel other/unspecified,https://www.gem.wiki/Amreli_Steels_Dhabeji_plant,24.800326,67.504851,2011.0,757.0,,,,,EAF / IF (electric),600.0,0.0,0.0,400.0,0.0,0.0,0.0,operating,operating; cancelled
P100000120803,Amurstal steel plant,Amurstal LLC,Russia,Eurasia,"50.5631310, 136.9763620",84.0,Armada JSC [100.0%],N/A,Khabarovsk,Komsomolsk-on-Amur,exact,EAF; DRI,https://www.gem.wiki/Amurstal_steel_plant,50.563131,136.976362,1942.0,2277.0,0.0,0.0,0.0,0.0,EAF / IF (electric),1150.0,0.0,1000.0,850.0,0.0,0.0,1150.0,operating,operating; mothballed; cancelled
P100000120163,Angang Group Xinyang Iron and Steel Co Ltd,"Xinyang Iron & Steel Co.,ltd of Angang Group",China,Asia Pacific,"32.4887040, 114.0382430",55.0,natural person(s) [65.2%]; Henan PROVINCE HENGCHANG Trading Co Ltd [15.8%]; unknown [10.4%]; Henan State Owned Capital Operation Group Co Ltd [8.6%],Partial,Henan,Minggang,exact,BF; BOF,https://www.gem.wiki/Angang_Group_Xinyang_Iron_and_Steel_Co_Ltd,32.488704,114.038243,1971.0,3711.0,,600.0,,,BF-BOF (coal-based),3600.0,0.0,0.0,0.0,2988.0,3600.0,0.0,operating,operating; retired
P100000120089,Angang Lianzhong Stainless Steel Co Ltd,Angang Lianzhong Stainless Steel Corp,China,Asia Pacific,"23.1268220, 113.5058170",25.0,Ansteel Group Co Ltd [60.0%]; Lianzhong Co Ltd [18.2%]; power rich Co Ltd [17.4%]; unknown [4.4%],N/A,Guangdong,Economic and Technological Development Zone,exact,EAF,https://www.gem.wiki/Angang_Lianzhong_Stainless_Steel_Co_Ltd,23.126822,113.505817,2001.0,1764.0,0.0,0.0,0.0,0.0,EAF / IF (electric),1900.0,0.0,0.0,0.0,0.0,0.0,1900.0,operating,operating
P100000120219,Angang Steel Co Ltd,Angang Steel Co Ltd,China,Asia Pacific,"41.1482670, 122.9830540",27.43,Angang Steel Co Ltd [100.0%],N/A,Liaoning,unknown,exact,BF; BOF; DRI,https://www.gem.wiki/Angang_Steel_Co_Ltd,41.148267,122.983054,1998.0,31456.0,,,,,BF-BOF (coal-based),20650.0,0.0,0.0,3450.0,16610.0,20650.0,0.0,operating,operating; announced; retired
P100000120220,Angang Steel Co Ltd Bayuquan branch,Angang Steel Co Ltd,China,Asia Pacific,"40.3084940, 122.1307900",20.0,Angang Steel Co Ltd [100.0%],N/A,Liaoning,Yingkou Economic and Technological Development Zone,exact,BF; BOF,https://www.gem.wiki/Angang_Steel_Co_Ltd_Bayuquan_branch,40.308494,122.13079,2006.0,4072.0,,,,,BF-BOF (coal-based),7500.0,0.0,0.0,0.0,6400.0,7500.0,0.0,operating,operating
P100000120070,Anhui Changjiang Steel Co Ltd,Anhui Changjiang Steel Co Ltd,China,Asia Pacific,"31.5022720, 118.4651620",23.0,Maanshan Iron & Steel Co Ltd [55.0%]; natural person(s) [37.2%]; unknown [7.8%],N/A,Anhui,unknown,exact,BF; BOF; EAF,https://www.gem.wiki/Anhui_Changjiang_Steel_Co_Ltd,31.502272,118.465162,2003.0,3705.0,1375.0,,,,Mixed (BF-BOF + electric),3800.0,0.0,0.0,0.0,3340.0,2700.0,1100.0,operating,operating
P100000120071,Anhui Guihang Special Steel Co Ltd,Anhui Guihang Special Steel Co Ltd,China,Asia Pacific,"30.5310680, 117.2511470",15.89,Anhui Guihang Special Steel Co Ltd [100.0%],N/A,Anhui,Chizhou,exact,BF; BOF,https://www.gem.wiki/Anhui_Guihang_Special_Steel_Co_Ltd,30.531068,117.251147,2010.0,3000.0,,,,,BF-BOF (coal-based),2700.0,0.0,0.0,0.0,2080.0,2700.0,0.0,operating,operating
P100000120391,Anhui Jin an Stainless Steel Casting Co Ltd,Anhui Jin'an Stainless Steel Foundry Co Ltd,China,Asia Pacific,"31.7639560, 115.9243720",4.0,Anhui Xinda Steel Development Co Ltd [100.0%],N/A,Anhui,Lu'an,exact,EAF,https://www.gem.wiki/Anhui_Jin_an_Stainless_Steel_Casting_Co_Ltd,31.763956,115.924372,2022.0,279.0,0.0,0.0,0.0,0.0,EAF / IF (electric),500.0,0.0,0.0,0.0,0.0,0.0,500.0,operating,operating
P100000120417,Anhui Jingxian Longxin Iron and Steel Co Ltd,Anhui Jingxian Longxin Iron and Steel Co Ltd,China,Asia Pacific,"30.7090580, 118.4366380",18.0,Anhui Jingxian Longxin Iron and Steel Co Ltd [100.0%],N/A,Anhui,Xuancheng,exact,EAF,https://www.gem.wiki/Anhui_Jingxian_Longxin_Iron_and_Steel_Co_Ltd,30.709058,118.436638,2008.0,454.0,0.0,0.0,0.0,0.0,EAF / IF (electric),500.0,0.0,0.0,500.0,0.0,0.0,500.0,operating,operating; retired
P100000120402,Anhui Langxi Hongtai Iron and Steel Co Ltd,Anhui Langxi County Fuhang Steel Co Ltd,China,Asia Pacific,"31.2466350, 119.1204430",24.0,Anhui Langxi County Fuhang Steel Co Ltd [100.0%],N/A,Anhui,Xuancheng,exact,EAF,https://www.gem.wiki/Anhui_Langxi_Hongtai_Iron_and_Steel_Co_Ltd,31.246635,119.120443,2002.0,541.0,0.0,0.0,0.0,0.0,EAF / IF (electric),1000.0,0.0,0.0,1100.0,0.0,0.0,1000.0,operating,operating; retired
P100001025923,Anhui Lixin Special Steel Co Ltd,"Guangde Xinyuanda Metal Products Co., Ltd. Co Ltd",China,Asia Pacific,"31.0494162, 119.5296269",14.24,"Guangde Xinyuanda Metal Products Co., Ltd. Co Ltd [100.0%]",N/A,Anhui,Guangde,exact,EAF,https://www.gem.wiki/Anhui_Lixin_Special_Steel_Co_Ltd,31.0494162,119.5296269,2011.0,335.0,0.0,0.0,0.0,0.0,EAF / IF (electric),500.0,0.0,0.0,0.0,0.0,0.0,500.0,operating,operating
P100000120313,Anhui Shoukuang Dachang Metal Material Co Ltd,Anhui Shoukuang Dachang Metal Material Co Ltd,China,Asia Pacific,"32.3291710, 115.9549630",16.0,CSCEC Rongdong Investment Holding Co Ltd [89.0%]; Fang TongZhou Holding Co Ltd [7.9%]; unknown [3.1%],N/A,Anhui,liuan,exact,BF; BOF,https://www.gem.wiki/Anhui_Shoukuang_Dachang_Metal_Material_Co_Ltd,32.329171,115.954963,2010.0,3955.0,,1200.0,,,BF-BOF (coal-based),3000.0,0.0,0.0,0.0,7442.0,3000.0,0.0,operating,operating
P100000120748,Ann Joo Integrated Steel Penang plant,Ann Joo Integrated Steel Sdn Bhd,Malaysia,Asia Pacific,"5.3803910, 100.3775980",19.0,Ann Joo Resources Bhd [100.0%],N/A,Penang,Prai,exact,BF; EAF,https://www.gem.wiki/Ann_Joo_Integrated_Steel_Penang_plant,5.380391,100.377598,2007.0,663.0,,,,,Mixed (BF-BOF + electric),900.0,0.0,0.0,0.0,500.0,0.0,900.0,operating,operating
P100000120749,Ann Joo Steel Selangor plant,Ann Joo Steel Bhd,Malaysia,Asia Pacific,"3.0425850, 101.5370110",65.0,Ann Joo Resources Bhd [100.0%],N/A,Selangor,Shah Alam,exact,EAF,https://www.gem.wiki/Ann_Joo_Steel_Selangor_plant,3.042585,101.537011,1961.0,663.0,0.0,0.0,0.0,0.0,EAF / IF (electric),820.0,0.0,0.0,0.0,0.0,0.0,820.0,operating,operating
P100000120231,Anshan Baode Iron and Steel Co Ltd,Anshan Baode Iron & Steel Co Ltd,China,Asia Pacific,"41.1736130, 122.9455010",26.73,Anshan Baode Iron & Steel Co Ltd [100.0%],N/A,Liaoning,unknown,exact,BF; BOF,https://www.gem.wiki/Anshan_Baode_Iron_and_Steel_Co_Ltd,41.173613,122.945501,1999.0,2235.0,2395.0,,,,BF-BOF (coal-based),1800.0,0.0,0.0,0.0,1150.0,1800.0,0.0,operating,operating
P100000120509,Anshan Iron and Steel Central Sulawesi steel plant,Anshan Iron and Steel Group Co Ltd,Indonesia,Asia Pacific,"-4.2442630, 122.3712210",,Ansteel Group Co Ltd [100.0%],N/A,Central Sulawesi,unknown,approximate,BOF; Iron other/unspecified,https://www.gem.wiki/Anshan_Iron_and_Steel_Central_Sulawesi_steel_plant,-4.244263,122.371221,,,,,,,BF-BOF (coal-based),0.0,0.0,0.0,5000.0,,,,cancelled,cancelled
P100000120221,Ansteel Group Chaoyang Steel and Iron Co Ltd,Angang Steel Co Ltd,China,Asia Pacific,"41.5289450, 120.3699830",18.59,Angang Steel Co Ltd [100.0%],N/A,Liaoning,Xidayingzi,exact,BF; BOF,https://www.gem.wiki/Ansteel_Group_Chaoyang_Steel_and_Iron_Co_Ltd,41.528945,120.369983,2007.0,2050.0,,,,,BF-BOF (coal-based),2100.0,0.0,0.0,0.0,2600.0,2100.0,0.0,operating,operating
P100000120170,Anyang Huixin Special Steel Co Ltd,Anyang Huixin Special Steel Co Ltd,China,Asia Pacific,"36.1524180, 114.1583900",21.0,"Henan Jingchang Coal Chemical Co Ltd [90.0%]; Henan Xinlei Group HOLDINGS Co Ltd [6.2%]; Henan LIYUAN Coking Group Co Ltd [1.3%]; Henan Shuncheng Group,coal Co Ltd [1.3%]; Henan Yulong Coking Co Ltd [1.3%]",N/A,Henan,Anyang,exact,BF; BOF,https://www.gem.wiki/Anyang_Huixin_Special_Steel_Co_Ltd,36.152418,114.15839,2004.0,,,,,,BF-BOF (coal-based),0.0,0.0,0.0,1200.0,,,,retired,retired
P100000120160,Anyang Iron and Steel Co Ltd,Anyang Iron & Steel Co Ltd,China,Asia Pacific,"36.1221290, 114.2831450",68.0,Anyang Iron & Steel Co Ltd [100.0%],N/A,Henan,Anyang,exact,BF; BOF; EAF,https://www.gem.wiki/Anyang_Iron_and_Steel_Co_Ltd,36.122129,114.283145,1958.0,12094.0,,,,,Mixed (BF-BOF + electric),1300.0,0.0,0.0,1200.0,7969.0,0.0,1300.0,operating,operating; operating pre-retirement; retired
P100000120166,Anyang Xinpu Steel Co Ltd,Anyang Xinpu Steel Co Ltd,China,Asia Pacific,"36.1632030, 114.2962230",20.41,natural person(s) [49.0%]; Minyuan Iron and Steel Group Co Ltd [34.0%]; Fujian Mingfa Investment Co Ltd [17.0%],N/A,Henan,Anyang,exact,BF; BOF,https://www.gem.wiki/Anyang_Xinpu_Steel_Co_Ltd,36.163203,114.296223,2005.0,,,,,,BF-BOF (coal-based),0.0,0.0,0.0,2000.0,,,,retired,retired
P100000120029,Aperam Stainless Belgium Châtelet steel plant,Aperam Stainless Belgium NV,Belgium,Europe,"50.4149980, 4.5324430",50.0,Aperam SA [100.0%],N/A,Wallonie,Châtelet,exact,EAF,https://www.gem.wiki/Aperam_Stainless_Belgium_Châtelet_steel_plant,50.414998,4.532443,1976.0,1998.0,0.0,0.0,0.0,,EAF / IF (electric),1000.0,0.0,0.0,0.0,0.0,0.0,1000.0,operating,operating
P100000120028,Aperam Stainless Belgium Genk steel plant,Aperam Stainless Belgium NV,Belgium,Europe,"50.9339730, 5.5114940",56.0,Aperam SA [100.0%],N/A,Limburg,Genk,exact,EAF,https://www.gem.wiki/Aperam_Stainless_Belgium_Genk_steel_plant,50.933973,5.511494,1970.0,1192.0,0.0,0.0,0.0,,EAF / IF (electric),1200.0,0.0,0.0,0.0,0.0,0.0,1200.0,operating,operating
P100000120053,Aperam Timóteo steel plant,Aperam Inox America do Sul SA,Brazil,Central & South America,"-19.5312720, -42.6399790",77.0,Aperam SA,N/A,Minas Gerais,Timóteo,exact,BF; EAF,https://www.gem.wiki/Aperam_Timóteo_steel_plant,-19.531272,-42.639979,1949.0,3598.0,0.0,0.0,,,Mixed (BF-BOF + electric),900.0,0.0,0.0,0.0,701.0,0.0,900.0,operating,operating
P100000121217,Arabian Gulf Steel Industries Abu Dhabi plant,Arabian Gulf Steel Industries Selling Port LLC,United Arab Emirates,Middle East,"24.2833350, 54.4633840",18.0,Arabian Gulf Steel Industries Selling Port LLC [100.0%],N/A,Abu Dhabi,Musaffah Industrial Zone,exact,IF,https://www.gem.wiki/Arabian_Gulf_Steel_Industries_Abu_Dhabi_plant,24.283335,54.463384,2008.0,750.0,0.0,0.0,0.0,0.0,EAF / IF (electric),600.0,0.0,0.0,0.0,0.0,0.0,0.0,operating,operating
P100000120006,ArcelorMittal Acindar Villa Constitución steel plant,Acindar Industria Argentina de Aceros SA,Argentina,Central & South America,"-33.2499360, -60.3004150",80.0,ArcelorMittal SA [100.0%],N/A,Santa Fe,Villa Constitución,exact,DRI; EAF,https://www.gem.wiki/ArcelorMittal_Acindar_Villa_Constitución_steel_plant,-33.249936,-60.300415,1946.0,1594.0,,0.0,,0.0,DRI-EAF,2000.0,0.0,0.0,0.0,600.0,0.0,2000.0,operating,operating
P100000120459,ArcelorMittal Asturias (Aviles) steel plant,ArcelorMittal España SA,Spain,Europe,"43.5547410, -5.8725900",76.0,ArcelorMittal SA [99.8%]; small shareholder(s) [0.2%],N/A,Asturias,Aviles,exact,BOF,https://www.gem.wiki/ArcelorMittal_Asturias_(Aviles)_steel_plant,43.554741,-5.87259,1950.0,3205.0,0.0,0.0,0.0,0.0,BF-BOF (coal-based),4200.0,0.0,0.0,0.0,0.0,4200.0,0.0,operating,operating
P100000120452,ArcelorMittal Asturias (Gijón) steel plant,ArcelorMittal España SA,Spain,Europe,"43.5250920, -5.7319260",55.0,ArcelorMittal SA [99.8%]; small shareholder(s) [0.2%],N/A,Asturias,Gijon,exact,BOF; DRI; EAF; BF,https://www.gem.wiki/ArcelorMittal_Asturias_(Gijón)_steel_plant,43.525092,-5.731926,1971.0,3375.0,,0.0,0.0,,BF-BOF (coal-based),1200.0,1100.0,0.0,0.0,4700.0,1200.0,0.0,operating,operating; operating pre-retirement; construction; announced
P100000120050,ArcelorMittal Barra Mansa steel plant,ArcelorMittal Brasil SA,Brazil,Central & South America,"-22.5258060, -44.1910670",89.0,ArcelorMittal SA [97.1%]; small shareholder(s) [2.9%],N/A,Rio de Janeiro,Barra Mansa,exact,EAF,https://www.gem.wiki/ArcelorMittal_Barra_Mansa_steel_plant,-22.525806,-44.191067,1937.0,232.0,0.0,0.0,0.0,0.0,EAF / IF (electric),800.0,0.0,0.0,0.0,0.0,0.0,800.0,operating,operating
P100000120532,ArcelorMittal Bellary steel plant,ArcelorMittal SA,India,Asia Pacific,"15.1394980, 76.9184170",,ArcelorMittal SA [100.0%],N/A,Karnataka,Ballari,approximate,Iron other/unspecified; Steel other/unspecified,https://www.gem.wiki/ArcelorMittal_Bellary_steel_plant,15.139498,76.918417,,,,,,0.0,Other / unspecified,0.0,0.0,0.0,6000.0,,,,cancelled,cancelled
P100000120426,ArcelorMittal Bremen steel plant,ArcelorMittal Bremen GmbH,Germany,Europe,"53.1333050, 8.6881930",69.0,ArcelorMittal SA [100.0%],N/A,Bremen,Bremen,exact,BF; BOF; DRI; EAF,https://www.gem.wiki/ArcelorMittal_Bremen_steel_plant,53.133305,8.688193,1957.0,3100.0,2100.0,2000.0,,,BF-BOF (coal-based),3960.0,0.0,0.0,1400.0,3900.0,3960.0,0.0,operating,operating; cancelled
P100000120997,ArcelorMittal Calvert steel plant,AM/NS Calvert LLC,United States,North America,"31.1484460, -87.9905210",1.0,ArcelorMittal SA [100.0%],N/A,Alabama,Calvert,exact,EAF,https://www.gem.wiki/ArcelorMittal_Calvert_steel_plant,31.148446,-87.990521,2025.0,1700.0,0.0,0.0,0.0,0.0,EAF / IF (electric),1500.0,1500.0,0.0,0.0,0.0,0.0,1500.0,operating,operating; announced
P100000120785,ArcelorMittal Dąbrowa Górnicza steel plant,ArcelorMittal Poland SA,Poland,Europe,"50.3424170, 19.2850370",50.0,ArcelorMittal SA [100.0%],N/A,Silesia,Dabrowa Gornicza,exact,BF; BOF,https://www.gem.wiki/ArcelorMittal_Dąbrowa_Górnicza_steel_plant,50.342417,19.285037,1976.0,8800.0,,,0.0,0.0,BF-BOF (coal-based),5001.0,0.0,0.0,0.0,2300.0,5001.0,0.0,operating,operating; mothballed
P100000120714,ArcelorMittal Differdange steel plant,ArcelorMittal SA,Luxembourg,Europe,"49.5279660, 5.9003980",130.0,ArcelorMittal SA [100.0%],N/A,Esch-sur-Alzette,Differdange,exact,EAF,https://www.gem.wiki/ArcelorMittal_Differdange_steel_plant,49.527966,5.900398,1896.0,800.0,0.0,0.0,0.0,0.0,EAF / IF (electric),1350.0,0.0,0.0,0.0,0.0,0.0,1350.0,operating,operating
P100000120058,ArcelorMittal Dofasco steel plant,ArcelorMittal Dofasco GP,Canada,North America,"43.2692550, -79.8048580",114.0,ArcelorMittal SA [100.0%],N/A,Ontario,Hamilton,exact,EAF; DRI; BF; BOF,https://www.gem.wiki/ArcelorMittal_Dofasco_steel_plant,43.269255,-79.804858,1912.0,5000.0,0.0,,,,Mixed (BF-BOF + electric),4050.0,2400.0,0.0,2700.0,2929.0,2700.0,1350.0,operating,operating; operating pre-retirement; announced; mothballed; retired
P100000120428,ArcelorMittal Duisburg steel plant,ArcelorMittal Duisburg GmbH,Germany,Europe,"51.4629870, 6.7446120",174.0,ArcelorMittal SA [100.0%],N/A,North Rhine-Westphalia,Duisburg,exact,EAF; BOF,https://www.gem.wiki/ArcelorMittal_Duisburg_steel_plant,51.462987,6.744612,1852.0,800.0,0.0,0.0,0.0,0.0,BF-BOF (coal-based),1300.0,1300.0,0.0,0.0,0.0,1300.0,0.0,operating pre-retirement,operating pre-retirement; announced
P100000120472,ArcelorMittal Dunkerque steel plant,ArcelorMittal Atlantique et Lorraine SAS,France,Europe,"51.0412740, 2.2929480",63.0,ArcelorMittal Atlantique et Lorraine SAS [100.0%],N/A,Haus-de-France,Dunkerque,exact,BF; BOF; EAF; DRI,https://www.gem.wiki/ArcelorMittal_Dunkerque_steel_plant,51.041274,2.292948,1963.0,3200.0,9600.0,1380.0,0.0,0.0,BF-BOF (coal-based),6750.0,2250.0,0.0,2250.0,5400.0,6750.0,0.0,operating,operating; announced; mothballed; cancelled
P100000120425,ArcelorMittal Eisenhüttenstadt steel plant,ArcelorMittal Eisenhüttenstadt GmbH,Germany,Europe,"52.1686490, 14.6234730",76.0,ArcelorMittal SA [100.0%],N/A,Brandenburg,Eisenhüttenstadt,exact,BF; BOF; DRI; EAF,https://www.gem.wiki/ArcelorMittal_Eisenhüttenstadt_steel_plant,52.168649,14.623473,1950.0,2700.0,2900.0,0.0,0.0,0.0,BF-BOF (coal-based),2400.0,0.0,0.0,2400.0,1825.0,2400.0,0.0,operating,operating; cancelled
P100000120715,ArcelorMittal Esch-Belval steel plant,ArcelorMittal SA,Luxembourg,Europe,"49.5041750, 5.9937590",115.0,ArcelorMittal SA [100.0%],N/A,Esch-sur-Alzette,Esch-sur-Alzette,exact,EAF,https://www.gem.wiki/ArcelorMittal_Esch-Belval_steel_plant,49.504175,5.993759,1911.0,1000.0,0.0,0.0,0.0,0.0,EAF / IF (electric),2250.0,0.0,0.0,0.0,0.0,0.0,2250.0,operating,operating; operating pre-retirement
P100000120475,ArcelorMittal Florange steel plant,ArcelorMittal Atlantique et Lorraine SAS,France,Europe,"49.3317220, 6.1431070",112.0,ArcelorMittal Atlantique et Lorraine SAS [100.0%],N/A,Grand Est,Florange,exact,BF; BOF,https://www.gem.wiki/ArcelorMittal_Florange_steel_plant,49.331722,6.143107,1906.0,2300.0,4400.0,700.0,,,BF-BOF (coal-based),0.0,0.0,0.0,2400.0,,,,retired,retired
P100000120027,ArcelorMittal Gent steel plant,ArcelorMittal SA,Belgium,Europe,"51.1699290, 3.8044620",60.0,ArcelorMittal SA [100.0%],N/A,Vlaanderen,Gent,exact,BF; BOF; DRI; EAF,https://www.gem.wiki/ArcelorMittal_Gent_steel_plant,51.169929,3.804462,1966.0,1933.0,6935.0,1200.0,,,BF-BOF (coal-based),5200.0,0.0,0.0,2500.0,5000.0,5200.0,0.0,operating,operating; cancelled
P100000120427,ArcelorMittal Hamburg steel plant,ArcelorMittal Hamburg GmbH,Germany,Europe,"53.5226010, 9.9007490",57.0,ArcelorMittal SA [100.0%],N/A,Hamburg,Hamburg,exact,DRI; EAF,https://www.gem.wiki/ArcelorMittal_Hamburg_steel_plant,53.522601,9.900749,1969.0,530.0,0.0,0.0,0.0,0.0,DRI-EAF,1100.0,0.0,0.0,0.0,600.0,0.0,1100.0,operating,operating; announced
P100000120045,ArcelorMittal Juiz de Fora steel plant,ArcelorMittal Brasil SA,Brazil,Central & South America,"-21.6269630, -43.4623610",42.0,ArcelorMittal SA [97.1%]; small shareholder(s) [2.9%],N/A,Minas Gerais,Juiz de Fora,exact,BF; EAF,https://www.gem.wiki/ArcelorMittal_Juiz_de_Fora_steel_plant,-21.626963,-43.462361,1984.0,1000.0,0.0,0.0,0.0,,Mixed (BF-BOF + electric),1100.0,0.0,0.0,200.0,360.0,0.0,1100.0,operating,operating; cancelled
P100000120786,ArcelorMittal Kraków steel plant,ArcelorMittal Poland SA,Poland,Europe,"50.0838490, 20.0963060",66.0,ArcelorMittal SA [100.0%],N/A,Lesser Poland,Kraków,exact,BF; BOF,https://www.gem.wiki/ArcelorMittal_Kraków_steel_plant,50.083849,20.096306,1954.0,1200.0,,0.0,,,BF-BOF (coal-based),0.0,0.0,0.0,2600.0,,,,retired,retired
P100000120906,ArcelorMittal Kryvyi Rih steel plant,ArcelorMittal Kryvyi Rih PJSC,Ukraine,Europe,"47.8744110, 33.3929930",92.0,ArcelorMittal SA [95.1%]; small shareholder(s) [4.9%],N/A,Dnipropetrovsk,Kryvyi Rih,exact,BF; BOF; Steel other/unspecified,https://www.gem.wiki/ArcelorMittal_Kryvyi_Rih_steel_plant,47.874411,33.392993,1934.0,22000.0,1095.0,1250.0,,,BF-BOF (coal-based),1083.0,0.0,5415.0,1500.0,3618.0,1083.0,0.0,operating,operating; mothballed; retired
P100000120725,ArcelorMittal Lázaro Cárdenas steel plant,ArcelorMittal México SA de CV,Mexico,North America,"17.9306880, -102.2014980",49.29,ArcelorMittal SA [100.0%],N/A,Michoacán,Lázaro Cárdenas,exact,BF; BOF; DRI; EAF,https://www.gem.wiki/ArcelorMittal_Lázaro_Cárdenas_steel_plant,17.930688,-102.201498,1976.0,8000.0,,,1300.0,,Mixed (BF-BOF + electric),6500.0,0.0,0.0,0.0,4652.0,2500.0,4000.0,operating,operating
P100001081899,ArcelorMittal Mauritania green steel plant,ArcelorMittal SA; Société Nationale Industrielle et Minière SA,Mauritania,Africa,"19.513799, -10.553879",,ArcelorMittal SA [100.0%]; Government of Mauritania [78.4%]; small shareholder(s) [8.3%]; Kia Corp [7.7%]; Arab Mining Co [5.7%],Partial,unknown,unknown,approximate,DRI; Steel other/unspecified,https://www.gem.wiki/ArcelorMittal_Mauritania_green_steel_plant,19.513799,-10.553879,,,,0.0,,0.0,DRI (ironmaking only),0.0,2500.0,0.0,0.0,,,,announced,announced
P100000120473,ArcelorMittal Méditerranée Fos sur Mer steel plant,ArcelorMittal Méditerranée SAS,France,Europe,"43.4328300, 4.8871660",52.0,ArcelorMittal SA [100.0%],N/A,Provence-Alpes-Côte d'Azur,Fos-Sur-Mer,exact,BOF; EAF; BF,https://www.gem.wiki/ArcelorMittal_Méditerranée_Fos_sur_Mer_steel_plant,43.43283,4.887166,1974.0,2500.0,6800.0,1650.0,0.0,0.0,BF-BOF (coal-based),5100.0,2000.0,0.0,0.0,2500.0,5100.0,0.0,operating,operating; operating pre-retirement; announced; mothballed
P100000120035,ArcelorMittal Monlevade steel plant,ArcelorMittal Brasil SA,Brazil,Central & South America,"-19.8321290, -43.1301640",89.0,ArcelorMittal SA [97.1%]; small shareholder(s) [2.9%],N/A,Minas Gerais,João Monlevade,exact,BF; BOF; EAF,https://www.gem.wiki/ArcelorMittal_Monlevade_steel_plant,-19.832129,-43.130164,1937.0,975.0,1827.0,0.0,0.0,,BF-BOF (coal-based),1200.0,0.0,0.0,1000.0,1040.0,1200.0,0.0,operating,operating; cancelled
P100000120057,ArcelorMittal Montreal steel plant,ArcelorMittal Long Products Canada GP,Canada,North America,"45.8351480, -73.2549570",112.0,ArcelorMittal SA [100.0%],N/A,Quebec,Contrecœur,exact,DRI; EAF,https://www.gem.wiki/ArcelorMittal_Montreal_steel_plant,45.835148,-73.254957,1914.0,1900.0,0.0,0.0,,0.0,DRI-EAF,2400.0,0.0,0.0,0.0,1650.0,0.0,2400.0,operating,operating
P100000121027,ArcelorMittal Newcastle Steel Works,ArcelorMittal South Africa Ltd,South Africa,Africa,"-27.7053760, 30.0140630",54.84,ArcelorMittal South Africa Ltd [100.0%],Partial,Kwazulu Natal,Newcastle,exact,EAF; BF; BOF,https://www.gem.wiki/ArcelorMittal_Newcastle_Steel_Works,-27.705376,30.014063,1971.0,1896.0,2200.0,945.0,0.0,,Mixed (BF-BOF + electric),0.0,0.0,0.0,3799.0,,,,retired,retired; cancelled
P100001025671,ArcelorMittal Nippon Steel Anakapalle steel plant,ArcelorMittal Nippon Steel India Ltd,India,Asia Pacific,"17.4071030, 82.7231830",,ArcelorMittal SA [60.0%]; Nippon Steel Corp [40.0%],N/A,Andhra Pradesh,Bagaraiahpeta,approximate,BF; BOF,https://www.gem.wiki/ArcelorMittal_Nippon_Steel_Anakapalle_steel_plant,17.407103,82.723183,2029.0,,,,,,BF-BOF (coal-based),0.0,24900.0,0.0,0.0,,,,construction,construction; announced
P100001025669,ArcelorMittal Nippon Steel Gadchiroli steel plant,ArcelorMittal Nippon Steel India Ltd,India,Asia Pacific,"20.1684860, 79.9871190",,ArcelorMittal SA [60.0%]; Nippon Steel Corp [40.0%],N/A,Maharashtra,unknown,approximate,EAF,https://www.gem.wiki/ArcelorMittal_Nippon_Steel_Gadchiroli_steel_plant,20.168486,79.987119,,,0.0,0.0,0.0,0.0,EAF / IF (electric),0.0,6000.0,0.0,0.0,,,,announced,announced
P100000120513,ArcelorMittal Nippon Steel Hazira plant,ArcelorMittal Nippon Steel India Ltd,India,Asia Pacific,"21.1123770, 72.6473040",31.0,ArcelorMittal SA [60.0%]; Nippon Steel Corp [40.0%],N/A,Gujarat,Hazira,exact,BF; DRI; EAF; Iron other/unspecified; Steel other/unspecified; BOF,https://www.gem.wiki/ArcelorMittal_Nippon_Steel_Hazira_plant,21.112377,72.647304,1995.0,7000.0,1480.0,1350.0,4000.0,,Mixed (BF-BOF + electric),9600.0,15000.0,0.0,0.0,11570.0,0.0,4600.0,operating,operating; construction; announced
P100000120573,ArcelorMittal Nippon Steel Kendrapara plant,ArcelorMittal Nippon Steel India Ltd,India,Asia Pacific,"20.7104200, 86.2828060",,ArcelorMittal SA [60.0%]; Nippon Steel Corp [40.0%],N/A,Odisha,Kendrapara,approximate,BF; BOF,https://www.gem.wiki/ArcelorMittal_Nippon_Steel_Kendrapara_plant,20.71042,86.282806,2028.0,16000.0,,,,,BF-BOF (coal-based),0.0,24000.0,0.0,0.0,,,,announced,announced
P100000121178,ArcelorMittal Nippon Steel Paradip plant,ArcelorMittal Nippon Steel India Ltd,India,Asia Pacific,"20.2847710, 86.6582660",,ArcelorMittal SA [60.0%]; Nippon Steel Corp [40.0%],N/A,Odisha,Paradip,approximate,BF; BOF,https://www.gem.wiki/ArcelorMittal_Nippon_Steel_Paradip_plant,20.284771,86.658266,2029.0,7000.0,,,,,BF-BOF (coal-based),0.0,7000.0,0.0,0.0,,,,announced,announced
P100000120458,ArcelorMittal Olaberria-Bergara (Olaberria) steel plant,Arcelormittal Olaberria-Bergara SL,Spain,Europe,"43.0382900, -2.2196250",34.0,ArcelorMittal SA; small shareholder(s),N/A,Gipuzkoa,Olaberria,exact,EAF,https://www.gem.wiki/ArcelorMittal_Olaberria-Bergara_(Olaberria)_steel_plant,43.03829,-2.219625,1992.0,500.0,0.0,0.0,0.0,0.0,EAF / IF (electric),1450.0,0.0,0.0,0.0,0.0,0.0,1450.0,operating,operating
P100000120040,ArcelorMittal Pecém steel plant,ArcelorMittal Brasil SA,Brazil,Central & South America,"-3.5859170, -38.8589320",10.0,ArcelorMittal SA [97.1%]; small shareholder(s) [2.9%],N/A,Ceará,São Gonçalo do Amarante,exact,BF; BOF,https://www.gem.wiki/ArcelorMittal_Pecém_steel_plant,-3.585917,-38.858932,2016.0,2500.0,4747.0,1130.0,0.0,,BF-BOF (coal-based),3046.0,0.0,0.0,0.0,3192.0,3046.0,0.0,operating,operating
P100000120041,ArcelorMittal Piracicaba steel plant,ArcelorMittal Brasil SA,Brazil,Central & South America,"-22.6981540, -47.6571460",71.0,ArcelorMittal SA [97.1%]; small shareholder(s) [2.9%],N/A,São Paulo,Piracicaba,exact,EAF,https://www.gem.wiki/ArcelorMittal_Piracicaba_steel_plant,-22.698154,-47.657146,1955.0,500.0,0.0,0.0,0.0,0.0,EAF / IF (electric),1100.0,0.0,0.0,0.0,0.0,0.0,1100.0,operating,operating
P100000120036,ArcelorMittal Resende steel plant,ArcelorMittal Brasil SA,Brazil,Central & South America,"-22.4935970, -44.5126280",17.0,ArcelorMittal SA [97.1%]; small shareholder(s) [2.9%],N/A,Rio de Janeiro,Resende,exact,EAF,https://www.gem.wiki/ArcelorMittal_Resende_steel_plant,-22.493597,-44.512628,2009.0,668.0,0.0,0.0,0.0,0.0,EAF / IF (electric),1000.0,0.0,0.0,0.0,0.0,0.0,1000.0,operating,operating
P100000121030,ArcelorMittal Saldanha Steel Works,ArcelorMittal South Africa Ltd,South Africa,Africa,"-32.9795200, 18.0232280",28.0,ArcelorMittal South Africa Ltd [100.0%],Partial,Western Cape,Saldanha,exact,DRI; EAF; Iron other/unspecified,https://www.gem.wiki/ArcelorMittal_Saldanha_Steel_Works,-32.97952,18.023228,1998.0,568.0,,,,0.0,DRI-EAF,0.0,0.0,1318.0,0.0,,,,mothballed,mothballed
P100000120453,ArcelorMittal Sestao steel plant,Arcelormittal Sestao SL,Spain,Europe,"43.3131440, -2.9989640",124.0,ArcelorMittal SA; small shareholder(s),N/A,Vizcaya,Sestao,exact,EAF,https://www.gem.wiki/ArcelorMittal_Sestao_steel_plant,43.313144,-2.998964,1902.0,250.0,0.0,0.0,0.0,0.0,EAF / IF (electric),2000.0,0.0,0.0,0.0,0.0,0.0,2000.0,operating,operating
P100000120719,ArcelorMittal Sonasid Jorf Lasfar steel plant,ArcelorMittal SA,Morocco,Africa,"33.1365290, -8.6035550",21.0,ArcelorMittal SA [100.0%],N/A,Casablanca-Settat,El Jadida,exact,EAF,https://www.gem.wiki/ArcelorMittal_Sonasid_Jorf_Lasfar_steel_plant,33.136529,-8.603555,2005.0,729.0,0.0,0.0,0.0,0.0,EAF / IF (electric),800.0,0.0,0.0,0.0,0.0,0.0,800.0,operating,operating
P100000120970,ArcelorMittal Texas DRI plant,ArcelorMittal SA,United States,North America,"27.8889290, -97.2820620",8.39,ArcelorMittal SA [100.0%],N/A,Texas,Portland,exact,DRI,https://www.gem.wiki/ArcelorMittal_Texas_DRI_plant,27.888929,-97.282062,2017.0,270.0,,0.0,,0.0,DRI (ironmaking only),0.0,0.0,0.0,0.0,2000.0,0.0,0.0,operating,operating; announced
P100000120034,ArcelorMittal Tubarão steel plant,ArcelorMittal Tubarão Comercial SA,Brazil,Central & South America,"-20.2534470, -40.2422980",43.0,ArcelorMittal Tubarão Comercial SA [100.0%],N/A,Espírito Santo,"Tubarão, Serra",exact,BF; BOF,https://www.gem.wiki/ArcelorMittal_Tubarão_steel_plant,-20.253447,-40.242298,1983.0,5000.0,6500.0,3254.0,0.0,,BF-BOF (coal-based),7500.0,0.0,0.0,0.0,7280.0,7500.0,0.0,operating,operating
P100000121028,ArcelorMittal Vanderbijlpark Steel Works,ArcelorMittal South Africa Ltd,South Africa,Africa,"-26.6573670, 27.8223100",72.38,ArcelorMittal South Africa Ltd [100.0%],Partial,Gauteng,Vanderbijlpark,exact,BF; BOF; DRI; EAF,https://www.gem.wiki/ArcelorMittal_Vanderbijlpark_Steel_Works,-26.657367,27.82231,1953.0,4500.0,3100.0,1420.0,0.0,,BF-BOF (coal-based),3360.0,1700.0,0.0,0.0,3860.0,3360.0,0.0,operating,operating; operating pre-retirement; announced; retired
P100000120790,ArcelorMittal Warszawa steel plant,Arcelormittal Warszawa SP zoo,Poland,Europe,"52.2913370, 20.9173020",69.0,ArcelorMittal SA [100.0%],N/A,Mazowieckie,Warszawa,exact,EAF,https://www.gem.wiki/ArcelorMittal_Warszawa_steel_plant,52.291337,20.917302,1957.0,535.0,0.0,0.0,0.0,0.0,EAF / IF (electric),750.0,0.0,0.0,0.0,0.0,0.0,750.0,operating,operating
P100000120607,Ardakan Steel Yazd plant,Ardakan Steel Complex Co,Iran,Middle East,"32.3739420, 53.7596550",14.0,Jahan Profil Pars Co,N/A,Yazd,Ardakan,exact,DRI; EAF,https://www.gem.wiki/Ardakan_Steel_Yazd_plant,32.373942,53.759655,2012.0,650.0,,0.0,,0.0,DRI (ironmaking only),0.0,1000.0,0.0,0.0,960.0,0.0,0.0,operating,operating; announced
P100000120597,Arfa Iron and Steel Yazd plant,Arfa Iron and Steel Co,Iran,Middle East,"32.3930900, 53.7566000",14.89,Chadelmu Mining and Industrial Co [43.7%]; small shareholder(s) [24.7%]; Yaran Tube Rolling Mill Co [17.0%]; Social Insurance Fund of Farmers and Villagers [3.9%]; Sadr Tamin Investment Co [1.7%]; Iranian Mines & Mining Industries Development & Renovation Organization,Partial,Yazd,Atarabad,exact,DRI; EAF,https://www.gem.wiki/Arfa_Iron_and_Steel_Yazd_plant,32.39309,53.7566,2011.0,1350.0,,0.0,,0.0,DRI-EAF,1000.0,0.0,0.0,0.0,1200.0,0.0,1000.0,operating,operating
P100001063425,Arian Steel Fath Abad plant,Arian Steel Co,Iran,Middle East,"35.7449010, 50.2225530",25.0,Arian Steel Co [100.0%],N/A,Qazvin,Fath Abad,exact,EAF; IF,https://www.gem.wiki/Arian_Steel_Fath_Abad_plant,35.744901,50.222553,2001.0,1000.0,,0.0,,0.0,EAF / IF (electric),240.0,550.0,0.0,0.0,0.0,0.0,120.0,operating,operating; construction
P100000120568,Arjas Steel Tadipatri plant,Arjas Steel Pvt Ltd,India,Asia Pacific,"14.8734710, 78.0484250",13.3,ADV Partners Holdings Ltd,N/A,Andhra Pradesh,Tadipatri,exact,BF; BOF,https://www.gem.wiki/Arjas_Steel_Tadipatri_plant,14.873471,78.048425,2012.0,1800.0,450.0,200.0,,0.0,BF-BOF (coal-based),1005.0,0.0,0.0,0.0,1024.0,1005.0,0.0,operating,operating
P100000120841,Arkan Steel Jeddah plant,Dar Al Arkan Real Estate Development Company SJSC,Saudi Arabia,Middle East,"21.5240050, 39.2406330",,Dar Al Arkan Real Estate Development Company SJSC [100.0%],N/A,Makkah,Jeddah,approximate,EAF,https://www.gem.wiki/Arkan_Steel_Jeddah_plant,21.524005,39.240633,,,0.0,0.0,0.0,0.0,EAF / IF (electric),0.0,600.0,0.0,0.0,,,,announced,announced
P100000120590,Arvand Jahanara Steel Khouzestan plant,Arvand Jahanara Steel Co,Iran,Middle East,"30.5108860, 48.2413560",4.0,Arvand Jahanara Steel Co [100.0%],N/A,Khouzestan,Khorramshahr,exact,EAF; DRI,https://www.gem.wiki/Arvand_Jahanara_Steel_Khouzestan_plant,30.510886,48.241356,2022.0,800.0,,0.0,,0.0,EAF / IF (electric),1200.0,1200.0,0.0,0.0,0.0,0.0,1200.0,operating,operating; announced
P100000120604,Arvand Kaveh Steel Khoramshahr plant,Arvand Kaveh Steel Co,Iran,Middle East,"30.5054580, 48.2720240",,Arvand Kaveh Steel Co [100.0%],Full,Khuzestan,Khorramshahr,exact,DRI; EAF,https://www.gem.wiki/Arvand_Kaveh_Steel_Khoramshahr_plant,30.505458,48.272024,,,,0.0,,0.0,DRI-EAF,0.0,2000.0,0.0,0.0,,,,announced,announced
P100001045594,ASEAN Steel Hoa Phu steel plant,Asean Steel JSC,Vietnam,Asia Pacific,"12.5991200, 107.9392200",,Asean Steel JSC [100.0%],N/A,Dak Lak,Buon Ma Thuot,exact,Steel other/unspecified,https://www.gem.wiki/ASEAN_Steel_Hoa_Phu_steel_plant,12.59912,107.93922,,,0.0,0.0,0.0,0.0,Other / unspecified,500.0,0.0,0.0,0.0,0.0,0.0,0.0,operating,operating
P100000120825,Ashinskiy Metallurgical plant,Ashinskiy Metzavod PJSC,Russia,Eurasia,"54.9948400, 57.2775480",126.0,Ashinskiy Metzavod PJSC [100.0%],N/A,Chelyabinsk,Asha,exact,EAF,https://www.gem.wiki/Ashinskiy_Metallurgical_plant,54.99484,57.277548,1900.0,4226.0,,,,,EAF / IF (electric),1000.0,0.0,0.0,0.0,0.0,0.0,1000.0,operating,operating
P100001080915,Asia United Steel plant,Asia United Steel,Kazakhstan,Eurasia,"43.6006620, 76.3171120",,Asia United Steel [100.0%],N/A,Almaty,unknown,approximate,EAF,https://www.gem.wiki/Asia_United_Steel_plant,43.600662,76.317112,2027.0,600.0,0.0,0.0,0.0,0.0,EAF / IF (electric),0.0,1200.0,0.0,0.0,,,,construction,construction
P100000120891,Asil Celik Orhangazi steel plant,Asil Celik Sanayi ve Ticaret AŞ,Türkiye,Europe,"40.4275200, 29.2701410",47.0,small shareholder(s) [21.7%]; Parsan Makina Parçaları Sanayi AŞ [20.1%]; Güriş Inşaat ve Muhendislik AŞ [19.5%]; Omtaş Otomotiv Transmisyon Aksamı Sanayi ve Ticaret AŞ [5.5%]; Diler Holding AŞ,N/A,Bursa,Orhangazi,exact,EAF,https://www.gem.wiki/Asil_Celik_Orhangazi_steel_plant,40.42752,29.270141,1979.0,361.0,0.0,0.0,0.0,0.0,EAF / IF (electric),730.0,0.0,0.0,0.0,0.0,0.0,730.0,operating,operating
P100000120564,Atibir Industries Bhorandiha steel plant,Atibir Industries Co Ltd,India,Asia Pacific,"24.1452390, 86.3349990",17.0,Sribir Group of Companies,N/A,Jharkhand,Bhorandiha,exact,BF; BOF,https://www.gem.wiki/Atibir_Industries_Bhorandiha_steel_plant,24.145239,86.334999,2009.0,,680.0,300.0,300.0,,BF-BOF (coal-based),0.0,600.0,0.0,0.0,600.0,0.0,0.0,operating,operating; announced
P100000120046,AVB Açailândia steel plant,Aco Verde do Brasil SA,Brazil,Central & South America,"-4.8743730, -47.4073517",11.0,Grupo Ferroeste,N/A,Maranhão,Açailândia,exact,BF; BOF,https://www.gem.wiki/AVB_Açailândia_steel_plant,-4.874373,-47.4073517,2015.0,3000.0,0.0,0.0,,,BF-BOF (coal-based),600.0,0.0,0.0,0.0,720.0,600.0,0.0,operating,operating
P100000120067,AZA Colina steel plant,Aceros AZA SA,Chile,Central & South America,"-33.2947290, -70.7278810",26.68,Ingenieria e Inversiones Ltda; Inversiones Los Andes SA; Inversiones Reyosan SpA; Matco Cables SpA,N/A,Región Metropolitana,Colina,exact,EAF,https://www.gem.wiki/AZA_Colina_steel_plant,-33.294729,-70.727881,1999.0,667.0,0.0,0.0,0.0,0.0,EAF / IF (electric),520.0,0.0,0.0,0.0,0.0,0.0,520.0,operating,operating
P100000121043,Azerbaijan Integrated Steel Mill Complex,Azerbaijan Integrated Steel Mill Complex,Azerbaijan,Eurasia,"40.7219080, 46.3635260",,Baku Steel Company QSC; China CAMC Engineering Co Ltd,N/A,Ganja-Dashkasan,Ganja,approximate,DRI; EAF,https://www.gem.wiki/Azerbaijan_Integrated_Steel_Mill_Complex,40.721908,46.363526,,,,,,,DRI-EAF,0.0,0.0,0.0,1250.0,,,,cancelled,cancelled
P100001061353,Azerbaijan Metal Company Shamkir HBI plant,Azerbaijan Metal Company LLC,Azerbaijan,Eurasia,"40.8217502, 46.0170067",,Fonte GreenMet Investments Fund OEIC LLC [50.0%]; AzerGold CJSC,N/A,Gazakh-Tovuz,unknown,approximate,DRI,https://www.gem.wiki/Azerbaijan_Metal_Company_Shamkir_HBI_plant,40.8217502,46.0170067,2029.0,1600.0,,0.0,,0.0,DRI (ironmaking only),0.0,0.0,0.0,0.0,,,,announced,announced
P100000120605,Azna Steel Lorestan plant,Azna Steel,Iran,Middle East,"33.4643530, 49.3913730",5.97,Azna Steel [100.0%],N/A,Lorestan,Azna,exact,EAF,https://www.gem.wiki/Azna_Steel_Lorestan_plant,33.464353,49.391373,2020.0,560.0,,0.0,,0.0,EAF / IF (electric),0.0,1900.0,0.0,0.0,,,,construction,construction; announced
P100000120907,Azovstal Iron and Steel Works,MK Azovstal' PrAT,Ukraine,Europe,"47.0947240, 37.5968620",,Metinvest BV [100.0%],N/A,Donetsk,Mariupol,exact,BF; BOF,https://www.gem.wiki/Azovstal_Iron_and_Steel_Works,47.094724,37.596862,,10702.0,,,,,BF-BOF (coal-based),0.0,0.0,0.0,6600.0,,,,retired,retired
P100000120606,Bafgh Mineral Complex Iron and Steel Yazd plant,Bafgh Mineral Complex Iron & Steel Co,Iran,Middle East,"31.6993070, 55.4401870",5.0,Bafgh Mineral Complex Iron & Steel Co [100.0%],N/A,Yazd,Bafgh,exact,DRI; EAF,https://www.gem.wiki/Bafgh_Mineral_Complex_Iron_and_Steel_Yazd_plant,31.699307,55.440187,2021.0,4904.0,,0.0,5000.0,0.0,DRI-EAF,1200.0,0.0,0.0,0.0,800.0,0.0,1200.0,operating,operating; construction
P100000120384,Baicheng Fuda Bar Rolling Co Ltd,Baicheng Fuda Bar Rolling Co Ltd,China,Asia Pacific,"45.5933030, 122.8955880",16.31,Baicheng Fuda Bar Rolling Co Ltd [100.0%],N/A,Jilin,Baicheng Industrial Park,exact,EAF,https://www.gem.wiki/Baicheng_Fuda_Bar_Rolling_Co_Ltd,45.593303,122.895588,2009.0,30.0,0.0,0.0,0.0,0.0,EAF / IF (electric),788.0,0.0,0.0,800.0,0.0,0.0,788.0,operating,operating; retired
P100000120016,Baku Steel Company steel plant,Baku Steel Company QSC,Azerbaijan,Eurasia,"40.4313600, 49.8868670",25.0,Baku Steel Company QSC [100.0%],N/A,Narimanov,Baku,exact,EAF,https://www.gem.wiki/Baku_Steel_Company_steel_plant,40.43136,49.886867,2001.0,2000.0,0.0,0.0,0.0,0.0,EAF / IF (electric),800.0,0.0,0.0,0.0,0.0,0.0,800.0,operating,operating
P100000120817,Balakovo Steel Plant,MZ Balakovo JSC,Russia,Eurasia,"51.9360090, 47.8159100",13.0,Novostal-M LLC,N/A,Saratov,Bykov Otrog,exact,EAF,https://www.gem.wiki/Balakovo_Steel_Plant,51.936009,47.81591,2013.0,4100.0,0.0,0.0,0.0,0.0,EAF / IF (electric),1250.0,1500.0,0.0,0.0,0.0,0.0,1250.0,operating,operating; construction
P100001023581,Baldota Koppal steel plant,Baldota Steel and Power Ltd,India,Asia Pacific,"15.3326160, 76.2067780",0.0,Baldota Steel and Power Ltd [100.0%],N/A,Karnataka,Hospet,exact,BF; BOF; Iron other/unspecified; Steel other/unspecified,https://www.gem.wiki/Baldota_Koppal_steel_plant,15.332616,76.206778,2026.0,10000.0,,,,,BF-BOF (coal-based),0.0,10500.0,0.0,0.0,,,,announced,announced
P100000120864,Bangkok Steel Industry Samut Prakan steel plant,Bangkok Steel Industry PCL,Thailand,Asia Pacific,"13.6476720, 100.5538820",62.0,Bangkok Steel Industry PCL [100.0%],N/A,Samut Prakan,Bangyapraek,exact,EAF,https://www.gem.wiki/Bangkok_Steel_Industry_Samut_Prakan_steel_plant,13.647672,100.553882,1964.0,,,,,,EAF / IF (electric),600.0,0.0,0.0,0.0,0.0,0.0,600.0,operating,operating
P100000120256,Baoshan Iron and Steel Co Ltd Headquarters,Baoshan Iron & Steel Co Ltd,China,Asia Pacific,"31.4162300, 121.4400870",49.0,Baoshan Iron & Steel Co Ltd [100.0%],N/A,Shanghai,unknown,exact,BF; BOF; EAF; Iron other/unspecified,https://www.gem.wiki/Baoshan_Iron_and_Steel_Co_Ltd_Headquarters,31.41623,121.440087,1977.0,12859.0,,,,,Mixed (BF-BOF + electric),19800.0,0.0,0.0,0.0,16800.0,16200.0,3600.0,operating,operating
P100000120779,BaoSteel and SteelAsia Philippines steel plant,SteelAsia Manufacturing Corp,Philippines,Asia Pacific,"12.5859090, 123.2074230",,SteelAsia Manufacturing Corp [100.0%],N/A,unknown,unknown,approximate,EAF,https://www.gem.wiki/BaoSteel_and_SteelAsia_Philippines_steel_plant,12.585909,123.207423,,2000.0,0.0,0.0,0.0,0.0,EAF / IF (electric),0.0,3000.0,0.0,0.0,,,,announced,announced
P100000120336,Baosteel Desheng Stainless Steel Co Ltd,Baosteel Desheng Stainless Steel Co Ltd,China,Asia Pacific,"26.4874700, 119.6544610",15.0,China Baowu Steel Group Co Ltd [70.0%]; Fujian Wugang Group Co Ltd [30.0%],N/A,Fujian,Fuzhou,exact,BF; BOF,https://www.gem.wiki/Baosteel_Desheng_Stainless_Steel_Co_Ltd,26.48747,119.654461,2011.0,2155.0,2960.0,,,,BF-BOF (coal-based),3220.0,0.0,0.0,3410.0,4761.0,3220.0,0.0,operating,operating; retired
P100000120289,Baosteel Group Xinjiang Bayi Iron and Steel Co Ltd,Baosteel Group Xinjiang Bayi Iron & Steel Co Ltd,China,Asia Pacific,"43.8521470, 87.3046390",30.34,Baosteel Group Xinjiang Bayi Iron & Steel Co Ltd [100.0%],N/A,Xinjiang,Ürümqi,exact,BF; BOF; EAF; Iron other/unspecified,https://www.gem.wiki/Baosteel_Group_Xinjiang_Bayi_Iron_and_Steel_Co_Ltd,43.852147,87.304639,1995.0,3058.0,,,,,Mixed (BF-BOF + electric),7300.0,0.0,0.0,0.0,7263.0,6850.0,450.0,operating,operating; mothballed; retired
P100000120257,Baosteel Special Steel Co Ltd,Baosteel Special Metals Co Ltd,China,Asia Pacific,"31.3794220, 121.4846520",65.41,China Baowu Steel Group Co Ltd [100.0%],N/A,Shanghai,Wusong Industrial Zone,exact,EAF,https://www.gem.wiki/Baosteel_Special_Steel_Co_Ltd,31.379422,121.484652,1958.0,,0.0,0.0,0.0,0.0,EAF / IF (electric),0.0,0.0,0.0,500.0,,,,retired,retired
P100000120085,Baosteel Zhanjiang Iron and Steel Co Ltd,Baosteel Zhanjiang Iron & Steel Co Ltd,China,Asia Pacific,"21.0560350, 110.4865700",15.0,Baoshan Iron & Steel Co Ltd [90.0%]; Guangdong Hengjian Investment Holding Co Ltd [10.0%],Partial,Guangdong,Zhanjiang,exact,BF; BOF; DRI; EAF,https://www.gem.wiki/Baosteel_Zhanjiang_Iron_and_Steel_Co_Ltd,21.056035,110.48657,2011.0,4956.0,14488.0,4018.0,,,Mixed (BF-BOF + electric),14328.0,0.0,0.0,0.0,13250.0,12528.0,1800.0,operating,operating
P100000121076,Baotou Baoxin Special Steel Co Ltd,Baotou Baoxin Special Steel Co Ltd,China,Asia Pacific,"41.3629250, 110.9887710",17.39,Baotou Baoxin Special Steel Co Ltd [100.0%],N/A,Inner Mongolia,unknown,exact,BF; BOF,https://www.gem.wiki/Baotou_Baoxin_Special_Steel_Co_Ltd,41.362925,110.988771,2007.0,,,,,,BF-BOF (coal-based),0.0,0.0,0.0,600.0,,,,retired,retired
P100000121143,Baotou Da'an Iron and Steel Co Ltd Kundulun District,Baotou DA AN IRON&STEEL Co Ltd,China,Asia Pacific,"40.7151190, 109.8216530",,Baotou DA AN IRON&STEEL Co Ltd [100.0%],N/A,Inner Mongolia,Burhantu,approximate,BF; BOF,https://www.gem.wiki/Baotou_Da'an_Iron_and_Steel_Co_Ltd_Kundulun_District,40.715119,109.821653,,,,,,,BF-BOF (coal-based),0.0,0.0,0.0,1350.0,,,,cancelled,cancelled
P100000120186,Baotou Daan Iron and Steel Co Ltd Hondlon District,Baotou DA AN IRON&STEEL Co Ltd,China,Asia Pacific,"40.6623430, 109.6983330",22.81,Baotou DA AN IRON&STEEL Co Ltd [100.0%],N/A,Inner Mongolia,Bu'er Hantu,exact,BF; BOF,https://www.gem.wiki/Baotou_Daan_Iron_and_Steel_Co_Ltd_Hondlon_District,40.662343,109.698333,2002.0,3317.0,,,,,BF-BOF (coal-based),0.0,0.0,0.0,1100.0,,,,retired,retired
P100000121142,Baotou Deshun Special Steel Co Ltd,Baotou Deshun Spec. Steel Co Ltd,China,Asia Pacific,"40.9019000, 110.3362530",18.9,Baotou Deshun Spec. Steel Co Ltd [100.0%],N/A,Inner Mongolia,Baotou,exact,BF; BOF,https://www.gem.wiki/Baotou_Deshun_Special_Steel_Co_Ltd,40.9019,110.336253,2007.0,,,,,,BF-BOF (coal-based),0.0,1250.0,0.0,500.0,,,,construction,construction; retired
P100000120172,Baowu Group Echeng Iron and Steel Co Ltd,Baowu Group Echeng Iron & Steel Co Ltd,China,Asia Pacific,"30.3957400, 114.8613130",68.0,China Baowu Steel Group Co Ltd [75.0%]; Guangdong Guangwu Holding Group Co Ltd [25.0%],Partial,Hubei,Ezhou,exact,BF; BOF,https://www.gem.wiki/Baowu_Group_Echeng_Iron_and_Steel_Co_Ltd,30.39574,114.861313,1958.0,5388.0,,,,,BF-BOF (coal-based),4971.0,0.0,0.0,0.0,4263.0,4971.0,0.0,operating,operating
P100000121040,BAP Al-Khair steel plant,Public Investment Fund (Saudi Arabia); Baoshan Iron & Steel Co Ltd; Saudi Arabian Oil Co,Saudi Arabia,Middle East,"27.5025970, 49.1803690",0.0,Baoshan Iron & Steel Co Ltd [100.0%]; Public Investment Fund (Saudi Arabia) [100.0%]; Saudi Arabian Oil Co [100.0%],Partial,Eastern Province,Ras Al-Khair,approximate,DRI; EAF,https://www.gem.wiki/BAP_Al-Khair_steel_plant,27.502597,49.180369,2026.0,,,0.0,,0.0,DRI-EAF,0.0,1700.0,0.0,0.0,,,,construction,construction
P100000120019,Bashundhara Steel Mirsarai plant,Bashundhara Multi Steel Industries Ltd,Bangladesh,Asia Pacific,"22.7192780, 91.4703820",0.0,Bashundhara Group Ltd,N/A,Chittagong,Mirsarai,exact,DRI; EAF,https://www.gem.wiki/Bashundhara_Steel_Mirsarai_plant,22.719278,91.470382,2026.0,3000.0,,0.0,,0.0,DRI-EAF,0.0,1250.0,0.0,0.0,,,,construction,construction; announced
P100000120223,Bengang Steel Plates Co Ltd,Bengang Steel Plates Co Ltd,China,Asia Pacific,"41.2741320, 123.7220990",28.65,Bengang Steel Plates Co Ltd [100.0%],N/A,Liaoning,unknown,exact,BF; BOF; EAF,https://www.gem.wiki/Bengang_Steel_Plates_Co_Ltd,41.274132,123.722099,1997.0,17044.0,,,,,Mixed (BF-BOF + electric),13440.0,1500.0,0.0,0.0,12841.0,12400.0,1040.0,operating,operating; operating pre-retirement; announced; retired
P100000120435,Benteler Steel Tube Lingen plant,Benteler Steel/Tube GmbH,Germany,Europe,"52.4676220, 7.3171690",52.0,Benteler International AG,N/A,Lower Saxony,Lingen,exact,EAF,https://www.gem.wiki/Benteler_Steel_Tube_Lingen_plant,52.467622,7.317169,1974.0,260.0,0.0,0.0,0.0,0.0,EAF / IF (electric),650.0,0.0,0.0,0.0,0.0,0.0,650.0,operating,operating
P100000120224,Benxi Beiying Iron and Steel Group Co Ltd Beitai Town,Benxi Beiying Iron & Steel (GROUP) Co Ltd,China,Asia Pacific,"41.2248140, 123.6083740",23.88,Ansteel Group Co Ltd [46.5%]; Bengang Group Co Ltd [27.7%]; Liaoning Huida Enterprise Management Co Ltd [8.2%]; China Minmetals Corp [7.0%]; unknown [6.4%]; Beijing Jianlong Investment Co Ltd [2.9%]; Fushun State-Owned Assets Management Co Ltd [1.3%],Partial,Liaoning,Beitai,exact,BF; BOF,https://www.gem.wiki/Benxi_Beiying_Iron_and_Steel_Group_Co_Ltd_Beitai_Town,41.224814,123.608374,2002.0,18675.0,,,,,BF-BOF (coal-based),2600.0,1350.0,0.0,8166.0,7800.0,2600.0,0.0,operating,operating; announced; retired
P100000121253,BER-PIG Iron and Steel Company Redcliff plant,Berhard Development Corporation (Private) Ltd,Zimbabwe,Africa,"-19.0551020, 29.7824240",1.55,Berhard Development Corporation (Private) Ltd [100.0%],N/A,Midlands,Redcliff,approximate,BF,https://www.gem.wiki/BER-PIG_Iron_and_Steel_Company_Redcliff_plant,-19.055102,29.782424,2024.0,1000.0,1200.0,,,,BF-BOF (coal-based),0.0,0.0,0.0,0.0,,,,announced,announced
P100001062088,Bhagyalaxmi Metals Mul steel plant,Bhagyalaxmi Metals Pvt Ltd,India,Asia Pacific,"20.0889190, 79.7179200",,Bhagyalaxmi Metals Pvt Ltd [100.0%],N/A,Maharashtra,Mul,exact,DRI; IF,https://www.gem.wiki/Bhagyalaxmi_Metals_Mul_steel_plant,20.088919,79.71792,,,,0.0,,0.0,DRI-EAF,0.0,672.0,0.0,0.0,,,,announced,announced
P100000120002,BILDCO Abu Dhabi steel plant,Abu Dhabi National for Building Materials Co PJSC,United Arab Emirates,Middle East,"24.3787200, 54.4751530",,Abu Dhabi National for Building Materials Co PJSC [100.0%],N/A,Abu Dhabi,Musaffah Industrial Zone,exact,EAF,https://www.gem.wiki/BILDCO_Abu_Dhabi_steel_plant,24.37872,54.475153,,,,0.0,,0.0,EAF / IF (electric),1000.0,0.0,0.0,0.0,0.0,0.0,1000.0,operating,operating
P100000120471,Blastr Inkoo steel plant,Blastr Green Steel AS,Finland,Europe,"60.0175000, 23.9126000",0.0,Vanir Green Industries AS,N/A,Uusimaa,Inkoo,exact,DRI; EAF,https://www.gem.wiki/Blastr_Inkoo_steel_plant,60.0175,23.9126,2026.0,1200.0,,0.0,0.0,0.0,DRI-EAF,0.0,2500.0,0.0,0.0,,,,announced,announced
P100000120761,BlueScope New Zealand Steel Glenbrook,New Zealand Steel Ltd,New Zealand,Asia Pacific,"-37.2068780, 174.7280980",57.0,BlueScope Steel Ltd [100.0%],N/A,South Auckland,Glenbrook,exact,DRI; EAF; BOF,https://www.gem.wiki/BlueScope_New_Zealand_Steel_Glenbrook,-37.206878,174.728098,1969.0,1400.0,,0.0,,0.0,Mixed (BF-BOF + electric),1320.0,0.0,0.0,0.0,652.0,670.0,650.0,operating,operating; operating pre-retirement
P100000120937,BlueScope North Star Steel plant,North Star BlueScope Steel Ltd,United States,North America,"41.5687830, -84.0481290",30.0,BlueScope Steel Ltd [100.0%],N/A,Ohio,Delta,exact,EAF,https://www.gem.wiki/BlueScope_North_Star_Steel_plant,41.568783,-84.048129,1996.0,400.0,0.0,0.0,0.0,0.0,EAF / IF (electric),3034.0,0.0,0.0,0.0,0.0,0.0,3034.0,operating,operating
P100000120012,BlueScope Port Kembla steel plant,BlueScope Steel Ltd,Australia,Asia Pacific,"-34.4638340, 150.8861910",98.0,BlueScope Steel Ltd [100.0%],N/A,New South Wales,Port Kembla,exact,BOF; BF,https://www.gem.wiki/BlueScope_Port_Kembla_steel_plant,-34.463834,150.886191,1928.0,3000.0,,,0.0,,BF-BOF (coal-based),3200.0,0.0,0.0,0.0,3000.0,3200.0,0.0,operating,operating; operating pre-retirement; mothballed
P100000120995,BlueScope Steel EAF plant,BlueScope Steel Ltd,United States,North America,"39.8157120, -101.2751810",,BlueScope Steel Ltd [100.0%],N/A,unknown,unknown,approximate,EAF,https://www.gem.wiki/BlueScope_Steel_EAF_plant,39.815712,-101.275181,,,0.0,0.0,0.0,0.0,EAF / IF (electric),0.0,500.0,0.0,0.0,,,,announced,announced
P100000120512,BMM Ispat Danapur steel plant,BMM Ispat Ltd,India,Asia Pacific,"15.1697200, 76.3797100",20.0,JSW Projects Ltd [58.5%]; natural person(s) [41.5%],N/A,Karnataka,Danapura,exact,BF; BOF; DRI; EAF; IF,https://www.gem.wiki/BMM_Ispat_Danapur_steel_plant,15.16972,76.37971,2006.0,300.0,2500.0,800.0,2400.0,,Mixed (BF-BOF + electric),2208.0,0.0,0.0,0.0,1640.0,1100.0,1000.0,operating,operating
P100000120617,Bonab Steel Complex,Bonab Steel Complex,Iran,Middle East,"37.4174370, 46.0357780",21.0,Tourism Financial Group,N/A,East Azerbaijan,Bonab,exact,EAF; IF; DRI,https://www.gem.wiki/Bonab_Steel_Complex,37.417437,46.035778,2005.0,,0.0,0.0,0.0,0.0,EAF / IF (electric),1000.0,1500.0,0.0,0.0,0.0,0.0,320.0,operating,operating; construction
P100001061667,BPA Metallics Raigarh steel plant,BPA Metallics Pvt Ltd,India,Asia Pacific,"21.926993, 83.374089",,BPA Metallics Pvt Ltd [100.0%],N/A,Chhattisgarh,unknown,approximate,DRI; Steel other/unspecified,https://www.gem.wiki/BPA_Metallics_Raigarh_steel_plant,21.926993,83.374089,,,,0.0,,0.0,DRI (ironmaking only),0.0,613.0,0.0,0.0,,,,announced,announced
P100000120483,British Steel Scunthorpe plant,British Steel Ltd,United Kingdom,Europe,"53.5808270, -0.6165090",162.0,Jingye Steel (Uk) Holding Ltd,N/A,England,North Lincolnshire,exact,EAF; BF; BOF,https://www.gem.wiki/British_Steel_Scunthorpe_plant,53.580827,-0.616509,1864.0,3000.0,,,,,BF-BOF (coal-based),4500.0,0.0,0.0,1000.0,3000.0,4500.0,0.0,operating pre-retirement,operating pre-retirement; mothballed pre-retirement; cancelled
P100000121223,British Steel Teesside plant,British Steel Ltd,United Kingdom,Europe,"54.5894350, -1.1330550",,Jingye Steel (Uk) Holding Ltd,N/A,England,Lackenby,exact,EAF,https://www.gem.wiki/British_Steel_Teesside_plant,54.589435,-1.133055,,,0.0,0.0,0.0,0.0,EAF / IF (electric),0.0,0.0,0.0,900.0,,,,cancelled,cancelled
P100000120022,BSRM Ltd Mirsarai steel plant,Bangladesh Steel Re-Rolling Mills Ltd,Bangladesh,Asia Pacific,"22.8706310, 91.5458620",9.72,Bangladesh Steel Re-Rolling Mills Ltd [100.0%],N/A,Chattogram,Mirsarai,exact,IF,https://www.gem.wiki/BSRM_Ltd_Mirsarai_steel_plant,22.870631,91.545862,2016.0,1250.0,,0.0,,0.0,EAF / IF (electric),1150.0,0.0,0.0,0.0,0.0,0.0,0.0,operating,operating
P100000120021,BSRM Steels Mirsarai plant,BSRM Steels Ltd,Bangladesh,Asia Pacific,"22.8737740, 91.5455620",7.0,BSRM Steels Ltd [100.0%],N/A,Chattogram,Mirsarai,exact,IF,https://www.gem.wiki/BSRM_Steels_Mirsarai_plant,22.873774,91.545562,2019.0,1250.0,,0.0,,0.0,EAF / IF (electric),770.0,0.0,0.0,0.0,0.0,0.0,0.0,operating,operating
P100000120592,Butia Iranian Steel Kerman plant,Butia Iranian Steel Co,Iran,Middle East,"30.4912000, 56.8214000",15.0,Mabna Khavar Miyaneh Co; Pars Aryan Investment Co; Pasargad Arzesh Afarinan Co; Rahbord Sarmaye Iranian Co; small shareholder(s); Tejarat Pishegan Mihan Negar Pars Co,N/A,Kerman,Chatroud,exact,DRI; EAF,https://www.gem.wiki/Butia_Iranian_Steel_Kerman_plant,30.4912,56.8214,2011.0,700.0,,0.0,2500.0,0.0,DRI-EAF,1500.0,0.0,0.0,0.0,2000.0,0.0,1500.0,operating,operating
P100000120056,Byelorussian Steel Works,BMZ-Upravlyayushchaya Kompaniya Kholdinga BMK JSC,Belarus,Europe,"52.8493210, 29.9889850",42.0,BMZ-Upravlyayushchaya Kompaniya Kholdinga BMK JSC [100.0%],Full,Gomel Region,Zhlobin,exact,EAF,https://www.gem.wiki/Byelorussian_Steel_Works,52.849321,29.988985,1984.0,11789.0,0.0,0.0,0.0,0.0,EAF / IF (electric),3000.0,0.0,0.0,0.0,0.0,0.0,3000.0,operating,operating
P100001047724,Cag Celik steel plant,Çağ Çelik Iron and Steel Inc,Türkiye,Europe,"41.2354200, 32.6456790",,Çağ Çelik Iron and Steel Inc [100.0%],N/A,Karabük,Karabük,exact,EAF,https://www.gem.wiki/Cag_Celik_steel_plant,41.23542,32.645679,,350.0,0.0,0.0,0.0,0.0,EAF / IF (electric),0.0,1000.0,0.0,0.0,,,,announced,announced
P100000121154,Cambodia Iron and Steel Preah Vihear Plant,Cambodia Iron & Steel Mining Industry Group Co Ltd,Cambodia,Asia Pacific,"13.3666420, 105.1181290",,Cambodia Iron & Steel Mining Industry Group Co Ltd [100.0%],N/A,Preah Vihear,unknown,exact,BF; BOF,https://www.gem.wiki/Cambodia_Iron_and_Steel_Preah_Vihear_Plant,13.366642,105.118129,,,,,,,BF-BOF (coal-based),0.0,0.0,0.0,1000.0,,,,cancelled,cancelled
P100000120125,Cangzhou China Railway Equipment Manufacture Material Co Ltd,Cangzhou China Railway Equipment Manufacturing Materials Co Ltd,China,Asia Pacific,"38.2892210, 117.8143670",20.0,China Railway Materials Group Holdings Ltd [49.0%]; Shuangyao Investment Co Ltd [25.0%]; Hebei Xinhua United Metallurgical Holding Group Co Ltd [15.6%]; Sinogiant Steel HOLDINGS Group Ltd [9.4%]; unknown [1.0%],N/A,Hebei,Huanghua,exact,BF; BOF,https://www.gem.wiki/Cangzhou_China_Railway_Equipment_Manufacture_Material_Co_Ltd,38.289221,117.814367,2006.0,10100.0,5775.0,988.0,,,BF-BOF (coal-based),7500.0,0.0,0.0,0.0,7100.0,7500.0,0.0,operating,operating
P100000120385,Cangzhou Lingang Sanling Metal Co Ltd,Cangzhou Lingang Sanling Metal Co Ltd,China,Asia Pacific,"38.3117380, 117.4577790",31.0,Cangzhou Lingang Sanling Metal Co Ltd [100.0%],N/A,Hebei,Cangzhou,exact,EAF,https://www.gem.wiki/Cangzhou_Lingang_Sanling_Metal_Co_Ltd,38.311738,117.457779,1995.0,240.0,0.0,0.0,0.0,0.0,EAF / IF (electric),1000.0,0.0,0.0,1000.0,0.0,0.0,1000.0,operating,operating; retired
P100000120066,CAP Acero Huachipato steel plant,Compania Siderurgica Huachipato SA,Chile,Central & South America,"-36.7464210, -73.1291710",74.71,CAP SA [100.0%],N/A,Concepción,Talcahuano,exact,BF; BOF,https://www.gem.wiki/CAP_Acero_Huachipato_steel_plant,-36.746421,-73.129171,1950.0,1193.0,,500.0,,,BF-BOF (coal-based),0.0,0.0,0.0,1450.0,,,,retired,retired
P100001082544,Captain Steel Debipur steel plant,Captain Steel India Ltd,India,Asia Pacific,"23.782149607591688, 86.83591234561024",4.0,Captain Steel India Ltd [100.0%],N/A,West Bengal,Debipur,exact,IF,https://www.gem.wiki/Captain_Steel_Debipur_steel_plant,23.782149607591688,86.83591234561024,2022.0,1000.0,0.0,0.0,0.0,0.0,EAF / IF (electric),208.0,344.0,0.0,0.0,0.0,0.0,0.0,operating,operating; announced
P100001023577,Captain Steel Garbeta steel plant,Captain Steel India Ltd,India,Asia Pacific,"22.8558590, 87.3450180",0.0,Captain Steel India Ltd [100.0%],N/A,West Bengal,Garbeta,approximate,Iron other/unspecified; Steel other/unspecified,https://www.gem.wiki/Captain_Steel_Garbeta_steel_plant,22.855859,87.345018,2026.0,,,0.0,,0.0,Other / unspecified,0.0,800.0,0.0,0.0,,,,announced,announced
P100000120984,Cascade Steel Rolling Mills,Cascade Steel Rolling Mills Inc,United States,North America,"45.2280350, -123.1635990",58.0,Radius Recycling Inc [100.0%],N/A,Oregon,McMinnville,exact,EAF,https://www.gem.wiki/Cascade_Steel_Rolling_Mills,45.228035,-123.163599,1968.0,280.0,0.0,0.0,0.0,0.0,EAF / IF (electric),860.0,0.0,0.0,0.0,0.0,0.0,860.0,operating,operating
P100000120892,Cebitas steel plant,Çebitaş Demir Çelik Endüstrisi AŞ,Türkiye,Europe,"38.7407400, 26.9517430",37.0,Çebitaş Demir Çelik Endüstrisi AŞ [100.0%],N/A,İzmir,Aliağa,exact,EAF,https://www.gem.wiki/Cebitas_steel_plant,38.74074,26.951743,1989.0,450.0,0.0,0.0,0.0,0.0,EAF / IF (electric),860.0,0.0,0.0,0.0,0.0,0.0,860.0,operating,operating
P100000120456,Celsa Barcelona Castellbisbal steel plant,Compania Espanola de Laminacion SL,Spain,Europe,"41.4548550, 1.9801070",69.0,Anchorage Capital Advisors LP; Anchorage Capital Group LLC; Attestor Services Ltd; Deutsche Bank AG; GoldenTree Asset Management LP; Midwood Holdings LLC; Strategic Value Partners LLC,N/A,Barcelona,Castellbisbal,exact,EAF,https://www.gem.wiki/Celsa_Barcelona_Castellbisbal_steel_plant,41.454855,1.980107,1957.0,850.0,0.0,0.0,0.0,0.0,EAF / IF (electric),2500.0,0.0,0.0,0.0,0.0,0.0,2500.0,operating,operating
P100000120474,Celsa France Boucau steel plant,Celsa France SAS,France,Europe,"43.5296930, -1.5009710",61.0,Anchorage Capital Advisors LP; Anchorage Capital Group LLC; Attestor Services Ltd; Deutsche Bank AG; GoldenTree Asset Management LP; Midwood Holdings LLC; Strategic Value Partners LLC,N/A,Nouvelle-Aquitaine,Boucau,exact,EAF,https://www.gem.wiki/Celsa_France_Boucau_steel_plant,43.529693,-1.500971,1965.0,311.0,0.0,0.0,0.0,0.0,EAF / IF (electric),1200.0,0.0,0.0,0.0,0.0,0.0,1200.0,operating,operating
P100000120462,Celsa Global Steel Wire Santander plant,Global Steel Wire SA,Spain,Europe,"43.4453440, -3.8392280",127.0,Anchorage Capital Advisors LP; Anchorage Capital Group LLC; Attestor Services Ltd; Deutsche Bank AG; GoldenTree Asset Management LP; Midwood Holdings LLC; Strategic Value Partners LLC,N/A,Cantabria,Santander,exact,EAF,https://www.gem.wiki/Celsa_Global_Steel_Wire_Santander_plant,43.445344,-3.839228,1899.0,650.0,0.0,0.0,0.0,0.0,EAF / IF (electric),750.0,0.0,0.0,0.0,0.0,0.0,750.0,operating,operating
P100000120788,Celsa Huta Ostrowiec steel plant,Celsa Huta Ostrowiec SP zoo,Poland,Europe,"50.9473050, 21.4487630",213.0,Anchorage Capital Advisors LP; Anchorage Capital Group LLC; Attestor Services Ltd; Deutsche Bank AG; GoldenTree Asset Management LP; Midwood Holdings LLC; Strategic Value Partners LLC,N/A,Świętokrzyskie,Ostrowiec Swietokrzski,exact,EAF,https://www.gem.wiki/Celsa_Huta_Ostrowiec_steel_plant,50.947305,21.448763,1813.0,1804.0,0.0,0.0,0.0,0.0,EAF / IF (electric),1220.0,0.0,0.0,0.0,0.0,0.0,1220.0,operating,operating
P100000120467,Celsa Nervacero steel plant,Nervacero SA,Spain,Europe,"43.3080600, -3.0263090",55.0,Anchorage Capital Advisors LP; Anchorage Capital Group LLC; Attestor Services Ltd; Deutsche Bank AG; GoldenTree Asset Management LP; Midwood Holdings LLC; Strategic Value Partners LLC,N/A,Vizcaya,Valle de Trapaga,exact,EAF,https://www.gem.wiki/Celsa_Nervacero_steel_plant,43.30806,-3.026309,1971.0,330.0,0.0,0.0,0.0,0.0,EAF / IF (electric),1000.0,0.0,0.0,0.0,0.0,0.0,1000.0,operating,operating
P100000120784,Century Steel Khyber plant,Century Steel Pte Ltd,Pakistan,Asia Pacific,"34.072714, 72.141584",,Century Steel Pte Ltd [100.0%],N/A,Khyber Pakhtunkhwa,Nowshera,exact,Steel other/unspecified; Iron other/unspecified,https://www.gem.wiki/Century_Steel_Khyber_plant,34.072714,72.141584,,1000.0,,,,,Other / unspecified,0.0,1500.0,0.0,0.0,,,,construction,construction; announced
P100000120690,Ch'ollima Steel Complex steel plant,Government of North Korea,North Korea,Asia Pacific,"38.9263480, 125.5826280",70.0,Government of North Korea [100.0%],Full,South Pyongan,Nampo,exact,EAF,https://www.gem.wiki/Ch'ollima_Steel_Complex_steel_plant,38.926348,125.582628,1956.0,8000.0,0.0,0.0,0.0,0.0,EAF / IF (electric),752.0,,0.0,0.0,0.0,0.0,752.0,operating,operating; construction
P100000120687,Ch'ŏngjin Ironworks steel plant,Government of North Korea,North Korea,Asia Pacific,"41.7779360, 129.7923990",84.0,Government of North Korea [100.0%],Full,North Hamgyeong,Chongjin,exact,BF; BOF; DRI; EAF,https://www.gem.wiki/Ch'ŏngjin_Ironworks_steel_plant,41.777936,129.792399,1942.0,,,,,,Mixed (BF-BOF + electric),2000.0,0.0,0.0,0.0,1699.0,1500.0,500.0,operating,operating
P100000121225,Chadormalu Mining and Industrial Company Yazd steel plant,Chadormalu Mining & Industrial Co,Iran,Middle East,"32.3873280, 53.7477060",9.0,Chadormalu Mining & Industrial Co [100.0%],Partial,Yazd,Ardakan,exact,DRI; EAF,https://www.gem.wiki/Chadormalu_Mining_and_Industrial_Company_Yazd_steel_plant,32.387328,53.747706,2017.0,,,0.0,4000.0,0.0,DRI-EAF,1200.0,0.0,0.0,0.0,1586.0,0.0,1200.0,operating,operating
P100001023452,Chan May green steel plant,unknown,Vietnam,Asia Pacific,"16.3354000, 108.0248000",,unknown [100.0%],N/A,Thua Thien-Hue,Chan May,approximate,Steel other/unspecified,https://www.gem.wiki/Chan_May_green_steel_plant,16.3354,108.0248,2028.0,,0.0,0.0,0.0,0.0,Other / unspecified,0.0,3000.0,0.0,0.0,,,,announced,announced
P100001064089,Changli Xingguo Precision Machinery Co Ltd,Changli Xingguo Precision Machinery Co Ltd,China,Asia Pacific,"39.7049210, 118.8974170",30.47,Changli Xingguo Precision Machinery Co Ltd [100.0%],N/A,Hebei,Qinhuangdao,exact,BF,https://www.gem.wiki/Changli_Xingguo_Precision_Machinery_Co_Ltd,39.704921,118.897417,1995.0,840.0,,,,,BF-BOF (coal-based),0.0,0.0,0.0,0.0,1100.0,0.0,0.0,operating,operating
P100000120194,Changshu Longteng Special Steel Co Ltd,Changshu Longteng Special Steel Co Ltd,China,Asia Pacific,"31.7238330, 120.8356850",31.75,Changshu Longteng Special Steel Co Ltd [100.0%],N/A,Jiangsu,Meili,exact,BF; BOF; EAF,https://www.gem.wiki/Changshu_Longteng_Special_Steel_Co_Ltd,31.723833,120.835685,1994.0,3469.0,,,,,Mixed (BF-BOF + electric),3203.0,0.0,0.0,872.0,1040.0,2340.0,863.0,operating,operating; retired
P100000120265,Changzhi Xingbao Steel Co Ltd,Lucheng Xingbao Iron & Steel Co Ltd,China,Asia Pacific,"36.3324490, 113.1550900",22.85,Lucheng Xingbao Iron & Steel Co Ltd [100.0%],N/A,Shanxi,Shijing,exact,BF; BOF,https://www.gem.wiki/Changzhi_Xingbao_Steel_Co_Ltd,36.332449,113.15509,2003.0,1154.0,,,,,BF-BOF (coal-based),1900.0,0.0,0.0,0.0,1370.0,1900.0,0.0,operating,operating
P100000120201,Changzhou Eastern Special Steel Co Ltd,Changzhou Dongfang Special Steel Co Ltd,China,Asia Pacific,"31.6025540, 119.7242560",16.09,Changzhou Dongrun Special Steel Co Ltd [90.0%]; natural person(s) [10.0%],N/A,Jiangsu,Huangli,exact,EAF; BF; BOF,https://www.gem.wiki/Changzhou_Eastern_Special_Steel_Co_Ltd,31.602554,119.724256,2010.0,2589.0,,,,,BF-BOF (coal-based),3300.0,0.0,0.0,3120.0,1560.0,3300.0,0.0,operating,operating; retired
P100000120986,Charter Steel Cleveland plant,Charter Manufacturing Co Inc,United States,North America,"41.4431470, -81.6599110",20.0,Charter Manufacturing Co Inc [100.0%],N/A,Ohio,Cuyahoga Heights,exact,EAF,https://www.gem.wiki/Charter_Steel_Cleveland_plant,41.443147,-81.659911,2006.0,410.0,0.0,0.0,0.0,0.0,EAF / IF (electric),635.0,0.0,0.0,0.0,0.0,0.0,635.0,operating,operating
P100000120985,Charter Steel Saukville plant,Charter Manufacturing Co Inc,United States,North America,"43.4005330, -87.9482000",35.0,Charter Manufacturing Co Inc [100.0%],N/A,Wisconsin,Saukville,exact,EAF,https://www.gem.wiki/Charter_Steel_Saukville_plant,43.400533,-87.9482,1991.0,345.0,0.0,0.0,0.0,0.0,EAF / IF (electric),570.0,0.0,0.0,0.0,0.0,0.0,570.0,operating,operating
P100000120105,Chengde Iron and Steel Group Co Ltd,Chengde Street Ltd,China,Asia Pacific,"40.9477070, 117.7197470",72.0,HBIS Group Co Ltd [100.0%],Full,Hebei,Chengde,exact,BF; BOF,https://www.gem.wiki/Chengde_Iron_and_Steel_Group_Co_Ltd,40.947707,117.719747,1954.0,12588.0,,,,,BF-BOF (coal-based),8000.0,0.0,0.0,0.0,8106.0,8000.0,0.0,operating,operating
P100000120123,Chengde Jianlong Special Steel Co Ltd,Chengde Jianlong SPECIAL Steel Co Ltd,China,Asia Pacific,"40.5150350, 117.5960710",25.0,Beijing Jianlong Investment Co Ltd [90.2%]; unknown [9.8%],N/A,Hebei,Chengde,exact,BF; BOF,https://www.gem.wiki/Chengde_Jianlong_Special_Steel_Co_Ltd,40.515035,117.596071,2001.0,3834.0,1232.0,,573.0,,BF-BOF (coal-based),4400.0,0.0,0.0,0.0,2191.0,4400.0,0.0,operating,operating
P100000120154,Chengde Shengfeng Iron and Steel Co Ltd,Chengde Shengfeng Iron & Steel Co Ltd,China,Asia Pacific,"40.6224660, 118.4908450",17.0,Chengde Shengfeng Iron & Steel Co Ltd [100.0%],N/A,Hebei,Chengde,exact,BF; BOF,https://www.gem.wiki/Chengde_Shengfeng_Iron_and_Steel_Co_Ltd,40.622466,118.490845,2003.0,50.0,,,,,BF-BOF (coal-based),0.0,0.0,0.0,1301.0,,,,retired,retired
P100000120153,Chengde Zhaofeng Steel Group Co Ltd,Chengde Zhaofeng Steel Group Co Ltd,China,Asia Pacific,"40.5938750, 118.6333340",19.0,Chengde Zhaofeng Steel Group Co Ltd [100.0%],N/A,Hebei,Chengde,exact,BF; BOF,https://www.gem.wiki/Chengde_Zhaofeng_Steel_Group_Co_Ltd,40.593875,118.633334,2001.0,171.0,,,10000.0,,BF-BOF (coal-based),0.0,0.0,0.0,1700.0,,,,retired,retired
P100000120329,Chengdu Changfeng Iron and Steel Group Co Ltd,Chengdu Changfeng Steel Group Co Ltd,China,Asia Pacific,"31.0319210, 103.6729560",56.0,Chengdu Changfeng Steel Group Co Ltd [100.0%],N/A,Sichuan,unknown,exact,EAF,https://www.gem.wiki/Chengdu_Changfeng_Iron_and_Steel_Group_Co_Ltd,31.031921,103.672956,1970.0,1020.0,0.0,0.0,0.0,0.0,EAF / IF (electric),1500.0,0.0,0.0,2240.0,0.0,0.0,1500.0,operating,operating; retired
P100000120279,Chengyu Vanadium and Titanium Technology Co Ltd,Chengyu Vanadium & Titanium Technology Co Ltd,China,Asia Pacific,"29.7321430, 104.5043390",19.46,Grand Royal Co Ltd [45.2%]; Sichuan Jintong Investment Co Ltd [14.0%]; unknown [11.7%]; Sichuan Chuanwei Group Co Ltd Labor Union [9.5%]; Sichuan Chuanwei Group Co Ltd [8.6%]; Sichuan Yiweili Investment Co Ltd [6.0%]; Weiyuan Tianyue Enterprise Management Co Ltd [5.0%],N/A,Sichuan,Lianjie,exact,BF; BOF; EAF,https://www.gem.wiki/Chengyu_Vanadium_and_Titanium_Technology_Co_Ltd,29.732143,104.504339,2006.0,5350.0,,1100.0,,,BF-BOF (coal-based),6050.0,2000.0,0.0,0.0,5000.0,6050.0,0.0,operating,operating; operating pre-retirement; announced
P100000120183,Chifeng Yuanlian Steel Co Ltd,Chifeng Yuanlian Steel Co Ltd,China,Asia Pacific,"42.2781150, 119.0152890",23.53,Tangshan Jiaqi International Trade Co Ltd [90.0%]; Chifeng Yuanjian Iron and Steel Industry Co Ltd [10.0%],N/A,Inner Mongolia,unknown,exact,BF; BOF,https://www.gem.wiki/Chifeng_Yuanlian_Steel_Co_Ltd,42.278115,119.015289,2002.0,4407.0,,,,,BF-BOF (coal-based),2450.0,0.0,0.0,0.0,2310.0,2450.0,0.0,operating,operating
P100000120327,Chifeng Zhongtang Special Steel Co Ltd,Chifeng Zhongtang Special Steel Co Ltd,China,Asia Pacific,"41.8340640, 119.2818830",4.0,Tangshan Jinma Iron & Steel Group Co Ltd [83.7%]; Hainan Mingbo Investment Co Ltd [16.0%]; unknown [0.3%],N/A,Inner Mongolia,unknown,exact,BF; BOF,https://www.gem.wiki/Chifeng_Zhongtang_Special_Steel_Co_Ltd,41.834064,119.281883,2022.0,,,,,,BF-BOF (coal-based),2700.0,0.0,0.0,0.0,2740.0,2700.0,0.0,operating,operating
P100000120686,China Baowu Phnom Penh steel plant,Xinjiang Bayi Steel Southern Xinjiang Steel Baicheng Co Ltd,Cambodia,Asia Pacific,"11.5670300, 104.8638930",,China Baowu Steel Group Co Ltd [100.0%],N/A,Phnom Penh,Phnom Penh,approximate,BF; BOF,https://www.gem.wiki/China_Baowu_Phnom_Penh_steel_plant,11.56703,104.863893,,,,,,,BF-BOF (coal-based),0.0,0.0,0.0,3100.0,,,,cancelled,cancelled
P100000120897,China Steel Xiaogang steel plant,China Steel Corp,Taiwan,Asia Pacific,"22.5554420, 120.3492520",55.0,China Steel Corp [100.0%],Partial,Kaohsiung,Kaohsiung,exact,BF; BOF; EAF,https://www.gem.wiki/China_Steel_Xiaogang_steel_plant,22.555442,120.349252,1971.0,17434.0,,,,,BF-BOF (coal-based),10000.0,1500.0,0.0,0.0,11020.0,10000.0,0.0,operating,operating; operating pre-retirement; announced
P100000121041,Chizhou Guichi Guihang Metal Products Co Ltd,Chizhou Guichi Guihang Metal Products Co Ltd,China,Asia Pacific,"30.5327860, 117.2516600",26.0,Chizhou Guichi Guihang Metal Products Co Ltd [100.0%],N/A,Anhui,Chizhou,exact,EAF,https://www.gem.wiki/Chizhou_Guichi_Guihang_Metal_Products_Co_Ltd,30.532786,117.25166,2000.0,247.0,0.0,0.0,0.0,0.0,EAF / IF (electric),1000.0,0.0,0.0,1000.0,0.0,0.0,1000.0,operating,operating; retired
P100000120286,Chongli Steel Manufacturing Co Ltd,Chongli Steel Manufacturing Co Ltd,China,Asia Pacific,"36.6024680, 113.7557440",14.0,British Asia Pan Ruogen International Co Ltd [59.2%]; unknown [40.8%],N/A,Hebei,Handan,exact,BF; BOF,https://www.gem.wiki/Chongli_Steel_Manufacturing_Co_Ltd,36.602468,113.755744,2003.0,2711.0,800.0,,,,BF-BOF (coal-based),0.0,0.0,0.0,1800.0,,,,retired,retired
P100000120074,Chongqing Iron and Steel Co Ltd,Chongqing Iron & Steel Co Ltd,China,Asia Pacific,"29.7902530, 107.0403680",29.0,Chongqing Iron & Steel Co Ltd [100.0%],N/A,Chongqing,Changshou,exact,BF; BOF,https://www.gem.wiki/Chongqing_Iron_and_Steel_Co_Ltd,29.790253,107.040368,1997.0,5341.0,,,,,BF-BOF (coal-based),8400.0,0.0,0.0,0.0,9735.0,8400.0,0.0,operating,operating
P100001064274,Chongqing Pengcheng Steel Co Ltd,Chongqing Pengcheng Steel Co Ltd,China,Asia Pacific,"29.2596990, 106.2140310",27.67,Chongqing Pengcheng Steel Co Ltd [100.0%],N/A,Chongqing,unknown,approximate,EAF,https://www.gem.wiki/Chongqing_Pengcheng_Steel_Co_Ltd,29.259699,106.214031,1998.0,285.0,0.0,0.0,0.0,0.0,EAF / IF (electric),520.0,0.0,0.0,0.0,0.0,0.0,520.0,operating,operating
P100000120409,Chongqing Yonghang Steel Group Co Ltd,Chongqing Yonghang Steel Group Co Ltd,China,Asia Pacific,"29.8361630, 106.9881380",23.0,Chongqing Yonghang Steel Group Co Ltd [100.0%],N/A,Chongqing,Yanjia,exact,EAF,https://www.gem.wiki/Chongqing_Yonghang_Steel_Group_Co_Ltd,29.836163,106.988138,2003.0,241.0,0.0,0.0,0.0,0.0,EAF / IF (electric),700.0,0.0,0.0,0.0,0.0,0.0,700.0,operating,operating
P100001064279,Chongqing Yuxi Iron & Steel (Group) Co Ltd,Chongqing Yuxi Iron & Steel (Group) Co Ltd,China,Asia Pacific,"29.488759, 105.862658",25.97,Chongqing Yuxi Iron & Steel (Group) Co Ltd [100.0%],N/A,Chongqing,unknown,exact,BF; EAF,https://www.gem.wiki/Chongqing_Yuxi_Iron_&_Steel_(Group)_Co_Ltd,29.488759,105.862658,2000.0,1000.0,,,,,Mixed (BF-BOF + electric),260.0,0.0,0.0,0.0,1000.0,0.0,260.0,operating,operating
P100000120317,Chongqing Zuhang Iron and Steel Co Ltd,Chongqing Zuhang Steel Co Ltd,China,Asia Pacific,"29.4400560, 105.7419290",18.0,Chongqing Zuhang Steel Co Ltd [100.0%],N/A,Chongqing,Shuangqiao,exact,EAF,https://www.gem.wiki/Chongqing_Zuhang_Iron_and_Steel_Co_Ltd,29.440056,105.741929,2008.0,463.0,0.0,0.0,0.0,0.0,EAF / IF (electric),1010.0,1010.0,0.0,0.0,0.0,0.0,1010.0,operating pre-retirement,operating pre-retirement; construction
P100000121168,Chow Steel Kabinburi steel plant,Chow Steel Industries PCL,Thailand,Asia Pacific,"14.0747570, 101.8421500",21.0,Chow Steel Industries PCL [100.0%],N/A,Prachinburi,Kabinburi,exact,IF,https://www.gem.wiki/Chow_Steel_Kabinburi_steel_plant,14.074757,101.84215,2005.0,,,,,,EAF / IF (electric),730.0,0.0,0.0,0.0,0.0,0.0,0.0,operating,operating
P100000120683,Chubu Steel Plate Nagoya plant,Chubu Steel Plate Co Ltd,Japan,Asia Pacific,"35.1188360, 136.8675670",67.0,Chubu Steel Plate Co Ltd [100.0%],N/A,Chūbu,Ousudori,exact,EAF,https://www.gem.wiki/Chubu_Steel_Plate_Nagoya_plant,35.118836,136.867567,1959.0,372.0,0.0,0.0,0.0,0.0,EAF / IF (electric),800.0,0.0,0.0,800.0,0.0,0.0,800.0,operating,operating; retired
P100000120923,Cleveland-Cliffs Burns Harbor steel plant,Cleveland-Cliffs Inc,United States,North America,"41.6312210, -87.1438460",62.0,Cleveland-Cliffs Inc [100.0%],N/A,Indiana,Burns Harbor,exact,BF; BOF,https://www.gem.wiki/Cleveland-Cliffs_Burns_Harbor_steel_plant,41.631221,-87.143846,1964.0,4039.0,2800.0,1877.0,,,BF-BOF (coal-based),5001.0,0.0,0.0,0.0,4960.0,5001.0,0.0,operating,operating
P100000120919,Cleveland-Cliffs Butler steel plant,Cleveland-Cliffs Inc,United States,North America,"40.8455240, -79.9214520",118.0,Cleveland-Cliffs Inc [100.0%],N/A,Pennsylvania,Lyndora,exact,EAF,https://www.gem.wiki/Cleveland-Cliffs_Butler_steel_plant,40.845524,-79.921452,1908.0,1300.0,0.0,0.0,0.0,0.0,EAF / IF (electric),908.0,0.0,0.0,0.0,0.0,0.0,908.0,operating,operating
P100000120927,Cleveland-Cliffs Cleveland steel plant,Cleveland-Cliffs Inc,United States,North America,"41.4640410, -81.6764990",113.0,Cleveland-Cliffs Inc [100.0%],N/A,Ohio,Cleveland,exact,BF; BOF,https://www.gem.wiki/Cleveland-Cliffs_Cleveland_steel_plant,41.464041,-81.676499,1913.0,2100.0,,0.0,,,BF-BOF (coal-based),4100.0,0.0,0.0,0.0,2810.0,4100.0,0.0,operating,operating
P100000120924,Cleveland-Cliffs Coatesville steel plant,Cleveland-Cliffs Inc,United States,North America,"39.9778190, -75.8245120",216.0,Cleveland-Cliffs Inc [100.0%],N/A,Pennsylvania,Coatesville,exact,EAF,https://www.gem.wiki/Cleveland-Cliffs_Coatesville_steel_plant,39.977819,-75.824512,1810.0,754.0,0.0,0.0,0.0,0.0,EAF / IF (electric),800.0,0.0,0.0,0.0,0.0,0.0,800.0,operating,operating
P100000120920,Cleveland-Cliffs Dearborn steel plant,Cleveland-Cliffs Inc,United States,North America,"42.3081710, -83.1613530",106.0,Cleveland-Cliffs Inc [100.0%],N/A,Michigan,Dearborn,exact,BF; BOF,https://www.gem.wiki/Cleveland-Cliffs_Dearborn_steel_plant,42.308171,-83.161353,1920.0,581.0,,,,,BF-BOF (coal-based),0.0,0.0,3000.0,0.0,,,,mothballed,mothballed
P100000120926,Cleveland-Cliffs Indiana Harbor steel plant,Cleveland-Cliffs Inc,United States,North America,"41.6695530, -87.4384290",125.0,Cleveland-Cliffs Inc [100.0%],N/A,Indiana,East Chicago,exact,BF; BOF; EAF,https://www.gem.wiki/Cleveland-Cliffs_Indiana_Harbor_steel_plant,41.669553,-87.438429,1901.0,3431.0,2300.0,,,,BF-BOF (coal-based),6800.0,0.0,454.0,0.0,4200.0,6800.0,0.0,operating,operating; mothballed
P100000120061,Cleveland-Cliffs Lake Erie steel plant,Cleveland-Cliffs Inc,Canada,North America,"42.8054480, -80.0953130",46.0,Cleveland-Cliffs Inc [100.0%],N/A,Ontario,Nanticoke,exact,BF; BOF,https://www.gem.wiki/Cleveland-Cliffs_Lake_Erie_steel_plant,42.805448,-80.095313,1980.0,1250.0,,650.0,,,BF-BOF (coal-based),2500.0,0.0,0.0,0.0,2400.0,2500.0,0.0,operating,operating
P100000120971,Cleveland-Cliffs Mansfield Works,Cleveland-Cliffs Inc,United States,North America,"40.7901230, -82.5262390",102.0,Cleveland-Cliffs Inc [100.0%],N/A,Ohio,Mansfield,exact,EAF,https://www.gem.wiki/Cleveland-Cliffs_Mansfield_Works,40.790123,-82.526239,1924.0,413.0,0.0,0.0,0.0,0.0,EAF / IF (electric),546.0,0.0,0.0,0.0,0.0,0.0,546.0,operating,operating
P100000120921,Cleveland-Cliffs Middletown steel plant,Cleveland-Cliffs Inc,United States,North America,"39.4885890, -84.3861970",125.0,Cleveland-Cliffs Inc [100.0%],N/A,Ohio,Middletown,exact,BOF; DRI; BF,https://www.gem.wiki/Cleveland-Cliffs_Middletown_steel_plant,39.488589,-84.386197,1901.0,2363.0,,,,,BF-BOF (coal-based),3000.0,0.0,0.0,0.0,2090.0,3000.0,0.0,operating,operating; cancelled
P100000120922,Cleveland-Cliffs Riverdale steel plant,Cleveland-Cliffs Inc,United States,North America,"41.6573210, -87.6257020",109.0,Cleveland-Cliffs Inc [100.0%],N/A,Illinois,Riverdale,exact,BOF,https://www.gem.wiki/Cleveland-Cliffs_Riverdale_steel_plant,41.657321,-87.625702,1917.0,305.0,0.0,0.0,,0.0,BF-BOF (coal-based),0.0,0.0,1000.0,0.0,,,,mothballed,mothballed
P100000120925,Cleveland-Cliffs Steelton steel plant,Cleveland-Cliffs Inc,United States,North America,"40.2307200, -76.8385060",160.0,Cleveland-Cliffs Inc [100.0%],N/A,Pennsylvania,Steelton,exact,EAF,https://www.gem.wiki/Cleveland-Cliffs_Steelton_steel_plant,40.23072,-76.838506,1866.0,577.0,0.0,0.0,0.0,0.0,EAF / IF (electric),0.0,0.0,0.0,1000.0,,,,retired,retired
P100000120969,Cleveland-Cliffs Toledo DRI plant,Cleveland-Cliffs Inc,United States,North America,"41.6728160, -83.4778330",6.0,Cleveland-Cliffs Inc [100.0%],N/A,Ohio,Toledo,exact,DRI,https://www.gem.wiki/Cleveland-Cliffs_Toledo_DRI_plant,41.672816,-83.477833,2020.0,166.0,,0.0,,0.0,DRI (ironmaking only),0.0,0.0,0.0,0.0,1900.0,0.0,0.0,operating,operating
P100000120991,CMC Alabama steel plant,Commercial Metals Co,United States,North America,"33.5343720, -86.7577300",32.0,Commercial Metals Co [100.0%],N/A,Alabama,Birmingham,exact,EAF,https://www.gem.wiki/CMC_Alabama_steel_plant,33.534372,-86.75773,1994.0,409.0,0.0,0.0,0.0,0.0,EAF / IF (electric),653.0,0.0,0.0,0.0,0.0,0.0,653.0,operating,operating
P100000120994,CMC Arizona steel plant,Commercial Metals Co,United States,North America,"33.2858280, -111.5865610",17.0,Commercial Metals Co [100.0%],N/A,Arizona,Mesa,exact,EAF,https://www.gem.wiki/CMC_Arizona_steel_plant,33.285828,-111.586561,2009.0,558.0,0.0,0.0,0.0,0.0,EAF / IF (electric),890.0,0.0,0.0,0.0,0.0,0.0,890.0,operating,operating
P100000120992,CMC South Carolina steel plant,Commercial Metals Co,United States,North America,"33.9622720, -81.0520110",34.0,Commercial Metals Co [100.0%],N/A,South Carolina,Cayce,exact,EAF,https://www.gem.wiki/CMC_South_Carolina_steel_plant,33.962272,-81.052011,1992.0,487.0,0.0,0.0,0.0,0.0,EAF / IF (electric),776.0,0.0,0.0,0.0,0.0,0.0,776.0,operating,operating
P100000120989,CMC Steel Florida plant,Commercial Metals Co,United States,North America,"30.2829070, -81.9787350",52.0,Commercial Metals Co [100.0%],N/A,Florida,Jacksonville,exact,EAF,https://www.gem.wiki/CMC_Steel_Florida_plant,30.282907,-81.978735,1974.0,387.0,0.0,0.0,0.0,0.0,EAF / IF (electric),617.0,0.0,0.0,0.0,0.0,0.0,617.0,operating,operating
P100000120990,CMC Steel New Jersey plant,Commercial Metals Co,United States,North America,"40.4788240, -74.3211870",32.0,Commercial Metals Co [100.0%],N/A,New Jersey,Sayreville,exact,EAF,https://www.gem.wiki/CMC_Steel_New_Jersey_plant,40.478824,-74.321187,1994.0,426.0,0.0,0.0,0.0,0.0,EAF / IF (electric),653.0,0.0,0.0,0.0,0.0,0.0,653.0,operating,operating
P100000120929,CMC Steel Texas plant,Commercial Metals Co,United States,North America,"29.5774590, -98.0320170",44.0,Commercial Metals Co [100.0%],N/A,Texas,Seguin,exact,EAF,https://www.gem.wiki/CMC_Steel_Texas_plant,29.577459,-98.032017,1982.0,591.0,0.0,0.0,0.0,0.0,EAF / IF (electric),943.0,0.0,0.0,0.0,0.0,0.0,943.0,operating,operating
P100000120993,CMC Tennessee steel plant,Commercial Metals Co,United States,North America,"35.9781040, -83.9565720",26.0,Commercial Metals Co [100.0%],N/A,Tennessee,Knoxville,exact,EAF,https://www.gem.wiki/CMC_Tennessee_steel_plant,35.978104,-83.956572,2000.0,933.0,0.0,0.0,0.0,0.0,EAF / IF (electric),544.0,0.0,0.0,0.0,0.0,0.0,544.0,operating,operating
P100001061378,CMC West Virginia steel plant,Commercial Metals Co,United States,North America,"39.5515843, -77.8977710",1.0,Commercial Metals Co [100.0%],N/A,West Virginia,Martinsburg,exact,EAF,https://www.gem.wiki/CMC_West_Virginia_steel_plant,39.5515843,-77.897771,2026.0,230.0,0.0,0.0,0.0,0.0,EAF / IF (electric),0.0,590.0,0.0,0.0,,,,construction,construction
P100000120787,CMC Zawiercie steel plant,CMC Poland SP zoo,Poland,Europe,"50.4874630, 19.4567590",125.0,Commercial Metals Co [100.0%],N/A,Silesia,Zawiercie,exact,EAF,https://www.gem.wiki/CMC_Zawiercie_steel_plant,50.487463,19.456759,1901.0,2000.0,0.0,0.0,0.0,0.0,EAF / IF (electric),1700.0,0.0,0.0,0.0,0.0,0.0,1700.0,operating,operating
P100000120503,CNR Mandan Steel South Kalimantan plant,PT Mandan Steel,Indonesia,Asia Pacific,"-3.3392960, 115.9271250",12.0,CNR Group Holdings Pte Ltd [99.9%]; small shareholder(s) [0.1%],N/A,South Kalimantan,unknown,approximate,BF; BOF,https://www.gem.wiki/CNR_Mandan_Steel_South_Kalimantan_plant,-3.339296,115.927125,2014.0,,,,,,BF-BOF (coal-based),1000.0,0.0,0.0,0.0,1000.0,1000.0,0.0,operating,operating
P100000120867,Colakoglu Metallurgical Dilovasi steel plant,Çolakoğlu Metalürji AŞ,Türkiye,Europe,"40.7684090, 29.5299790",57.0,Çolakoğlu Metalürji AŞ [100.0%],N/A,Kocaeli,Dilovası,exact,EAF,https://www.gem.wiki/Colakoglu_Metallurgical_Dilovasi_steel_plant,40.768409,29.529979,1969.0,,0.0,0.0,0.0,0.0,EAF / IF (electric),4500.0,0.0,0.0,0.0,0.0,0.0,4500.0,operating,operating
P100000121215,Companhia Siderurgica do Cuchi pig iron plant,Companhia Siderurgica do Cuchi SA,Angola,Africa,"-14.6501660, 16.9256060",2.47,Ferrangoland; Modulax Industria E Comercio Ltda,Partial,Cuando Cubango,Cuchi,exact,BF,https://www.gem.wiki/Companhia_Siderurgica_do_Cuchi_pig_iron_plant,-14.650166,16.925606,2023.0,1200.0,,,,,BF-BOF (coal-based),0.0,0.0,0.0,0.0,96.0,0.0,0.0,operating,operating; announced
P100001045282,Crest Steel and Power Mangatta steel plant,Crest Steel and Power Pvt Ltd,India,Asia Pacific,"21.1903130, 81.1992200",21.13,Atha Group [47.5%]; Ghanashyam Misra & Sons Pvt Ltd [47.5%],N/A,Chhattisgarh,Mangatta,exact,DRI; IF; BF; EAF,https://www.gem.wiki/Crest_Steel_and_Power_Mangatta_steel_plant,21.190313,81.19922,2005.0,2500.0,,,1400.0,,DRI-EAF,96.0,1046.0,34.0,0.0,232.0,0.0,0.0,operating,operating; construction; announced; mothballed
P100000120434,CSN Stahlwerk Thüringen Unterwellenborn steel plant,Stahlwerk Thueringen GmbH,Germany,Europe,"50.6545740, 11.4374500",148.0,Companhia Siderúrgica Nacional SA [100.0%],N/A,Thuringia,Unterwellenborn,exact,EAF,https://www.gem.wiki/CSN_Stahlwerk_Thüringen_Unterwellenborn_steel_plant,50.654574,11.43745,1878.0,700.0,,,,,EAF / IF (electric),1100.0,0.0,0.0,0.0,0.0,0.0,1100.0,operating,operating
P100000120039,CSN Volta Redonda steel plant,Companhia Siderúrgica Nacional SA,Brazil,Central & South America,"-22.5126310, -44.1128700",80.0,Companhia Siderúrgica Nacional SA [100.0%],N/A,Rio de Janeiro,Volta Redonda,exact,BF; BOF; EAF,https://www.gem.wiki/CSN_Volta_Redonda_steel_plant,-22.512631,-44.11287,1946.0,15518.0,6930.0,1680.0,,,Mixed (BF-BOF + electric),6251.0,0.0,0.0,0.0,5580.0,5751.0,500.0,operating,operating
P100000121010,CVG Briquetera de Venezuela DRI plant,Matesi,Venezuela,Central & South America,"8.3001590, -62.7801360",26.0,Matesi [100.0%],Full,Bolívar,Ciudad Guayana,exact,DRI,https://www.gem.wiki/CVG_Briquetera_de_Venezuela_DRI_plant,8.300159,-62.780136,2000.0,130.0,,0.0,,0.0,DRI (ironmaking only),0.0,0.0,0.0,0.0,,,,mothballed,mothballed
P100000121008,CVG Briquetera del Caroní DRI plant,Corporacion Venezolana de Guayana,Venezuela,Central & South America,"8.2901420, -62.8054190",35.23,Corporacion Venezolana de Guayana [100.0%],Full,Bolívar,Ciudad Guayana,exact,DRI,https://www.gem.wiki/CVG_Briquetera_del_Caroní_DRI_plant,8.290142,-62.805419,1990.0,456.0,,0.0,,0.0,DRI (ironmaking only),0.0,0.0,0.0,0.0,820.0,0.0,0.0,operating,operating
P100000121007,CVG Briquetera del Orinoco DRI plant,Briquetera del Orinoco CA,Venezuela,Central & South America,"8.2749650, -62.8192820",26.0,Briquetera del Orinoco CA [100.0%],Full,Bolívar,Ciudad Guayana,exact,DRI,https://www.gem.wiki/CVG_Briquetera_del_Orinoco_DRI_plant,8.274965,-62.819282,2000.0,1150.0,,0.0,,0.0,DRI (ironmaking only),0.0,0.0,0.0,0.0,2200.0,0.0,0.0,operating,operating
P100000121005,CVG Comsigua DRI plant,Complejo Siderurgico de Guayana CA,Venezuela,Central & South America,"8.2976620, -62.7801490",28.0,Complejo Siderurgico de Guayana CA [100.0%],Full,Bolívar,Ciudad Guayana,exact,DRI,https://www.gem.wiki/CVG_Comsigua_DRI_plant,8.297662,-62.780149,1998.0,353.0,,0.0,,0.0,DRI (ironmaking only),0.0,0.0,0.0,0.0,1000.0,0.0,0.0,operating,operating
P100000121006,CVG Ferrominera Orinoco DRI plant,CVG Ferrominera Orinoco CA,Venezuela,Central & South America,"8.3346800, -62.7288420",36.0,Corporación Siderúrgica de Venezuela SA,Full,Bolívar,Ciudad Guayana,exact,DRI,https://www.gem.wiki/CVG_Ferrominera_Orinoco_DRI_plant,8.33468,-62.728842,1990.0,,,0.0,,0.0,DRI (ironmaking only),0.0,0.0,0.0,0.0,1000.0,0.0,0.0,operating,operating
P100000121170,DaehanSteel Noksan steel plant,Daehan Steel Co Ltd,South Korea,Asia Pacific,"35.0990980, 128.8603390",18.22,Daehan Steel Co Ltd [100.0%],N/A,South Gyeongsang,Busan,exact,EAF,https://www.gem.wiki/DaehanSteel_Noksan_steel_plant,35.099098,128.860339,2007.0,253.0,0.0,0.0,0.0,0.0,EAF / IF (electric),1000.0,0.0,0.0,0.0,0.0,0.0,1000.0,operating,operating
P100000120645,Daido Steel Chita plant (Tokai),Daido Steel Co Ltd,Japan,Asia Pacific,"35.0164040, 136.8647440",64.0,Daido Steel Co Ltd [100.0%],N/A,Aichi,Tokai,exact,EAF,https://www.gem.wiki/Daido_Steel_Chita_plant_(Tokai),35.016404,136.864744,1962.0,3878.0,0.0,0.0,0.0,0.0,EAF / IF (electric),1500.0,0.0,0.0,0.0,0.0,0.0,1500.0,operating,operating
P100000120621,Danieli ABS Pozzuolo del Friuli steel plant,Acciaierie Bertoli Safau SpA,Italy,Europe,"46.0084830, 13.2551170",213.0,Danieli & C Officine Meccaniche SpA [99.9%]; small shareholder(s) [0.1%],N/A,Province of Udine,Pozzuolo del Friuli,exact,EAF,https://www.gem.wiki/Danieli_ABS_Pozzuolo_del_Friuli_steel_plant,46.008483,13.255117,1813.0,1500.0,0.0,0.0,0.0,0.0,EAF / IF (electric),1500.0,730.0,0.0,0.0,0.0,0.0,1500.0,operating,operating; announced
P100000120202,Danyang Longjiang Steel Co Ltd,Danyang Longjiang Steel Co Ltd,China,Asia Pacific,"32.0277910, 119.5770600",22.59,Hong Kong Qianlong Co Ltd [67.2%]; natural person(s) [32.8%],N/A,Jiangsu,unknown,exact,BF; BOF,https://www.gem.wiki/Danyang_Longjiang_Steel_Co_Ltd,32.027791,119.57706,2003.0,671.0,2300.0,,,,BF-BOF (coal-based),1500.0,0.0,0.0,0.0,1500.0,1500.0,0.0,operating,operating
P100000120376,Daye Huaxin Industrial Co Ltd,Daye Huaxin Industrial Co Ltd,China,Asia Pacific,"30.0702190, 114.9262510",23.0,natural person(s) [56.3%]; Hubei Xinxin Steel Group Co Ltd [21.1%]; Jin Jun'an Investment Group Co Ltd [18.9%]; unknown [3.7%],N/A,Hubei,Huangshi,exact,BF; BOF,https://www.gem.wiki/Daye_Huaxin_Industrial_Co_Ltd,30.070219,114.926251,2003.0,2407.0,1320.0,,1000.0,,BF-BOF (coal-based),1150.0,1433.0,0.0,0.0,1200.0,1150.0,0.0,operating pre-retirement,operating pre-retirement; construction
P100000120173,Daye Special Steel Co Ltd,Daye SPECIAL Steel Co Ltd,China,Asia Pacific,"30.2046030, 115.1258380",19.0,Citic Pacific Special Steel Group Co Ltd [100.0%],N/A,Hubei,Huangshi,exact,BF; BOF; EAF,https://www.gem.wiki/Daye_Special_Steel_Co_Ltd,30.204603,115.125838,2007.0,5146.0,,,,,Mixed (BF-BOF + electric),3420.0,0.0,0.0,360.0,3040.0,2700.0,720.0,operating,operating; retired
P100000121072,Daye Xinye Special Steel Co Ltd,natural person(s); Hubei Xinxin Steel Group Co Ltd,China,Asia Pacific,"30.0674690, 114.9340910",26.0,Hubei Xinxin Steel Group Co Ltd [100.0%]; natural person(s) [100.0%],N/A,Hubei,Huangshi,exact,BF; BOF,https://www.gem.wiki/Daye_Xinye_Special_Steel_Co_Ltd,30.067469,114.934091,2000.0,1648.0,,,,,BF-BOF (coal-based),1200.0,0.0,0.0,0.0,500.0,1200.0,0.0,operating,operating
P100000120911,DCH Dnipro Metallurgical Plant,Dnipro Metallurgical Plant PJSC,Ukraine,Europe,"48.4807900, 34.9780970",139.0,small shareholder(s) [2.3%]; Drampisco Limited,N/A,Dnipropetrovsk,Dnipro,exact,EAF; BF; BOF,https://www.gem.wiki/DCH_Dnipro_Metallurgical_Plant,48.48079,34.978097,1887.0,2910.0,,1040.0,,,Mixed (BF-BOF + electric),0.0,,1230.0,0.0,,,,announced,announced; mothballed
P100000120726,DEACERO Celaya steel plant,DeAcero SAPI de CV,Mexico,North America,"20.5185560, -100.9255560",28.0,DeAcero SAPI de CV [100.0%],N/A,Guanajuato,Villagrán,exact,EAF,https://www.gem.wiki/DEACERO_Celaya_steel_plant,20.518556,-100.925556,1998.0,500.0,0.0,0.0,0.0,0.0,EAF / IF (electric),2300.0,1500.0,0.0,0.0,0.0,0.0,2300.0,operating,operating; construction
P100000120730,DEACERO Ramos Arizpe steel plant,DeAcero SAPI de CV,Mexico,North America,"25.5111620, -100.9618480",40.0,DeAcero SAPI de CV [100.0%],N/A,Coahuila,Ramos Arizpe,exact,EAF,https://www.gem.wiki/DEACERO_Ramos_Arizpe_steel_plant,25.511162,-100.961848,1986.0,500.0,0.0,0.0,0.0,0.0,EAF / IF (electric),2200.0,1500.0,0.0,0.0,0.0,0.0,2200.0,operating,operating; construction
P100000120121,Delong Steel Co Ltd,DELONG Steel Ltd,China,Asia Pacific,"37.0861160, 114.3848320",26.0,British Asia Pan Ruogen International Co Ltd [100.0%],N/A,Hebei,Xingtai,exact,BF; BOF,https://www.gem.wiki/Delong_Steel_Co_Ltd,37.086116,114.384832,2000.0,3700.0,2216.0,,,,BF-BOF (coal-based),3000.0,0.0,0.0,0.0,3000.0,3000.0,0.0,operating,operating
P100000121213,Delta Steel Mill Al Qalyubia plant,Delta Steel Mills Co,Egypt,Africa,"30.1184300, 31.2812640",79.0,Metallurgical Industries Holding Co,Full,Al-Qalyubia,Mustorod,exact,EAF,https://www.gem.wiki/Delta_Steel_Mill_Al_Qalyubia_plant,30.11843,31.281264,1947.0,1448.0,0.0,0.0,250.0,0.0,EAF / IF (electric),500.0,0.0,0.0,0.0,0.0,0.0,500.0,operating,operating
P100000120438,Deutsche Edelstahlwerke steel plant,Deutsche Edelstahlwerke GmbH,Germany,Europe,"50.9228440, 8.0240060",99.0,Swiss Steel Holding AG,N/A,North Rhine-Westphalia,Siegen,exact,EAF,https://www.gem.wiki/Deutsche_Edelstahlwerke_steel_plant,50.922844,8.024006,1927.0,800.0,0.0,0.0,0.0,0.0,EAF / IF (electric),600.0,0.0,0.0,0.0,0.0,0.0,600.0,operating,operating
P100001063160,Devki Group Tororo steel plant,Devki Group,Uganda,Africa,"0.6815220, 34.1780370",,Devki Group [100.0%],N/A,unknown,Kayoro,approximate,BF; BOF,https://www.gem.wiki/Devki_Group_Tororo_steel_plant,0.681522,34.178037,2027.0,15000.0,,,,,BF-BOF (coal-based),0.0,1000.0,0.0,0.0,,,,announced,announced
P100000120685,Devki Steel Mills Kwale plant,Devki Steel Mills Ltd,Kenya,Africa,"-3.7888060, 39.3167410",4.0,Devki Steel Mills Ltd [100.0%],N/A,Kwale County,Kinango,exact,BF; BOF,https://www.gem.wiki/Devki_Steel_Mills_Kwale_plant,-3.788806,39.316741,2022.0,2500.0,,0.0,,0.0,BF-BOF (coal-based),1000.0,0.0,0.0,0.0,500.0,1000.0,0.0,operating,operating
P100000120504,Dexin Steel Morowali plant,Dexin Steel Pte Ltd,Indonesia,Asia Pacific,"-2.8295140, 122.1748960",6.0,Best Grace Holdings Pte Ltd [100.0%],N/A,Central Sulawesi,Bahodopi,exact,BF; BOF,https://www.gem.wiki/Dexin_Steel_Morowali_plant,-2.829514,122.174896,2020.0,1583.0,,,,,BF-BOF (coal-based),7000.0,14000.0,0.0,0.0,4560.0,7000.0,0.0,operating,operating; announced
P100000120868,Diler Iron and Steel Dilovasi plant,Diler Demir Celik Endustri ve Ticaret AŞ,Türkiye,Europe,"40.7831610, 29.5335680",42.0,Diler Holding AŞ,N/A,Kocaeli,Dilovası,exact,EAF,https://www.gem.wiki/Diler_Iron_and_Steel_Dilovasi_plant,40.783161,29.533568,1984.0,500.0,0.0,0.0,0.0,0.0,EAF / IF (electric),1300.0,0.0,0.0,0.0,0.0,0.0,1300.0,operating,operating
P100000121031,Dinson Chivhu iron and steel plant,Dinson Iron & Steel Company Pvt Ltd,Zimbabwe,Africa,"-18.9406580, 30.6089680",1.72,TSINGSHAN Holding Group Co Ltd [40.3%]; unknown [24.5%]; Shanghai Decent Investment (Group) Co Ltd [23.7%]; Zhejiang Qingshan Business Management Co Ltd [11.5%],N/A,Mashonaland,Chivhu,exact,BF; EAF; Steel other/unspecified,https://www.gem.wiki/Dinson_Chivhu_iron_and_steel_plant,-18.940658,30.608968,2024.0,2200.0,,,,,Mixed (BF-BOF + electric),600.0,4400.0,0.0,0.0,600.0,0.0,600.0,operating,operating; announced
P100001082556,Dniprospetstaal Zaporizhzhia steel plant,Dniprospetsstal Plant PJSC,Ukraine,Europe,"47.8599249, 35.1613272",92.0,VS energy Structure [47.1%]; Gazaro Ltd [16.5%]; Middleprime Limited Ltd [9.8%]; Crascoda Holdings Ltd [6.7%],N/A,Zaporizhzhia Oblast,Zaporizhzhia,exact,EAF; IF,https://www.gem.wiki/Dniprospetstaal_Zaporizhzhia_steel_plant,47.8599249,35.1613272,1934.0,3500.0,0.0,0.0,0.0,0.0,EAF / IF (electric),1000.0,0.0,0.0,0.0,0.0,0.0,983.0,operating,operating
P100000120832,Donelektrostal Shakhty steel plant,Donelektrostal LLC,Russia,Eurasia,"47.7403520, 40.1894200",,Donelektrostal LLC [100.0%],N/A,Rostov,Shakhty,approximate,DRI; EAF,https://www.gem.wiki/Donelektrostal_Shakhty_steel_plant,47.740352,40.18942,,700.0,,,,,DRI-EAF,0.0,730.0,0.0,0.0,,,,construction,construction
P100000120910,Donetsk Metallurgical Plant,Tekhnologicheskiye Investitsii LLC,Ukraine,Europe,"47.9822760, 37.8106340",24.0,Tekhnologicheskiye Investitsii LLC [100.0%],N/A,Donetsk,Donetsk,exact,BF,https://www.gem.wiki/Donetsk_Metallurgical_Plant,47.982276,37.810634,2002.0,,,,,,BF-BOF (coal-based),0.0,0.0,0.0,0.0,,,,mothballed,mothballed
P100000120227,Dongbei Special Steel Group Dalian Special Steel Co Ltd,Dongbei Special Steel Group Dalian Special Steel Co Ltd,China,Asia Pacific,"39.1936970, 122.0577880",57.0,Ningbo Meishan Free Trade Port Jincheng Shazhou Equity Investment Co Ltd [42.8%]; Wuhu Yinsheng Special Steel Investment Management Partnership LP [31.4%]; unknown [15.9%]; Bengang Steel Plates Co Ltd [9.9%],N/A,Liaoning,Lingang Industrial Zone,exact,BF; BOF; EAF,https://www.gem.wiki/Dongbei_Special_Steel_Group_Dalian_Special_Steel_Co_Ltd,39.193697,122.057788,1969.0,4543.0,,,,,Mixed (BF-BOF + electric),2695.0,0.0,0.0,0.0,1160.0,1250.0,1445.0,operating,operating
P100000120693,Dongkuk Steel Incheon steel plant,Dongkuk Steel Mill Co Ltd,South Korea,Asia Pacific,"37.4864650, 126.6386070",54.0,Dongkuk Steel Mill Co Ltd [100.0%],Partial,Seoul National Capital Area,Incheon,exact,EAF,https://www.gem.wiki/Dongkuk_Steel_Incheon_steel_plant,37.486465,126.638607,1972.0,905.0,0.0,0.0,0.0,0.0,EAF / IF (electric),2200.0,0.0,0.0,0.0,0.0,0.0,2200.0,operating,operating
P100000120694,Dongkuk Steel Pohang steel plant,Dongkuk Steel Mill Co Ltd,South Korea,Asia Pacific,"36.0014700, 129.3976090",35.0,Dongkuk Steel Mill Co Ltd [100.0%],Partial,North Gyeongsang,Pohang,exact,EAF,https://www.gem.wiki/Dongkuk_Steel_Pohang_steel_plant,36.00147,129.397609,1991.0,905.0,0.0,0.0,0.0,0.0,EAF / IF (electric),1400.0,0.0,0.0,0.0,0.0,0.0,1400.0,operating,operating
P100001063403,Dongyuan Dongnan Industrial Co Ltd,Dongyuan Dongnan Industrial Co Ltd,China,Asia Pacific,"24.038397, 114.873435",16.89,Dongyuan Dongnan Industrial Co Ltd [100.0%],N/A,Guangdong,Heyuan,exact,EAF,https://www.gem.wiki/Dongyuan_Dongnan_Industrial_Co_Ltd,24.038397,114.873435,2009.0,,0.0,0.0,0.0,0.0,EAF / IF (electric),720.0,0.0,0.0,0.0,0.0,0.0,720.0,operating,operating
P100000120898,Dragon Steel Taichung steel plant,Dragon Steel Corp,Taiwan,Asia Pacific,"24.2268970, 120.4939110",33.0,China Steel Corp [100.0%],Partial,Taichung,Longjing,exact,BF; BOF; EAF,https://www.gem.wiki/Dragon_Steel_Taichung_steel_plant,24.226897,120.493911,1993.0,3224.0,6200.0,2118.0,,,Mixed (BF-BOF + electric),6081.0,0.0,0.0,0.0,5000.0,5001.0,1080.0,operating,operating
P100000121209,DST Nghi Son steel plant,DST Nghi Son Iron and Steel JSC,Vietnam,Asia Pacific,"19.3673790, 105.6758410",,DST Nghi Son Iron and Steel JSC [100.0%],N/A,Thanh Hoa,Nghi Son,approximate,EAF,https://www.gem.wiki/DST_Nghi_Son_steel_plant,19.367379,105.675841,,10000.0,0.0,0.0,0.0,0.0,EAF / IF (electric),0.0,1310.0,0.0,0.0,,,,construction,construction
P100000120640,Duferco Travi e Profilati San Zeno Naviglio steel plant,Duferco Travi e Profilati SpA,Italy,Europe,"45.4783630, 10.2092340",22.0,Duferco Participations Holding SA,N/A,Province of Brescia,San Zeno Naviglio,exact,EAF,https://www.gem.wiki/Duferco_Travi_e_Profilati_San_Zeno_Naviglio_steel_plant,45.478363,10.209234,2004.0,214.0,0.0,0.0,0.0,0.0,EAF / IF (electric),950.0,0.0,0.0,0.0,0.0,0.0,950.0,operating,operating
P100000120901,E Top Metal Changhua steel plant,E-Top Metal Co Ltd,Taiwan,Asia Pacific,"24.1678720, 120.5054820",23.0,Taiwan Steel Group,N/A,Changhua,Shengang Township,exact,EAF,https://www.gem.wiki/E_Top_Metal_Changhua_steel_plant,24.167872,120.505482,2003.0,280.0,0.0,0.0,0.0,0.0,EAF / IF (electric),600.0,0.0,0.0,0.0,0.0,0.0,600.0,operating,operating
P100000120747,Eastern Steel Kemaman plant,Eastern Steel Sdn Bhd,Malaysia,Asia Pacific,"4.2850620, 103.4325510",11.0,Beijing Jianlong Investment Co Ltd; Hiap Teck Venture Bhd; unknown,N/A,Terengganu,Kemaman,exact,BF; BOF; Steel other/unspecified,https://www.gem.wiki/Eastern_Steel_Kemaman_plant,4.285062,103.432551,2015.0,2600.0,,800.0,,,BF-BOF (coal-based),2700.0,2300.0,0.0,0.0,2400.0,2700.0,0.0,operating,operating; announced
P100000120826,Ecolant steel plant,Ecolant LLC,Russia,Eurasia,"55.2869890, 42.1695160",0.0,Ekoinvest LLC [45.6%]; Lanafinans LLC [45.6%]; Oninvest LLC [4.8%]; small shareholder(s) [4.0%],N/A,Nizhny Novgorod,Vyksa,exact,DRI; EAF,https://www.gem.wiki/Ecolant_steel_plant,55.286989,42.169516,2026.0,700.0,,,,,DRI-EAF,0.0,1800.0,0.0,0.0,,,,construction,construction
P100000120869,Ege Steel Aliaga plant,Ege Celik Endustrisi Sanayi ve Ticaret AŞ,Türkiye,Europe,"38.7280050, 26.9400950",25.0,natural person(s) [98.0%]; small shareholder(s) [2.0%],N/A,İzmir,Aliağa,exact,EAF,https://www.gem.wiki/Ege_Steel_Aliaga_plant,38.728005,26.940095,2001.0,999.0,0.0,0.0,0.0,0.0,EAF / IF (electric),1200.0,0.0,800.0,0.0,0.0,0.0,1200.0,operating,operating; mothballed
P100000120443,Egyptian American Steel Rolling Company Sadat City plant,Egyptian American Steel Rolling Company SAE,Egypt,Africa,"30.3891740, 30.5718940",28.0,Beshay Steel; National Service Products Organization,N/A,Menofia,Sadat City,exact,EAF,https://www.gem.wiki/Egyptian_American_Steel_Rolling_Company_Sadat_City_plant,30.389174,30.571894,1998.0,1750.0,0.0,0.0,0.0,0.0,EAF / IF (electric),1200.0,0.0,0.0,0.0,0.0,0.0,1200.0,operating,operating
P100000120444,Egyptian Iron & Steel Company Cairo plant,Egyptian Iron & Steel Co,Egypt,Africa,"29.7744580, 31.3120130",64.0,Egyptian Iron & Steel Co [100.0%],Full,Cairo,Helwan,exact,BF; BOF,https://www.gem.wiki/Egyptian_Iron_&_Steel_Company_Cairo_plant,29.774458,31.312013,1957.0,,3000.0,,,,BF-BOF (coal-based),0.0,0.0,0.0,3200.0,,,,retired,retired
P100000120445,Egyptian Sponge Iron and Steel Company Sadat City plant,Egyptian Sponge Iron & Steel Company SAE,Egypt,Africa,"30.3930790, 30.5877300",18.0,National Service Products Organization [24.0%]; Beshay Steel,N/A,Menofia,Sadat City,exact,DRI; EAF,https://www.gem.wiki/Egyptian_Sponge_Iron_and_Steel_Company_Sadat_City_plant,30.393079,30.58773,2008.0,1500.0,,0.0,,0.0,DRI-EAF,3000.0,0.0,0.0,0.0,1800.0,0.0,3000.0,operating,operating
P100000120450,Egyptian Steel Ain Sokhna plant,Egyptian Steel Group,Egypt,Africa,"29.6476900, 32.2789000",8.0,Al Ezz Dekheila Steel Company Alexandria SAE [18.0%]; National Service Project Organization,Partial,Suez,Attaka,exact,EAF,https://www.gem.wiki/Egyptian_Steel_Ain_Sokhna_plant,29.64769,32.2789,2018.0,700.0,0.0,0.0,0.0,0.0,EAF / IF (electric),830.0,0.0,0.0,0.0,0.0,0.0,830.0,operating,operating
P100000120451,Egyptian Steel Beni Suef plant,Egyptian Steel Group,Egypt,Africa,"29.1524300, 31.2491100",8.0,Al Ezz Dekheila Steel Company Alexandria SAE [18.0%]; National Service Project Organization,Partial,Beni Suef,Beni Suef,exact,EAF,https://www.gem.wiki/Egyptian_Steel_Beni_Suef_plant,29.15243,31.24911,2018.0,700.0,0.0,0.0,0.0,0.0,EAF / IF (electric),830.0,0.0,0.0,0.0,0.0,0.0,830.0,operating,operating
P100000120870,Ekinciler Iron and Steel Iskenderun plant,Ekinciler Demir ve Celik Sanayi AŞ,Türkiye,Europe,"36.6901150, 36.2057390",37.0,Ekinciler Holding AŞ,N/A,Hatay,İskenderun,exact,EAF,https://www.gem.wiki/Ekinciler_Iron_and_Steel_Iskenderun_plant,36.690115,36.205739,1989.0,,0.0,0.0,0.0,0.0,EAF / IF (electric),1250.0,0.0,0.0,0.0,0.0,0.0,1250.0,operating,operating
P100000121233,Ekos Steel Dukem plant,Ekos Steel Mill PLC,Ethiopia,Africa,"8.7811550, 38.9320650",8.0,Ekos Steel Mill PLC [100.0%],N/A,Oromia,Dukem,exact,EAF,https://www.gem.wiki/Ekos_Steel_Dukem_plant,8.781155,38.932065,2018.0,300.0,0.0,0.0,0.0,0.0,EAF / IF (electric),0.0,0.0,0.0,500.0,,,,cancelled,cancelled
P100001042874,El Fouladh Steel Plant,Government of Tunisia,Tunisia,Africa,"37.1376300, 9.8128100",64.0,Government of Tunisia [100.0%],Full,unknown,Menzel Bourguiba,exact,EAF,https://www.gem.wiki/El_Fouladh_Steel_Plant,37.13763,9.81281,1962.0,869.0,,0.0,,0.0,EAF / IF (electric),200.0,400.0,0.0,0.0,0.0,0.0,200.0,operating,operating; announced
P100000121251,Electra iron plant,Electrasteel Inc,United States,North America,"40.0630100, -105.2219820",,Electrasteel Inc [100.0%],N/A,Colorado,Boulder,exact,Iron other/unspecified,https://www.gem.wiki/Electra_iron_plant,40.06301,-105.221982,2030.0,,,0.0,,0.0,Other / unspecified,0.0,0.0,0.0,0.0,,,,construction,construction
P100000120534,Electrosteel Bokaro steel plant,ESL Steel Ltd,India,Asia Pacific,"23.6329070, 86.2936710",20.0,Vedanta Ltd [95.5%]; small shareholder(s) [4.5%],Partial,Jharkhand,Bokaro,exact,BF; BOF; Steel other/unspecified,https://www.gem.wiki/Electrosteel_Bokaro_steel_plant,23.632907,86.293671,2006.0,8895.0,2744.0,500.0,,,BF-BOF (coal-based),1500.0,5500.0,0.0,0.0,1568.0,1500.0,0.0,operating,operating; announced
P100000121207,Electrosteel Castings Srikalahasthi steel plant,Electrosteel Castings Ltd,India,Asia Pacific,"13.7171880, 79.6305880",32.0,Electrosteel Castings Ltd [100.0%],N/A,Andhra Pradesh,Srikalahasthi,exact,BF; IF,https://www.gem.wiki/Electrosteel_Castings_Srikalahasthi_steel_plant,13.717188,79.630588,1994.0,,500.0,280.0,0.0,0.0,Mixed (BF-BOF + electric),,,,0.0,575.0,0.0,0.0,operating,operating; operating pre-retirement; announced; mothballed
P100000120001,Emsteel Abu Dhabi steel plant,Emsteel Building Materials PJSC,United Arab Emirates,Middle East,"24.3220330, 54.4679870",23.0,Emsteel Building Materials PJSC [100.0%],Partial,Abu Dhabi,Abu Dhabi Industrial City,exact,DRI; EAF,https://www.gem.wiki/Emsteel_Abu_Dhabi_steel_plant,24.322033,54.467987,2003.0,3703.0,,0.0,,0.0,DRI-EAF,3500.0,0.0,0.0,0.0,4200.0,0.0,3500.0,operating,operating
P100000121100,Eqlid Steel Pars plant,Eqlid Pars Steel Co,Iran,Middle East,"30.9448670, 52.8928490",,Eqlid Pars Steel Co [100.0%],N/A,Fars,Eqlid,exact,EAF; DRI,https://www.gem.wiki/Eqlid_Steel_Pars_plant,30.944867,52.892849,,,,0.0,,0.0,DRI-EAF,0.0,1000.0,0.0,0.0,,,,construction,construction; announced
P100000120871,Erdemir Eregli steel plant,Eregli Demir ve Celik Fabrikalari AŞ,Türkiye,Europe,"41.2614690, 31.4201060",61.0,Eregli Demir ve Celik Fabrikalari AŞ [100.0%],Partial,Zonguldak,Ereğli,exact,BF; BOF; EAF,https://www.gem.wiki/Erdemir_Eregli_steel_plant,41.261469,31.420106,1965.0,5600.0,,800.0,,,BF-BOF (coal-based),3801.0,1400.0,0.0,0.0,3575.0,3801.0,0.0,operating,operating; announced; retired
P100001025570,ERG Baowu Rudny HBI plant,Eurasian Resources Group SARL; China Baowu Steel Group Co Ltd,Kazakhstan,Eurasia,"52.9775332, 63.1825737",,China Baowu Steel Group Co Ltd [100.0%]; Eurasian Resources Group SARL [100.0%],Partial,Kostanay,Rudnyi,approximate,DRI,https://www.gem.wiki/ERG_Baowu_Rudny_HBI_plant,52.9775332,63.1825737,2029.0,1000.0,,0.0,0.0,0.0,DRI (ironmaking only),0.0,0.0,0.0,0.0,,,,announced,announced
P100000120436,ESF Elbe Stahlwerke Feralpi Riesa steel plant,ESF Elbe-Stahlwerke Feralpi GmbH,Germany,Europe,"51.3128000, 13.2803860",34.0,Feralpi Holding SpA,N/A,Saxony,Riesa,exact,EAF,https://www.gem.wiki/ESF_Elbe_Stahlwerke_Feralpi_Riesa_steel_plant,51.3128,13.280386,1992.0,737.0,0.0,0.0,0.0,0.0,EAF / IF (electric),1400.0,0.0,0.0,0.0,0.0,0.0,1400.0,operating,operating
P100000120580,Esfahan Steel Isfahan plant,Esfahan Steel Co,Iran,Middle East,"32.4183040, 51.3313140",55.0,Iranian Mines & Mining Industries Development & Renovation Organization,Full,Isfahan,Lenjan,exact,BF; BOF; EAF,https://www.gem.wiki/Esfahan_Steel_Isfahan_plant,32.418304,51.331314,1971.0,890.0,,2035.0,,,BF-BOF (coal-based),3600.0,3930.0,0.0,0.0,3565.0,3600.0,0.0,operating,operating; announced
P100000121153,ESM Mutún steel plant,Empresa Siderúrgica del Mutún SA,Bolivia,Central & South America,"-19.1373250, -57.8806050",0.97,Empresa Siderúrgica del Mutún SA [100.0%],Full,Santa Cruz,Puerto Suárez,exact,DRI; EAF,https://www.gem.wiki/ESM_Mutún_steel_plant,-19.137325,-57.880605,2025.0,700.0,,0.0,400.0,0.0,DRI-EAF,200.0,500.0,0.0,0.0,250.0,0.0,200.0,operating,operating; announced
P100000120842,Essar Ras Al Khair steel plant,Essar Global Fund Ltd,Saudi Arabia,Middle East,"27.5447490, 49.2081030",,Triton Trust; Virgo Trust,N/A,Eastern Province,Ras Al-Khair,approximate,DRI; EAF,https://www.gem.wiki/Essar_Ras_Al_Khair_steel_plant,27.544749,49.208103,2028.0,,,,,,DRI-EAF,0.0,4000.0,0.0,0.0,,,,announced,announced
P100000120744,Esteel Antara Labuan iron plant,Antara Steel Mills Sdn Bhd,Malaysia,Asia Pacific,"5.2538390, 115.2427170",42.0,Green Esteel Pte Ltd [100.0%],N/A,Labuan Island,Labuan,exact,DRI,https://www.gem.wiki/Esteel_Antara_Labuan_iron_plant,5.253839,115.242717,1984.0,,,,,,DRI (ironmaking only),0.0,0.0,0.0,0.0,900.0,0.0,0.0,operating,operating
P100000120743,Esteel Eden Flame Johor steel plant,Eden Flame Sdn Bhd,Malaysia,Asia Pacific,"1.4515120, 103.9173060",33.0,Green Esteel Pte Ltd [100.0%],N/A,Johor,Pasir Gudang,exact,EAF,https://www.gem.wiki/Esteel_Eden_Flame_Johor_steel_plant,1.451512,103.917306,1993.0,,0.0,0.0,0.0,0.0,EAF / IF (electric),1050.0,0.0,0.0,0.0,0.0,0.0,1050.0,operating,operating
P100000121208,Esteel Sabah steel plant,Esteel Enterprise Sabah Sdn Bhd,Malaysia,Asia Pacific,"6.1042110, 116.2022180",0.0,Green Esteel Pte Ltd,N/A,Sabah,Sipitang,exact,DRI,https://www.gem.wiki/Esteel_Sabah_steel_plant,6.104211,116.202218,2027.0,1752.0,,,,,DRI (ironmaking only),0.0,0.0,0.0,0.0,,,,construction,construction; announced
P100000120442,ETRHB Annaba steel plant,ETRHB Industrie SpA,Algeria,Africa,"36.8344120, 7.4549400",,ETRHB Industrie SpA [100.0%],N/A,Annaba,Berrahal,approximate,EAF,https://www.gem.wiki/ETRHB_Annaba_steel_plant,36.834412,7.45494,,,,,,,EAF / IF (electric),0.0,0.0,0.0,1150.0,,,,cancelled,cancelled
P100000121195,Evonith Metallics Wardha steel plant,Evonith Metallics Ltd,India,Asia Pacific,"20.7046050, 78.6202930",32.0,Nithia Capital Resources Advisors LLP [55.7%]; AB CarVal Investors LP [44.3%],N/A,Maharashtra,Wardha,exact,BF; BOF,https://www.gem.wiki/Evonith_Metallics_Wardha_steel_plant,20.704605,78.620293,1994.0,423.0,1500.0,,,,BF-BOF (coal-based),0.0,3400.0,0.0,0.0,1400.0,0.0,0.0,operating,operating; announced
P100000121236,Evonith Value Steel Wardha steel plant,Evonith Metallics Ltd,India,Asia Pacific,"20.6964120, 78.6385480",56.0,Nithia Capital Resources Advisors LLP [55.7%]; AB CarVal Investors LP [44.3%],N/A,Maharashtra,Wardha,exact,EAF,https://www.gem.wiki/Evonith_Value_Steel_Wardha_steel_plant,20.696412,78.638548,1970.0,898.0,0.0,0.0,0.0,0.0,EAF / IF (electric),1080.0,0.0,0.0,0.0,0.0,0.0,1080.0,operating,operating
P100000120811,Evraz NTMK steel plant,Evraz NTMK JSC,Russia,Eurasia,"57.9228510, 60.0335430",86.0,EVRAZ PLC [100.0%],N/A,Sverdlovsk,Nizhnij Tagil,exact,BF; BOF,https://www.gem.wiki/Evraz_NTMK_steel_plant,57.922851,60.033543,1940.0,14006.0,0.0,2300.0,0.0,,BF-BOF (coal-based),4400.0,0.0,0.0,0.0,5050.0,4400.0,0.0,operating,operating; mothballed
P100000120822,Evraz ZSMK steel plant,Evraz ZSMK JSC,Russia,Eurasia,"53.8861800, 87.2576180",94.0,EVRAZ PLC [100.0%],N/A,Kemerovskaya,Novokuznetsk,exact,BF; BOF; EAF,https://www.gem.wiki/Evraz_ZSMK_steel_plant,53.88618,87.257618,1932.0,22507.0,7200.0,5210.0,,,Mixed (BF-BOF + electric),8760.0,1141.0,0.0,1141.0,5030.0,6560.0,2200.0,operating,operating; operating pre-retirement; announced; mothballed; retired
P100000120177,Ezhou Hongtai Steel Co Ltd,Ezhou Hongtai Steel Co Ltd,China,Asia Pacific,"30.5323520, 114.7475970",22.75,Hubei Jinshenglan Metallurgical Technology Co Ltd [62.6%]; Yuncheng Investment (Fujian) Co Ltd [9.1%]; Fujian Yongxinqi Investment Co Ltd [6.8%]; Fujian Taisong Investment Co Ltd [4.9%]; Fujian Jinkun Investment Co Ltd [4.2%]; Fuzhou Deyu Investment Co Ltd [3.6%]; Fujian Qikun Investment Co Ltd [2.5%]; Fujian Hongyao Investment Co Ltd [2.4%]; Fujian Shunle Investment Co Ltd [1.9%]; unknown [1.9%],N/A,Hubei,Ezhou,exact,EAF,https://www.gem.wiki/Ezhou_Hongtai_Steel_Co_Ltd,30.532352,114.747597,2003.0,,0.0,0.0,0.0,0.0,EAF / IF (electric),0.0,0.0,0.0,1950.0,,,,retired,retired; cancelled
P100000120447,Ezz Flat Steel Ain Sokhna plant,Al Ezz Flat Steel Company SAE,Egypt,Africa,"29.6920450, 32.3221170",28.0,Ezz Steel Co [64.1%]; unknown [35.9%],N/A,Suez,Ain Sokhna,exact,DRI; EAF,https://www.gem.wiki/Ezz_Flat_Steel_Ain_Sokhna_plant,29.692045,32.322117,1998.0,2000.0,,0.0,,0.0,DRI-EAF,2880.0,0.0,0.0,0.0,1950.0,0.0,2880.0,operating,operating
P100000120448,Ezz Steel Rebar Sadat City plant,Ezz Steel Co,Egypt,Africa,"30.3821790, 30.5630290",32.0,Ezz Steel Co [100.0%],N/A,Menofia,Sadat City,exact,EAF,https://www.gem.wiki/Ezz_Steel_Rebar_Sadat_City_plant,30.382179,30.563029,1994.0,2000.0,0.0,0.0,0.0,0.0,EAF / IF (electric),900.0,0.0,0.0,0.0,0.0,0.0,900.0,operating,operating
P100000121226,F&F Steel Erbil plant,F&F Steel,Iraq,Middle East,"36.1137410, 43.9797140",12.47,Barz Group; Hend Steel Co,N/A,Kurdistan,Erbil,exact,EAF,https://www.gem.wiki/F&F_Steel_Erbil_plant,36.113741,43.979714,2013.0,,,0.0,,0.0,EAF / IF (electric),600.0,0.0,0.0,0.0,0.0,0.0,600.0,operating,operating
P100001043026,Faizan Steel Karachi steel plant,Faizan Steel,Pakistan,Asia Pacific,"24.8976520, 66.9856780",16.0,Faizan Steel [100.0%],N/A,Sindh,Karachi,exact,IF,https://www.gem.wiki/Faizan_Steel_Karachi_steel_plant,24.897652,66.985678,2010.0,,,0.0,,0.0,EAF / IF (electric),365.0,183.0,0.0,0.0,0.0,0.0,0.0,operating,operating; announced
P100000120371,Fangchenggang Jinxi Steel Technology Co Ltd,Fangchenggang Jinxi Steel Technology Co Ltd,China,Asia Pacific,"21.6465250, 108.3695820",,Qian'an City Jiujiang Wire Co Ltd [100.0%],N/A,Guangxi,Fangchenggang,approximate,BF; BOF,https://www.gem.wiki/Fangchenggang_Jinxi_Steel_Technology_Co_Ltd,21.646525,108.369582,,,,,,,BF-BOF (coal-based),0.0,0.0,0.0,4000.0,,,,cancelled,cancelled
P100000120211,Fangda Special Steel Technology Co Ltd,Fangda Special Steel Technology Co Ltd,China,Asia Pacific,"28.6454410, 115.9920400",67.55,Fangda Special Steel Technology Co Ltd [100.0%],N/A,Jiangxi,Nanchang,exact,BF; BOF,https://www.gem.wiki/Fangda_Special_Steel_Technology_Co_Ltd,28.645441,115.99204,1958.0,5474.0,3843.0,,,,BF-BOF (coal-based),2800.0,0.0,0.0,0.0,3150.0,2800.0,0.0,operating,operating
P100000121101,Fasa Steel Complex Fars,Fasa Steel Complex Co,Iran,Middle East,"28.9774530, 53.8678360",,Fasa Steel Complex Co [100.0%],N/A,Fars,Fasa,exact,EAF; DRI,https://www.gem.wiki/Fasa_Steel_Complex_Fars,28.977453,53.867836,,3000.0,,0.0,2700.0,0.0,DRI-EAF,0.0,1500.0,0.0,0.0,,,,construction,construction; announced
P100000120899,Feng Hsin Taichung Steel plant,Feng Hsin Steel Co Ltd,Taiwan,Asia Pacific,"24.3128700, 120.7127740",55.0,Feng Hsin Steel Co Ltd [100.0%],N/A,Taichung,Houli,exact,EAF,https://www.gem.wiki/Feng_Hsin_Taichung_Steel_plant,24.31287,120.712774,1971.0,894.0,0.0,0.0,0.0,0.0,EAF / IF (electric),1800.0,0.0,0.0,0.0,0.0,0.0,1800.0,operating,operating
P100001063598,Fengshun Changsheng Special Steel Casting Co Ltd Qingyuan Branch,Fengshun Changsheng Precision Steel Casting Co Ltd,China,Asia Pacific,"23.507015, 112.953822",17.0,Fengshun Changsheng Precision Steel Casting Co Ltd [100.0%],N/A,Guangdong,Qingyuan,approximate,EAF,https://www.gem.wiki/Fengshun_Changsheng_Special_Steel_Casting_Co_Ltd_Qingyuan_Branch,23.507015,112.953822,2009.0,150.0,0.0,0.0,0.0,0.0,EAF / IF (electric),620.0,0.0,0.0,0.0,0.0,0.0,620.0,operating,operating
P100001063602,Fengshun County Agricultural Machinery Continuous Casting Co,Fengshun County Agricultural Machinery Continuous Casting Co,China,Asia Pacific,"23.7483180, 116.1398500",22.85,Fengshun County Agricultural Machinery Continuous Casting Co [100.0%],N/A,Guangdong,Meizhou,exact,EAF,https://www.gem.wiki/Fengshun_County_Agricultural_Machinery_Continuous_Casting_Co,23.748318,116.13985,2003.0,56.0,0.0,0.0,0.0,0.0,EAF / IF (electric),720.0,0.0,0.0,0.0,0.0,0.0,720.0,operating,operating
P100001063619,Fengshun County Dongfang Metal Continuous Casting Co Ltd,Fengshun County Dongfang Metal Casting Co Ltd,China,Asia Pacific,"23.749104, 116.138262",22.6,Fengshun County Dongfang Metal Casting Co Ltd [100.0%],N/A,Guangdong,Meizhou,exact,EAF,https://www.gem.wiki/Fengshun_County_Dongfang_Metal_Continuous_Casting_Co_Ltd,23.749104,116.138262,2003.0,150.0,0.0,0.0,0.0,0.0,EAF / IF (electric),930.0,0.0,0.0,0.0,0.0,0.0,930.0,operating,operating
P100001063490,Fengshun County Hongbao Industrial Co Ltd,Fengshun County Hongbao Industrial Co Ltd,China,Asia Pacific,"23.720136, 115.949449",32.93,Fengshun County Hongbao Industrial Co Ltd [100.0%],N/A,Guangdong,Meizhou,exact,EAF,https://www.gem.wiki/Fengshun_County_Hongbao_Industrial_Co_Ltd,23.720136,115.949449,1993.0,70.0,0.0,0.0,0.0,0.0,EAF / IF (electric),720.0,0.0,0.0,0.0,0.0,0.0,720.0,operating,operating
P100001063483,Fengshun Yongshun Continuous Casting Plant,Fengshun Yongshun Continuous Casting Plant,China,Asia Pacific,"23.7471730, 116.1262410",19.27,Fengshun Yongshun Continuous Casting Plant [100.0%],N/A,Guangdong,Meizhou,exact,EAF,https://www.gem.wiki/Fengshun_Yongshun_Continuous_Casting_Plant,23.747173,116.126241,2006.0,,0.0,0.0,0.0,0.0,EAF / IF (electric),720.0,0.0,0.0,0.0,0.0,0.0,720.0,operating,operating
P100000120632,Feralpi Calvisano steel plant,Acciaierie di Calvisano SpA,Italy,Europe,"45.3716510, 10.3319670",54.0,Feralpi Holding SpA,N/A,Province of Brescia,Calvisano,exact,EAF,https://www.gem.wiki/Feralpi_Calvisano_steel_plant,45.371651,10.331967,1972.0,150.0,0.0,0.0,0.0,0.0,EAF / IF (electric),600.0,0.0,0.0,0.0,0.0,0.0,600.0,operating,operating
P100000120626,Feralpi Siderurgica Lonato steel plant,Feralpi Siderurgica SpA,Italy,Europe,"45.4605820, 10.4567480",58.0,Feralpi Holding SpA,N/A,Province of Brescia,Lonato del Garda,exact,EAF,https://www.gem.wiki/Feralpi_Siderurgica_Lonato_steel_plant,45.460582,10.456748,1968.0,421.0,0.0,0.0,0.0,0.0,EAF / IF (electric),1216.0,0.0,0.0,0.0,0.0,0.0,1216.0,operating,operating
P100000120638,Ferriera Valsabbia Odolo steel plant,Ferriera Valsabbia SpA,Italy,Europe,"45.6429050, 10.3801990",58.0,Valsabbia Investimenti SpA,N/A,Province of Brescia,Odolo,exact,EAF,https://www.gem.wiki/Ferriera_Valsabbia_Odolo_steel_plant,45.642905,10.380199,1968.0,300.0,0.0,0.0,0.0,0.0,EAF / IF (electric),1000.0,0.0,0.0,0.0,0.0,0.0,1000.0,operating,operating
P100000120792,Ferrostal Labedy Gliwice steel plant,Cognor Holding SA,Poland,Europe,"50.3574380, 18.6107390",33.0,Cognor Holding SA [100.0%],N/A,Śląskie,Gliwice,exact,EAF,https://www.gem.wiki/Ferrostal_Labedy_Gliwice_steel_plant,50.357438,18.610739,1993.0,81.0,0.0,0.0,0.0,0.0,EAF / IF (electric),500.0,0.0,0.0,0.0,0.0,0.0,500.0,operating,operating
P100000120630,Finarvedi Acciai Speciali Terni steel plant,Acciai Speciali Terni SpA,Italy,Europe,"42.5647520, 12.6693600",142.0,thyssenkrupp AG [15.0%]; Finarvedi SpA,N/A,Province of Terni,Terni,exact,EAF,https://www.gem.wiki/Finarvedi_Acciai_Speciali_Terni_steel_plant,42.564752,12.66936,1884.0,2212.0,0.0,0.0,0.0,0.0,EAF / IF (electric),1450.0,0.0,0.0,0.0,0.0,0.0,1450.0,operating,operating
P100000120619,Finarvedi Cremona steel plant,Acciaieria Arvedi SpA,Italy,Europe,"45.1459490, 9.9508210",34.0,Finarvedi SpA,N/A,Province of Cremona,Cremona,exact,EAF,https://www.gem.wiki/Finarvedi_Cremona_steel_plant,45.145949,9.950821,1992.0,700.0,0.0,0.0,0.0,0.0,EAF / IF (electric),4300.0,0.0,0.0,0.0,0.0,0.0,4300.0,operating,operating
P100000120979,Finkl Steel Chicago plant,A. Finkl & Sons Corp,United States,North America,"41.7249150, -87.5899680",15.0,Swiss Steel Holding AG [100.0%],N/A,Illinois,Chicago,exact,EAF,https://www.gem.wiki/Finkl_Steel_Chicago_plant,41.724915,-87.589968,2011.0,526.0,0.0,0.0,0.0,0.0,EAF / IF (electric),573.0,0.0,0.0,0.0,0.0,0.0,573.0,operating,operating
P100001062842,"Fogang Dawei Special Steel Co., Ltd.",Fogang Dawei Special Steel Co Ltd,China,Asia Pacific,"23.8939720, 113.5008290",14.29,Fogang Dawei Special Steel Co Ltd [100.0%],N/A,Guangdong,Qingyuan,exact,EAF,"https://www.gem.wiki/Fogang_Dawei_Special_Steel_Co.,_Ltd.",23.893972,113.500829,2011.0,273.0,0.0,0.0,0.0,0.0,EAF / IF (electric),575.0,0.0,0.0,0.0,0.0,0.0,575.0,operating,operating
P100000121011,Formosa Ha Tinh Steel plant,Formosa Ha Tinh Steel Corp,Vietnam,Asia Pacific,"18.0363330, 106.4282710",18.0,China Steel Corp; Formosa Plastics Corp; JFE Holdings Inc,Partial,Ha Tinh,Ky Anh Town,exact,BF; BOF; DRI,https://www.gem.wiki/Formosa_Ha_Tinh_Steel_plant,18.036333,106.428271,2008.0,7500.0,10000.0,3000.0,,,BF-BOF (coal-based),7500.0,14000.0,0.0,0.0,7250.0,7500.0,0.0,operating,operating; announced
P100000121202,Fuhai Indonesia steel plant,Fuhai Group New Energy Holding Co Ltd,Indonesia,Asia Pacific,"-1.5566360, 103.6793660",,Fuhai Group New Energy Holding Co Ltd [100.0%],N/A,Sumatra,Jambi,approximate,BOF,https://www.gem.wiki/Fuhai_Indonesia_steel_plant,-1.556636,103.679366,,,0.0,0.0,0.0,0.0,BF-BOF (coal-based),0.0,0.0,0.0,1750.0,,,,cancelled,cancelled
P100000120345,Fujian Dadonghai Industrial Group Co Ltd plant,Fujian Great Dong Hai Industrial Group Co Ltd,China,Asia Pacific,"25.7377770, 119.5922390",8.0,Fujian Great Dong Hai Industrial Group Co Ltd [100.0%],N/A,Fujian,Fuzhou,exact,BF; BOF,https://www.gem.wiki/Fujian_Dadonghai_Industrial_Group_Co_Ltd_plant,25.737777,119.592239,2018.0,6658.0,,,,,BF-BOF (coal-based),5128.0,0.0,0.0,1099.0,5230.0,5128.0,0.0,operating,operating; retired
P100000120314,Fujian Dingsheng Iron and Steel Co Ltd,Fujian Dingsheng Steel Co Ltd,China,Asia Pacific,"27.2244770, 120.3288280",8.0,Fujian Dingsheng Steel Co Ltd [100.0%],N/A,Fujian,Ningde,exact,EAF; BF; BOF,https://www.gem.wiki/Fujian_Dingsheng_Iron_and_Steel_Co_Ltd,27.224477,120.328828,2018.0,1077.0,,,,,EAF / IF (electric),1726.0,0.0,0.0,1726.0,0.0,0.0,1726.0,operating,operating; cancelled
P100000121065,Fujian Dingxin Industrial Co Ltd,Fujian Dingxin Industry Co Ltd,China,Asia Pacific,"26.7695000, 119.7385190",18.0,Shanghai Decent Investment (Group) Co Ltd [36.4%]; unknown [20.4%]; TSINGSHAN Holding Group Co Ltd [19.8%]; Zhejiang Qingshan Business Management Co Ltd [15.6%]; DELIXI Group Limited Co [7.8%],N/A,Fujian,Ningde,exact,EAF,https://www.gem.wiki/Fujian_Dingxin_Industrial_Co_Ltd,26.7695,119.738519,2008.0,3070.0,0.0,0.0,0.0,300.0,EAF / IF (electric),600.0,0.0,0.0,0.0,0.0,0.0,600.0,operating,operating
P100000120416,Fujian Fuhua New Materials Group Co Ltd,Mindong Saiqi Economic Development Zone Fuhua Steel Rolling Co Ltd,China,Asia Pacific,"26.9615160, 119.6542720",27.0,Mindong Saiqi Economic Development Zone Fuhua Steel Rolling Co Ltd [100.0%],N/A,Fujian,Ningde,exact,EAF,https://www.gem.wiki/Fujian_Fuhua_New_Materials_Group_Co_Ltd,26.961516,119.654272,1999.0,417.0,0.0,0.0,0.0,0.0,EAF / IF (electric),500.0,825.0,0.0,0.0,0.0,0.0,500.0,operating pre-retirement,operating pre-retirement; construction
P100000121066,Fujian Fuxin Special Steel Co Ltd,Fujian Fuxin Special Steel Co Ltd,China,Asia Pacific,"24.4724390, 117.9488500",19.0,Tianlong Investment Co Ltd [58.3%]; Huayang Investment (Hong Kong) Ltd [41.6%],N/A,Fujian,Zhangzhou,exact,EAF,https://www.gem.wiki/Fujian_Fuxin_Special_Steel_Co_Ltd,24.472439,117.94885,2007.0,1413.0,0.0,0.0,0.0,0.0,EAF / IF (electric),720.0,0.0,0.0,0.0,0.0,0.0,720.0,operating,operating
P100001025567,Fujian Hengwang Shymkent steel plant,Fujian Hengwang Investment Co Ltd,Kazakhstan,Eurasia,"42.3375414, 69.7356008",,Fujian Hengwang Investment Co Ltd [100.0%],N/A,unknown,Shymkent,approximate,Steel other/unspecified,https://www.gem.wiki/Fujian_Hengwang_Shymkent_steel_plant,42.3375414,69.7356008,,1000.0,,,,,Other / unspecified,0.0,5000.0,0.0,0.0,,,,announced,announced
P100001064195,Fujian Hongfeng Industrial Group Co Ltd,Fujian Hongfeng Industrial Group Co Ltd,China,Asia Pacific,"26.868423, 117.776369",26.5,Fujian Hongfeng Industrial Group Co Ltd [100.0%],N/A,Fujian,Nanping,approximate,EAF,https://www.gem.wiki/Fujian_Hongfeng_Industrial_Group_Co_Ltd,26.868423,117.776369,1999.0,65.0,0.0,0.0,0.0,0.0,EAF / IF (electric),1000.0,0.0,0.0,0.0,0.0,0.0,1000.0,operating,operating
P100000120413,Fujian Longgang New Materials Co Ltd,Fujian Longgang New Materials Co Ltd,China,Asia Pacific,"25.3574080, 117.3620960",,Fujian Longgang New Materials Co Ltd [100.0%],N/A,Fujian,Longyan,exact,BF; BOF,https://www.gem.wiki/Fujian_Longgang_New_Materials_Co_Ltd,25.357408,117.362096,,896.0,,,,,BF-BOF (coal-based),1210.0,0.0,0.0,0.0,1203.0,1210.0,0.0,operating,operating
P100000120080,Fujian Luoyuan Minguang Iron and Steel Co Ltd,Fujian Luoyuan Minguang Iron & Steel Co Ltd,China,Asia Pacific,"26.4838150, 119.6710500",12.0,Fujian Metallurgical Holding Co Ltd [53.4%]; unknown [46.6%],Partial,Fujian,Fuzhou,exact,BF; BOF,https://www.gem.wiki/Fujian_Luoyuan_Minguang_Iron_and_Steel_Co_Ltd,26.483815,119.67105,2014.0,2459.0,2230.0,,,,BF-BOF (coal-based),2650.0,0.0,0.0,1800.0,2330.0,2650.0,0.0,operating,operating; retired
P100000120392,Fujian Qingtuo New Material Co Ltd,Fujian Qingtuo New Material Co Ltd,China,Asia Pacific,"26.7793010, 119.7679350",3.0,Shanghai Decent Investment (Group) Co Ltd [51.6%]; unknown [23.1%]; TSINGSHAN Holding Group Co Ltd [19.7%]; Zhejiang Qingshan Business Management Co Ltd [5.6%],N/A,Fujian,Ningde,exact,EAF,https://www.gem.wiki/Fujian_Qingtuo_New_Material_Co_Ltd,26.779301,119.767935,2023.0,152.0,0.0,0.0,0.0,0.0,EAF / IF (electric),958.0,0.0,0.0,0.0,0.0,0.0,958.0,operating,operating
P100000120077,Fujian Quanzhou Minguang Iron and Steel Co Ltd,Fujian San'an Iron & Steel Co Ltd,China,Asia Pacific,"25.2443960, 118.0299050",25.0,Fujian Metallurgical Holding Co Ltd [53.4%]; unknown [46.6%],Partial,Fujian,Quanzhou,exact,BF; BOF,https://www.gem.wiki/Fujian_Quanzhou_Minguang_Iron_and_Steel_Co_Ltd,25.244396,118.029905,2001.0,2716.0,,,,,BF-BOF (coal-based),2300.0,0.0,0.0,2550.0,2280.0,2300.0,0.0,operating,operating; retired
P100000120078,Fujian Sanbao Steel Co Ltd,Fujian Sanbao Steel Co Ltd,China,Asia Pacific,"24.6357690, 117.6036770",27.0,Sanbao Group Co Ltd [100.0%],N/A,Fujian,Zhangzhou,exact,BF; BOF; EAF,https://www.gem.wiki/Fujian_Sanbao_Steel_Co_Ltd,24.635769,117.603677,1999.0,4382.0,,,,,Mixed (BF-BOF + electric),6196.0,0.0,0.0,1760.0,2500.0,4620.0,1576.0,operating,operating; retired
P100000120081,Fujian Tsingtuo Nickel Industry Co Ltd,Fujian Tsingtuo Nickel Industry Co Ltd,China,Asia Pacific,"26.7689250, 119.7652030",15.0,Shanghai Decent Investment (Group) Co Ltd [34.7%]; TSINGSHAN Holding Group Co Ltd [30.5%]; unknown [26.1%]; Zhejiang Qingshan Business Management Co Ltd [8.7%],N/A,Fujian,Ningde,exact,BF; EAF,https://www.gem.wiki/Fujian_Tsingtuo_Nickel_Industry_Co_Ltd,26.768925,119.765203,2011.0,3912.0,,,,1000.0,Mixed (BF-BOF + electric),3000.0,0.0,0.0,0.0,3006.0,0.0,3000.0,operating,operating
P100000121064,Fujian Wuhang Stainless Steel Products Co Ltd,Fujian Wuhang Stainless Steel Products Co Ltd,China,Asia Pacific,"25.9592300, 119.4520180",33.0,Fujian Wugang Group Co Ltd [38.2%]; Fujian Kaihang Stainless Steel Products Co Ltd [36.8%]; Tianwei Co Ltd [25.0%],N/A,Fujian,Fuzhou,exact,EAF,https://www.gem.wiki/Fujian_Wuhang_Stainless_Steel_Products_Co_Ltd,25.95923,119.452018,1993.0,2600.0,0.0,0.0,0.0,0.0,EAF / IF (electric),2000.0,0.0,0.0,0.0,0.0,0.0,2000.0,operating,operating
P100000120079,Fujian Yixin Steel Co Ltd,Fujian Yixin Steel & Iron Co Ltd,China,Asia Pacific,"26.4913080, 119.6362400",20.0,"natural person(s) [38.4%]; unknown [23.2%]; Thailand Huihua Industrial Co Ltd [20.7%]; Labor Union Committee of Xiaojiao Rolling Mill of Sanming Iron and Steel Works, Fujian Province [17.7%]",N/A,Fujian,Fuzhou,exact,BF; BOF,https://www.gem.wiki/Fujian_Yixin_Steel_Co_Ltd,26.491308,119.63624,2006.0,1229.0,,,,,BF-BOF (coal-based),1360.0,1150.0,0.0,0.0,1100.0,1360.0,0.0,operating pre-retirement,operating pre-retirement; construction
P100000120351,Fushun Hanking Direct Reduced Iron Co Ltd,Fushun HANWANG Direct Reduced Iron Co Ltd,China,Asia Pacific,"41.6709980, 123.8514300",23.5,Tuchuan Capital Co Ltd [99.0%]; unknown [1.0%],N/A,Liaoning,Shiwen,exact,BF,https://www.gem.wiki/Fushun_Hanking_Direct_Reduced_Iron_Co_Ltd,41.670998,123.85143,2002.0,646.0,,,,,BF-BOF (coal-based),0.0,0.0,0.0,0.0,799.0,0.0,0.0,operating,operating
P100000120226,Fushun New Steel Co Ltd,Fushun New Steel Corp Ltd,China,Asia Pacific,"41.8412230, 123.7538950",20.36,Beijing Jianlong Investment Co Ltd [63.2%]; Fushun State-Owned Assets Management Co Ltd [29.3%]; unknown [7.5%],Partial,Liaoning,unknown,exact,BOF; BF; Iron other/unspecified,https://www.gem.wiki/Fushun_New_Steel_Co_Ltd,41.841223,123.753895,2005.0,5435.0,,,,,BF-BOF (coal-based),2700.0,0.0,0.0,2850.0,3151.0,2700.0,0.0,operating,operating; operating pre-retirement; construction; retired; cancelled
P100000120228,Fushun Special Steel Co Ltd,Fushun Special Steel Co Ltd,China,Asia Pacific,"41.8387740, 123.8065860",89.0,Fushun Special Steel Co Ltd [100.0%],N/A,Liaoning,unknown,exact,EAF,https://www.gem.wiki/Fushun_Special_Steel_Co_Ltd,41.838774,123.806586,1937.0,6342.0,0.0,0.0,0.0,0.0,EAF / IF (electric),999.0,0.0,0.0,0.0,0.0,0.0,999.0,operating,operating
P100000120358,Fuzhou Wuhang Steel Products Co Ltd,Fuzhou Wuhang Steel Products Co Ltd,China,Asia Pacific,"25.9951010, 119.4957250",5.0,natural person(s) [66.2%]; Fujian Wugang Group Co Ltd [33.8%],N/A,Fujian,Fuzhou,exact,EAF,https://www.gem.wiki/Fuzhou_Wuhang_Steel_Products_Co_Ltd,25.995101,119.495725,2021.0,323.0,0.0,0.0,0.0,0.0,EAF / IF (electric),2000.0,0.0,0.0,0.0,0.0,0.0,2000.0,operating,operating
P100001045317,Gallantt Ispat Gorakhpur steel plant,Gallantt Ispat Ltd,India,Asia Pacific,"26.7570090, 83.1990860",32.0,Gallantt Ispat Ltd [100.0%],N/A,Uttar Pradesh,Gorakhpur Industrial Development Authority,exact,DRI; IF,https://www.gem.wiki/Gallantt_Ispat_Gorakhpur_steel_plant,26.757009,83.199086,1994.0,,,0.0,792.0,0.0,DRI-EAF,528.0,272.0,0.0,0.0,545.0,0.0,0.0,operating,operating; announced
P100000120082,Gansu Jiu Steel Group Hongxing Iron and Steel Co Ltd,Gansu Jiu Steel Group Hongxing Iron and Steel Co Ltd,China,Asia Pacific,"39.8121210, 98.2955550",27.0,Gansu Jiu Steel Group Hongxing Iron and Steel Co Ltd [100.0%],N/A,Gansu,Jiayuguan,exact,BF; BOF; EAF,https://www.gem.wiki/Gansu_Jiu_Steel_Group_Hongxing_Iron_and_Steel_Co_Ltd,39.812121,98.295555,1999.0,16221.0,9500.0,,,,Mixed (BF-BOF + electric),7650.0,0.0,0.0,2945.0,5560.0,6450.0,1200.0,operating,operating; retired
P100001045310,Georgsmarienhütte Osnabrück steel plant,Georgsmarienhuette GmbH,Germany,Europe,"52.2122334, 8.0420724",170.0,Georgsmarienhütte Holding GmbH [100.0%],N/A,Lower Saxony,Georgsmarienhütte,exact,EAF,https://www.gem.wiki/Georgsmarienhütte_Osnabrück_steel_plant,52.2122334,8.0420724,1856.0,1228.0,0.0,0.0,0.0,0.0,EAF / IF (electric),650.0,0.0,0.0,0.0,0.0,0.0,650.0,operating,operating
P100000120033,Gerdau Açominas Ouro Branco steel plant,Gerdau Acominas SA,Brazil,Central & South America,"-20.5435070, -43.7529500",40.0,Gerdau SA [100.0%],N/A,Minas Gerais,Ouro Branco,exact,BF; BOF,https://www.gem.wiki/Gerdau_Açominas_Ouro_Branco_steel_plant,-20.543507,-43.75295,1986.0,8500.0,5462.0,2905.0,,,BF-BOF (coal-based),3600.0,0.0,0.0,0.0,4348.0,3600.0,0.0,operating,operating
P100000120980,Gerdau Cartersville steel plant,Gerdau Ameristeel Corp,United States,North America,"34.2412260, -84.7995390",30.0,Gerdau SA [98.2%],N/A,Georgia,Cartersville,exact,EAF,https://www.gem.wiki/Gerdau_Cartersville_steel_plant,34.241226,-84.799539,1996.0,764.0,0.0,0.0,0.0,0.0,EAF / IF (electric),908.0,0.0,0.0,0.0,0.0,0.0,908.0,operating,operating
P100000120727,Gerdau Corsa Ciudad Sahagún steel plant,Gerdau Corsa SAPI de CV,Mexico,North America,"19.7533260, -98.5964830",11.0,Gerdau SA [73.6%]; Grupo Córdova [25.0%],N/A,Hidalgo,Ciudad Sahagún,exact,EAF,https://www.gem.wiki/Gerdau_Corsa_Ciudad_Sahagún_steel_plant,19.753326,-98.596483,2015.0,1545.0,0.0,0.0,0.0,0.0,EAF / IF (electric),1000.0,0.0,0.0,0.0,0.0,0.0,1000.0,operating,operating
P100000120735,Gerdau Corsa Tultitlán steel plant,Gerdau Corsa SAPI de CV,Mexico,North America,"19.6303550, -99.1803150",42.0,Gerdau SA [73.6%]; Grupo Córdova [25.0%],N/A,State of México,Tultitlán,exact,EAF,https://www.gem.wiki/Gerdau_Corsa_Tultitlán_steel_plant,19.630355,-99.180315,1984.0,548.0,0.0,0.0,0.0,0.0,EAF / IF (electric),500.0,0.0,0.0,0.0,0.0,0.0,500.0,operating,operating
P100000120042,Gerdau Cosigua Santa Cruz steel plant,Gerdau Acos Longos SA,Brazil,Central & South America,"-22.9024200, -43.7493190",55.0,Gerdau SA [99.8%],N/A,Rio de Janeiro,Santa Cruz,exact,EAF,https://www.gem.wiki/Gerdau_Cosigua_Santa_Cruz_steel_plant,-22.90242,-43.749319,1971.0,1500.0,0.0,0.0,0.0,0.0,EAF / IF (electric),936.0,0.0,0.0,0.0,0.0,0.0,936.0,operating,operating
P100000120047,Gerdau Divinópolis steel plant,Gerdau Acos Longos SA,Brazil,Central & South America,"-20.1539310, -44.8789950",73.0,Gerdau SA [99.8%],N/A,Minas Gerais,Divinópolis,exact,BF; BOF,https://www.gem.wiki/Gerdau_Divinópolis_steel_plant,-20.153931,-44.878995,1953.0,920.0,0.0,0.0,,,BF-BOF (coal-based),600.0,0.0,0.0,0.0,430.0,600.0,0.0,operating,operating
P100000120982,Gerdau Fort Smith steel plant,Gerdau Ameristeel Corp,United States,North America,"35.3070550, -94.3729120",42.0,Gerdau SA [98.2%],N/A,Arkansas,Fort Smith,exact,EAF,https://www.gem.wiki/Gerdau_Fort_Smith_steel_plant,35.307055,-94.372912,1984.0,437.0,0.0,0.0,0.0,0.0,EAF / IF (electric),505.0,0.0,0.0,0.0,0.0,0.0,505.0,operating,operating
P100000120049,Gerdau Guaíra Araucária steel plant,Gerdau Acos Longos SA,Brazil,Central & South America,"-25.5640410, -49.4217290",44.0,Gerdau SA [99.8%],N/A,Paraná,Araucária,exact,EAF,https://www.gem.wiki/Gerdau_Guaíra_Araucária_steel_plant,-25.564041,-49.421729,1982.0,300.0,0.0,0.0,0.0,0.0,EAF / IF (electric),0.0,0.0,420.0,120.0,,,,mothballed,mothballed; retired
P100001044952,Gerdau Jackson steel mill,Gerdau Ameristeel Corp,United States,North America,"35.7277220, -88.8088420",45.0,Gerdau SA [98.2%],N/A,Tennessee,Jackson,exact,EAF,https://www.gem.wiki/Gerdau_Jackson_steel_mill,35.727722,-88.808842,1981.0,549.0,0.0,0.0,0.0,0.0,EAF / IF (electric),629.0,0.0,0.0,0.0,0.0,0.0,629.0,operating,operating
P100000120931,Gerdau Midlothian Steel Mill,Gerdau Ameristeel Corp,United States,North America,"32.4575440, -97.0342460",56.0,Gerdau SA [98.2%],N/A,Texas,Midlothian,exact,EAF,https://www.gem.wiki/Gerdau_Midlothian_Steel_Mill,32.457544,-97.034246,1970.0,1228.0,0.0,0.0,0.0,0.0,EAF / IF (electric),1500.0,150.0,0.0,0.0,0.0,0.0,1500.0,operating,operating; construction
P100000120983,Gerdau Monroe steel plant,Gerdau Ameristeel Corp,United States,North America,"41.8942290, -83.3586970",46.0,Gerdau SA [98.2%],N/A,Michigan,Monroe,exact,EAF,https://www.gem.wiki/Gerdau_Monroe_steel_plant,41.894229,-83.358697,1980.0,637.0,0.0,0.0,0.0,0.0,EAF / IF (electric),730.0,0.0,0.0,0.0,0.0,0.0,730.0,operating,operating
P100000120932,Gerdau Petersburg Steel Mill,Gerdau Ameristeel Corp,United States,North America,"37.1811680, -77.4495170",28.0,Gerdau SA [98.2%],N/A,Virginia,Petersburg,exact,EAF,https://www.gem.wiki/Gerdau_Petersburg_Steel_Mill,37.181168,-77.449517,1998.0,717.0,0.0,0.0,0.0,0.0,EAF / IF (electric),821.0,0.0,0.0,0.0,0.0,0.0,821.0,operating,operating
P100000120055,Gerdau Pindamonhangaba steel plant,Gerdau SA,Brazil,Central & South America,"-22.8991800, -45.3477260",46.0,Gerdau SA [100.0%],N/A,São Paulo,Pindamonhangaba,exact,EAF,https://www.gem.wiki/Gerdau_Pindamonhangaba_steel_plant,-22.89918,-45.347726,1980.0,2500.0,0.0,0.0,0.0,0.0,EAF / IF (electric),530.0,0.0,0.0,0.0,0.0,0.0,530.0,operating,operating
P100000120981,Gerdau Saint Paul steel plant,Gerdau Ameristeel Corp,United States,North America,"44.8954420, -93.0107160",61.0,Gerdau SA [98.2%],N/A,Minnesota,Saint Paul,exact,EAF,https://www.gem.wiki/Gerdau_Saint_Paul_steel_plant,44.895442,-93.010716,1965.0,78.0,0.0,0.0,0.0,0.0,EAF / IF (electric),0.0,0.0,502.0,0.0,,,,mothballed,mothballed
P100000120048,Gerdau São Paulo Araçariguama steel plant,Gerdau Acos Longos SA,Brazil,Central & South America,"-23.4386400, -47.0882500",20.0,Gerdau SA [99.8%],N/A,São Paulo,Araçariguama,exact,EAF,https://www.gem.wiki/Gerdau_São_Paulo_Araçariguama_steel_plant,-23.43864,-47.08825,2006.0,370.0,0.0,0.0,0.0,0.0,EAF / IF (electric),950.0,0.0,0.0,0.0,0.0,0.0,950.0,operating,operating
P100000120769,Gerdau Siderperu Chimbote steel plant,Empresa Siderurgica del Peru SAA,Peru,Central & South America,"-9.0596930, -78.6011780",68.0,Empresa Siderurgica del Peru SAA [100.0%],N/A,Áncash,Chimbote,exact,EAF; BF; DRI,https://www.gem.wiki/Gerdau_Siderperu_Chimbote_steel_plant,-9.059693,-78.601178,1958.0,791.0,,,,,EAF / IF (electric),750.0,0.0,0.0,0.0,0.0,0.0,750.0,operating,operating; mothballed
P100000120009,Gerdau Sipar Pérez steel plant,Sipar Aceros SA,Argentina,Central & South America,"-32.9912336, -60.7588733",9.0,Gerdau SA [98.1%],N/A,Santa Fe,Pérez,exact,EAF,https://www.gem.wiki/Gerdau_Sipar_Pérez_steel_plant,-32.9912336,-60.7588733,2017.0,716.0,0.0,0.0,0.0,0.0,EAF / IF (electric),650.0,0.0,0.0,0.0,0.0,0.0,650.0,operating,operating
P100000120062,Gerdau Whitby Steel Mill,Gerdau Ameristeel Corp,Canada,North America,"43.8564610, -78.9089970",62.0,Gerdau SA [98.2%],N/A,Ontario,Whitby,exact,EAF,https://www.gem.wiki/Gerdau_Whitby_Steel_Mill,43.856461,-78.908997,1964.0,600.0,0.0,0.0,0.0,0.0,EAF / IF (electric),1200.0,0.0,0.0,0.0,0.0,0.0,1200.0,operating,operating
P100000120796,GFG Liberty Galati steel plant,Liberty Galati SA,Romania,Europe,"45.4341190, 27.9762440",58.0,GFG Alliance Ltd,N/A,Galați County,Galati,exact,DRI; EAF; BF; BOF,https://www.gem.wiki/GFG_Liberty_Galati_steel_plant,45.434119,27.976244,1968.0,5600.0,,0.0,0.0,0.0,Mixed (BF-BOF + electric),0.0,4100.0,3000.0,0.0,,,,announced,announced; mothballed pre-retirement
P100000120014,GFG Liberty Laverton Steel Mill,Infrabuild Australia Pty Ltd,Australia,Asia Pacific,"-37.8313790, 144.7881690",34.0,GFG Alliance Ltd,N/A,Victoria,Laverton,exact,EAF,https://www.gem.wiki/GFG_Liberty_Laverton_Steel_Mill,-37.831379,144.788169,1992.0,,0.0,0.0,0.0,0.0,EAF / IF (electric),780.0,0.0,0.0,0.0,0.0,0.0,780.0,operating,operating
P100000120013,GFG Liberty Steel Australia Whyalla steel plant,GFG Alliance Ltd,Australia,Asia Pacific,"-33.0093810, 137.5878360",85.0,GFG Alliance Ltd [100.0%],N/A,South Australia,Whyalla,exact,DRI; EAF; BF; BOF,https://www.gem.wiki/GFG_Liberty_Steel_Australia_Whyalla_steel_plant,-33.009381,137.587836,1941.0,1500.0,,,,,BF-BOF (coal-based),1200.0,1500.0,0.0,0.0,1200.0,1200.0,0.0,operating pre-retirement,operating pre-retirement; announced
P100000120486,GFG Liberty Steel Newport plant,Liberty Steel Group,United Kingdom,Europe,"51.5572890, -2.9627040",,GFG Alliance Ltd,N/A,Wales,Newport,exact,EAF,https://www.gem.wiki/GFG_Liberty_Steel_Newport_plant,51.557289,-2.962704,,180.0,,,,,EAF / IF (electric),0.0,0.0,2000.0,0.0,,,,mothballed,mothballed
P100000120485,GFG Liberty Steel Rotherham plant,Liberty Steel Group,United Kingdom,Europe,"53.4507120, -1.3230250",,GFG Alliance Ltd,N/A,England,Rotherham,exact,EAF,https://www.gem.wiki/GFG_Liberty_Steel_Rotherham_plant,53.450712,-1.323025,,650.0,0.0,0.0,0.0,0.0,EAF / IF (electric),0.0,780.0,1220.0,0.0,,,,announced,announced; mothballed
P100000120015,GFG Liberty Sydney Steel Mill,Infrabuild Australia Pty Ltd,Australia,Asia Pacific,"-33.7660100, 150.8498190",44.0,GFG Alliance Ltd,N/A,New South Wales,Rooty Hill,exact,EAF,https://www.gem.wiki/GFG_Liberty_Sydney_Steel_Mill,-33.76601,150.849819,1982.0,,0.0,0.0,0.0,0.0,EAF / IF (electric),750.0,0.0,0.0,0.0,0.0,0.0,750.0,operating,operating
P100000120587,Ghadir Iron and Steel Plant Yazd,Iranian Ghadir Iron & Steel Co,Iran,Middle East,"32.3912000, 53.7496000",14.84,Chadormalu Mining & Industrial Co; Ghadir Investment Company PJSC; Iran Alloy Steel Co; Shahrood Steel Co,Partial,Yazd,Ardakan,exact,DRI,https://www.gem.wiki/Ghadir_Iron_and_Steel_Plant_Yazd,32.3912,53.7496,2011.0,,,0.0,,0.0,DRI (ironmaking only),0.0,0.0,0.0,0.0,1200.0,0.0,0.0,operating,operating
P100000120603,Ghaenat Steel Complex South Khorasan,Ghaenat Steel Complex,Iran,Middle East,"33.9269090, 59.0078520",4.0,Iranian Mines & Mining Industries Development & Renovation Organization [100.0%],Full,South Khorasan,Qaen,exact,DRI; EAF,https://www.gem.wiki/Ghaenat_Steel_Complex_South_Khorasan,33.926909,59.007852,2022.0,1400.0,,0.0,,0.0,DRI-EAF,800.0,0.0,0.0,0.0,800.0,0.0,800.0,operating,operating
P100000120798,GLGH Resita steel plant,GLGH Steel LLC,Romania,Europe,"45.2934920, 21.9024100",255.0,Great Lakes Global Holdings [100.0%],N/A,Caras-Severin,Resita,exact,EAF,https://www.gem.wiki/GLGH_Resita_steel_plant,45.293492,21.90241,1771.0,732.0,0.0,0.0,0.0,0.0,EAF / IF (electric),500.0,0.0,0.0,0.0,0.0,0.0,500.0,operating,operating
P100000121216,Godawari Power and Ispat Sarora steel plant,Godawari Power and Ispat Ltd,India,Asia Pacific,"21.5650320, 81.7394470",,Godawari Power and Ispat Ltd [100.0%],N/A,Chhattisgarh,Sarora,exact,BF; BOF,https://www.gem.wiki/Godawari_Power_and_Ispat_Sarora_steel_plant,21.565032,81.739447,2028.0,5816.0,1200.0,800.0,3000.0,0.0,BF-BOF (coal-based),0.0,2200.0,0.0,0.0,,,,announced,announced
P100000120557,Godawari Power and Ispat Siltara steel plant,Godawari Power and Ispat Ltd,India,Asia Pacific,"21.3762140, 81.6818880",25.0,Godawari Power and Ispat Ltd [100.0%],N/A,Chhattisgarh,Raipur,exact,BF; DRI; IF,https://www.gem.wiki/Godawari_Power_and_Ispat_Siltara_steel_plant,21.376214,81.681888,2001.0,3442.0,0.0,0.0,2100.0,0.0,Mixed (BF-BOF + electric),659.0,0.0,0.0,0.0,584.0,0.0,0.0,operating,operating
P100000120676,Godo Steel Funabashi Works,Godo Steel Ltd,Japan,Asia Pacific,"35.6975410, 139.9641040",51.0,Godo Steel Ltd [100.0%],N/A,Chiba,Funabashi,exact,EAF,https://www.gem.wiki/Godo_Steel_Funabashi_Works,35.697541,139.964104,1975.0,241.0,0.0,0.0,0.0,0.0,EAF / IF (electric),700.0,0.0,0.0,0.0,0.0,0.0,700.0,operating,operating
P100000120675,Godo Steel Himeji Works,Godo Steel Ltd,Japan,Asia Pacific,"34.7830570, 134.6694110",48.0,Godo Steel Ltd [100.0%],N/A,Hyogo,Himeji,exact,EAF,https://www.gem.wiki/Godo_Steel_Himeji_Works,34.783057,134.669411,1978.0,241.0,0.0,0.0,0.0,0.0,EAF / IF (electric),500.0,0.0,0.0,0.0,0.0,0.0,500.0,operating,operating
P100000120674,Godo Steel Osaka Works,Godo Steel Ltd,Japan,Asia Pacific,"34.6930450, 135.4285370",89.0,Godo Steel Ltd [100.0%],N/A,Osaka,Nishijima,exact,EAF,https://www.gem.wiki/Godo_Steel_Osaka_Works,34.693045,135.428537,1937.0,241.0,0.0,0.0,0.0,0.0,EAF / IF (electric),500.0,0.0,0.0,0.0,0.0,0.0,500.0,operating,operating
P100001063277,Gohar Zamin Bardsir steel plant,Gohar Zamin Mining and Industrial Company,Iran,Middle East,"29.953217, 56.699701",0.3,Gohar Zamin Mining and Industrial Company [100.0%],N/A,Kerman,Bardsir,exact,DRI; EAF,https://www.gem.wiki/Gohar_Zamin_Bardsir_steel_plant,29.953217,56.699701,2025.0,,,0.0,,0.0,DRI (ironmaking only),0.0,4720.0,0.0,0.0,3440.0,0.0,0.0,operating,operating; announced
P100000120613,Golgohar Iron and Steel Company Kerman,Golgohar Iron and Steel Development Co,Iran,Middle East,"29.1346140, 55.3607730",11.0,"Golgohar Mining and Industrial Co [35.0%]; Golgohar Investment and Development Co [15.0%]; Ghadir Investment Company PJSC [10.0%]; National bank employees' pension fund [10.0%]; small shareholder(s) [4.2%]; Social Insurance Fund of Farmers and Villagers [1.9%]; Retirement, Pension and Disability Fund of Banks [1.7%]; Sadr Tamin Investment Co [0.8%]; Chadormalu Mining & Industrial Co; Ghadir Industrial and Mining Development International Co; Iranian Mines & Mining Industries Development & Renovation Organization; Iron Alloy Steel Co; Sepah Bank; Shahrood Steel Co",Partial,Kerman,Sirjan,exact,DRI; EAF,https://www.gem.wiki/Golgohar_Iron_and_Steel_Company_Kerman,29.134614,55.360773,2015.0,3000.0,,0.0,5000.0,0.0,DRI-EAF,3300.0,0.0,0.0,0.0,5550.0,0.0,3300.0,operating,operating
P100000120595,Gostar Almas Steel Saqqez Plant,Gostar Almas Steel Co,Iran,Middle East,"36.2157310, 46.4993220",,Gostar Almas Steel Co [100.0%],N/A,Kurdistan,Saqqez,exact,DRI,https://www.gem.wiki/Gostar_Almas_Steel_Saqqez_Plant,36.215731,46.499322,,1150.0,,0.0,,0.0,DRI (ironmaking only),0.0,0.0,0.0,0.0,1400.0,0.0,0.0,operating,operating
P100000120018,GPH Steel Sitakunda plant,GPH Ispat Ltd,Bangladesh,Asia Pacific,"22.5365690, 91.7007290",17.5,GPH Ispat Ltd [100.0%],N/A,Chittagong,Kumira,exact,EAF; IF,https://www.gem.wiki/GPH_Steel_Sitakunda_plant,22.536569,91.700729,2008.0,2233.0,,0.0,,0.0,EAF / IF (electric),1051.0,0.0,0.0,0.0,0.0,0.0,840.0,operating,operating
P100000121172,GravitHy Fos sur Mer iron plant,GravitHy,France,Europe,"43.4365190, 4.8525760",,small shareholder(s),N/A,Bouches-du-Rhône,Fos-Sur-Mer,approximate,DRI,https://www.gem.wiki/GravitHy_Fos_sur_Mer_iron_plant,43.436519,4.852576,2029.0,500.0,,0.0,,0.0,DRI (ironmaking only),0.0,0.0,0.0,0.0,,,,announced,announced
P100000121220,GravitHy Kristinestad iron plant,GravitHy,Finland,Europe,"62.2739290, 21.3793560",,small shareholder(s),N/A,Ostrobothnia,Kristinestad,approximate,DRI,https://www.gem.wiki/GravitHy_Kristinestad_iron_plant,62.273929,21.379356,2030.0,400.0,,0.0,,0.0,DRI (ironmaking only),0.0,0.0,0.0,0.0,,,,announced,announced
P100000121147,Green Steel of WA Collie Steel plant,Green Steel of WA Pty Ltd,Australia,Asia Pacific,"-33.3419980, 116.2399260",,Carbon Transition Pathways,N/A,Western Australia,Collie,exact,EAF,https://www.gem.wiki/Green_Steel_of_WA_Collie_Steel_plant,-33.341998,116.239926,2027.0,200.0,0.0,0.0,0.0,0.0,EAF / IF (electric),0.0,500.0,0.0,0.0,,,,announced,announced
P100000121163,Green Steel of WA Geraldton iron plant,Green Steel of WA Pty Ltd,Australia,Asia Pacific,"-28.7668580, 114.7999670",,Carbon Transition Pathways,N/A,Mid-West Australia,Geraldton,approximate,DRI,https://www.gem.wiki/Green_Steel_of_WA_Geraldton_iron_plant,-28.766858,114.799967,2028.0,,,0.0,,0.0,DRI (ironmaking only),0.0,0.0,0.0,0.0,,,,announced,announced
P100001026026,GreenSteel Australia New South Wales steel plant,Greensteel Australia Pty Ltd,Australia,Asia Pacific,"-34.4637185, 150.8865407",,Greensteel Australia Pty Ltd [100.0%],N/A,New South Wales,Wollongong,approximate,DRI; EAF,https://www.gem.wiki/GreenSteel_Australia_New_South_Wales_steel_plant,-34.4637185,150.8865407,2027.0,1500.0,,0.0,,0.0,DRI-EAF,0.0,5000.0,0.0,0.0,,,,announced,announced
P100000120736,Grupo Acerero steel plant,Grupo Acerero SA de CV,Mexico,North America,"22.0873280, -100.9019020",22.0,Grupo Fonderia SA de CV,N/A,San Luis Potosí,San Luis Potosí,exact,EAF,https://www.gem.wiki/Grupo_Acerero_steel_plant,22.087328,-100.901902,2004.0,2250.0,0.0,0.0,0.0,0.0,EAF / IF (electric),1375.0,0.0,0.0,0.0,0.0,0.0,1375.0,operating,operating
P100000120460,Grupo Gallardo Corrugados Azpeitia steel plant,Cristian Lay SL,Spain,Europe,"43.1791250, -2.2559390",,Cristian Lay SL [100.0%],N/A,Gipuzkoa,Azpeitia,exact,EAF,https://www.gem.wiki/Grupo_Gallardo_Corrugados_Azpeitia_steel_plant,43.179125,-2.255939,,300.0,0.0,0.0,0.0,0.0,EAF / IF (electric),0.0,0.0,0.0,800.0,,,,retired,retired
P100000120461,Grupo Gallardo Corrugados Getafe steel plant,Corrugados Getafe SL,Spain,Europe,"40.3108030, -3.7035680",78.0,CL Grupo Industrial,N/A,Madrid,Getafe,exact,EAF,https://www.gem.wiki/Grupo_Gallardo_Corrugados_Getafe_steel_plant,40.310803,-3.703568,1948.0,150.0,0.0,0.0,0.0,0.0,EAF / IF (electric),0.0,0.0,0.0,600.0,,,,retired,retired
P100000120455,Grupo Gallardo Siderurgica Balboa Jerez de los Caballeros steel plant,AG Siderurgica Balboa SA,Spain,Europe,"38.3264050, -6.7673260",34.0,CL Grupo Industrial,N/A,Badajoz,Jerez de los Caballeros,exact,EAF,https://www.gem.wiki/Grupo_Gallardo_Siderurgica_Balboa_Jerez_de_los_Caballeros_steel_plant,38.326405,-6.767326,1992.0,600.0,0.0,0.0,0.0,0.0,EAF / IF (electric),1300.0,0.0,0.0,0.0,0.0,0.0,1300.0,operating,operating
P100000120733,Grupo Simec Apizaco Cholula steel plant,Aceros Especiales Simec Tlaxcala SA de CV,Mexico,North America,"19.3956280, -98.0887770",7.64,Grupo Simec SAB de CV [100.0%],N/A,Tlaxcala,Xaloztoc,exact,EAF,https://www.gem.wiki/Grupo_Simec_Apizaco_Cholula_steel_plant,19.395628,-98.088777,2018.0,598.0,0.0,0.0,0.0,0.0,EAF / IF (electric),1140.0,0.0,0.0,0.0,0.0,0.0,1140.0,operating,operating
P100000120737,Grupo Simec San Luis steel plants,Aceros Especiales Simec Tlaxcala SA de CV,Mexico,North America,"22.1033240, -100.9192020",33.0,Grupo Simec SAB de CV [100.0%],N/A,San Luis Potosí,San Luis Potosí,exact,EAF,https://www.gem.wiki/Grupo_Simec_San_Luis_steel_plants,22.103324,-100.919202,1993.0,598.0,0.0,0.0,0.0,0.0,EAF / IF (electric),816.0,0.0,0.0,0.0,0.0,0.0,816.0,operating,operating
P100001063538,Guangdong Daxing Iron & Steel Industrial Co Ltd,Guangdong Daxing Iron & Steel Industrial Co Ltd,China,Asia Pacific,"23.529158, 116.329247",26.52,Guangdong Daxing Iron & Steel Industrial Co Ltd [100.0%],N/A,Guangdong,Jieyang,exact,EAF,https://www.gem.wiki/Guangdong_Daxing_Iron_&_Steel_Industrial_Co_Ltd,23.529158,116.329247,1999.0,500.0,0.0,0.0,0.0,0.0,EAF / IF (electric),720.0,0.0,0.0,0.0,0.0,0.0,720.0,operating,operating
P100001063264,Guangdong Fogang Jincheng Metal Products Co Ltd,Guangdong Fogang Jincheng Metal Products Co Ltd,China,Asia Pacific,"23.7419650, 113.5021680",21.98,Guangdong Fogang Jincheng Metal Products Co Ltd [100.0%],N/A,Guangdong,Qingyuan,exact,EAF,https://www.gem.wiki/Guangdong_Fogang_Jincheng_Metal_Products_Co_Ltd,23.741965,113.502168,2004.0,406.0,0.0,0.0,0.0,0.0,EAF / IF (electric),500.0,0.0,0.0,0.0,0.0,0.0,500.0,operating,operating
P100000120087,Guangdong Guangqing Metal Technology Co Ltd,Guangdong Guangqing METAL Technology Co Ltd,China,Asia Pacific,"21.6970690, 111.8488410",16.0,Guangdong Guangxin Holdings Group Ltd [48.9%]; Shanghai Decent Investment (Group) Co Ltd [17.0%]; unknown [16.9%]; TSINGSHAN Holding Group Co Ltd [13.4%]; Zhejiang Qingshan Business Management Co Ltd [3.8%],Partial,Guangdong,Yangjiang,exact,EAF,https://www.gem.wiki/Guangdong_Guangqing_Metal_Technology_Co_Ltd,21.697069,111.848841,2010.0,3499.0,0.0,0.0,0.0,300.0,EAF / IF (electric),2040.0,0.0,0.0,0.0,0.0,0.0,2040.0,operating,operating
P100001063170,Guangdong Guixin Steel Co Ltd,Guangdong Guixin Steel Co Ltd,China,Asia Pacific,"23.5171090, 113.1068650",22.0,Guangdong Guixin Steel Co Ltd [100.0%],N/A,Guangdong,Qingyuan,exact,EAF,https://www.gem.wiki/Guangdong_Guixin_Steel_Co_Ltd,23.517109,113.106865,2004.0,177.0,0.0,0.0,0.0,0.0,EAF / IF (electric),630.0,0.0,0.0,0.0,0.0,0.0,630.0,operating,operating
P100001062833,"Guangdong Guoxin Industrial Co., Ltd.",Guangdong Guoxin Industrial Co Ltd,China,Asia Pacific,"23.4074150, 116.5708180",24.0,Guangdong Guoxin Industrial Co Ltd [100.0%],N/A,Guangdong,Jieyang,exact,BF; BOF,"https://www.gem.wiki/Guangdong_Guoxin_Industrial_Co.,_Ltd.",23.407415,116.570818,2002.0,1020.0,,,,,BF-BOF (coal-based),2500.0,0.0,0.0,0.0,2200.0,2500.0,0.0,operating,operating
P100001063522,Guangdong Hongde Steel Group Co Ltd,Guangdong Hongde Steel Group Co Ltd,China,Asia Pacific,"24.6723510, 113.5355740",24.0,Guangdong Hongde Steel Group Co Ltd [100.0%],N/A,Guangdong,Shaoguan,exact,EAF,https://www.gem.wiki/Guangdong_Hongde_Steel_Group_Co_Ltd,24.672351,113.535574,2002.0,,0.0,0.0,0.0,0.0,EAF / IF (electric),860.0,0.0,0.0,0.0,0.0,0.0,860.0,operating,operating
P100000120362,Guangdong Jingye Iron and Steel Co Ltd,Guangdong Jingye Iron and Steel Co Ltd,China,Asia Pacific,"23.4546660, 116.4984830",6.0,Jingye Group Co Ltd [100.0%],N/A,Guangdong,Jieyang,exact,BF; BOF,https://www.gem.wiki/Guangdong_Jingye_Iron_and_Steel_Co_Ltd,23.454666,116.498483,2020.0,1082.0,,,,,BF-BOF (coal-based),2000.0,0.0,0.0,0.0,2000.0,2000.0,0.0,operating,operating
P100000120319,Guangdong Jinshenglan Metallurgical Technology Co Ltd,Guangdong Jinshenglan Metallurgical Technology Co Ltd,China,Asia Pacific,"22.8887290, 112.2630810",5.0,Fujian Lanming Investment Partnership LP [25.2%]; unknown [14.9%]; natural person(s) [13.9%]; Fujian Lanrui Investment Partnership LP [12.5%]; Fujian Qikun Investment Co Ltd [5.8%]; Fujian Zhongyi Investment Co Ltd [5.0%]; Fujian Taisong Investment Co Ltd [3.3%]; Fujian Qinghe Investment Co Ltd [1.9%]; Fujian Jinkun Investment Co Ltd [1.8%]; Fuzhou Deyu Investment Co Ltd [1.8%]; Fujian Shunle Investment Co Ltd [1.8%]; Fujian Yuheng Investment Co Ltd [1.8%]; Fuzhou Minqiu Trading Co Ltd [1.7%]; Fenghe Investment (Fujian) Co Ltd [1.4%]; Fujian Jingyuan Investment Co Ltd [1.4%]; Fujian Junao Investment Co Ltd [1.4%]; Fujian Yongxinqi Investment Co Ltd [1.4%]; Yuncheng Investment (Fujian) Co Ltd [1.4%]; Pingtan Shengxin Investment Partnership LP [1.4%],N/A,Guangdong,Yunfu,exact,EAF,https://www.gem.wiki/Guangdong_Jinshenglan_Metallurgical_Technology_Co_Ltd,22.888729,112.263081,2021.0,2169.0,0.0,0.0,0.0,0.0,EAF / IF (electric),3600.0,0.0,0.0,0.0,0.0,0.0,3600.0,operating,operating
P100000120380,Guangdong Nanfang Donghai Iron and Steel Co Ltd,Guangdong Nanfang Donghai Iron and Steel Co Ltd,China,Asia Pacific,"22.9076140, 112.2249520",3.0,Tangshan Donghai Iron and Steel Group Co Ltd [70.0%]; natural person(s) [30.0%],N/A,Guangdong,Yunfu,approximate,EAF,https://www.gem.wiki/Guangdong_Nanfang_Donghai_Iron_and_Steel_Co_Ltd,22.907614,112.224952,2023.0,284.0,0.0,0.0,0.0,0.0,EAF / IF (electric),2400.0,0.0,0.0,0.0,0.0,0.0,2400.0,operating,operating
P100001063276,Guangdong Shengye Steel Co Ltd,Guangdong Shengye Steel Co Ltd,China,Asia Pacific,"24.0085640, 114.7973280",21.97,Guangdong Shengye Steel Co Ltd [100.0%],N/A,Guangdong,Heyuan,approximate,EAF,https://www.gem.wiki/Guangdong_Shengye_Steel_Co_Ltd,24.008564,114.797328,2004.0,11.0,0.0,0.0,0.0,0.0,EAF / IF (electric),920.0,0.0,0.0,0.0,0.0,0.0,920.0,operating,operating
P100001063591,Guangdong Shiji Qingshan Nickel Industry Co Ltd,Guangdong Shiji Qingshan Nickel Industry Co Ltd,China,Asia Pacific,"21.6870530, 111.8488930",14.81,Guangdong Shiji Qingshan Nickel Industry Co Ltd [100.0%],N/A,Guangdong,Yangjiang,exact,EAF,https://www.gem.wiki/Guangdong_Shiji_Qingshan_Nickel_Industry_Co_Ltd,21.687053,111.848893,2011.0,900.0,0.0,0.0,0.0,0.0,EAF / IF (electric),900.0,0.0,0.0,0.0,0.0,0.0,900.0,operating,operating
P100001063532,Guangdong Taidu Iron & Steel Co Ltd,Guangdong Taidu Iron & Steel Co Ltd,China,Asia Pacific,"23.504558, 112.962693",22.0,Guangdong Taidu Iron & Steel Co Ltd [100.0%],N/A,Guangdong,Qingyuan,exact,EAF,https://www.gem.wiki/Guangdong_Taidu_Iron_&_Steel_Co_Ltd,23.504558,112.962693,2004.0,,0.0,0.0,0.0,0.0,EAF / IF (electric),1020.0,0.0,0.0,0.0,0.0,0.0,1020.0,operating,operating
P100001063263,"Guangdong Taiye Hongda Steel Co., Ltd.",Guangdong Taiye Hongda Steel Co Ltd,China,Asia Pacific,"23.54332928798603, 112.99082407443541",13.79,Guangdong Taiye Hongda Steel Co Ltd [100.0%],N/A,Guangdong,Qingyuan,approximate,EAF,"https://www.gem.wiki/Guangdong_Taiye_Hongda_Steel_Co.,_Ltd.",23.54332928798603,112.9908240744354,2012.0,,0.0,0.0,0.0,0.0,EAF / IF (electric),920.0,0.0,0.0,0.0,0.0,0.0,920.0,operating,operating
P100000120361,GuangDong Xinxing Ductile Iron Pipes Co Ltd,GuangDong Xinxing Ductile Iron Pipes Co Ltd,China,Asia Pacific,"22.0991400, 111.6654790",11.0,Xinxing Ductile Iron Pipes Co Ltd [100.0%],N/A,Guangdong,Yangjiang,exact,BF,https://www.gem.wiki/GuangDong_Xinxing_Ductile_Iron_Pipes_Co_Ltd,22.09914,111.665479,2015.0,618.0,,,,,BF-BOF (coal-based),0.0,0.0,0.0,0.0,700.0,0.0,0.0,operating,operating
P100000121044,Guangdong Yuebei United Steel Co Ltd,Guangdong Yuebei United Steel Co Ltd,China,Asia Pacific,"24.2624520, 113.7281980",16.0,Jingye Group Co Ltd [100.0%],N/A,Guangdong,Yingde,exact,BF; BOF; EAF,https://www.gem.wiki/Guangdong_Yuebei_United_Steel_Co_Ltd,24.262452,113.728198,2010.0,1451.0,,,,,Mixed (BF-BOF + electric),2055.0,0.0,0.0,0.0,800.0,975.0,1080.0,operating,operating
P100001063322,Guangdong Yuedong Steel Co Ltd,Guangdong Yuedong Steel Co Ltd,China,Asia Pacific,"23.711585, 114.689761",32.14,Guangdong Yuedong Steel Co Ltd [100.0%],N/A,Guangdong,Heyuan,exact,EAF,https://www.gem.wiki/Guangdong_Yuedong_Steel_Co_Ltd,23.711585,114.689761,1993.0,126.0,0.0,0.0,0.0,0.0,EAF / IF (electric),720.0,0.0,0.0,0.0,0.0,0.0,720.0,operating,operating
P100001062853,Guangdong Yuehua Iron & Steel Group Co Ltd,Guangdong Yuehua Iron & Steel Group Co Ltd,China,Asia Pacific,"24.2757830, 113.3888960",21.81,Guangdong Yuehua Iron & Steel Group Co Ltd [100.0%],N/A,Guangdong,Yingde,exact,EAF,https://www.gem.wiki/Guangdong_Yuehua_Iron_&_Steel_Group_Co_Ltd,24.275783,113.388896,2004.0,65.0,0.0,0.0,0.0,0.0,EAF / IF (electric),520.0,0.0,0.0,0.0,0.0,0.0,520.0,operating,operating
P100001063509,Guangdong Yueshao Iron & Steel Co Ltd,Guangdong Yueshao Iron & Steel Co Ltd,China,Asia Pacific,"24.6883550, 113.6574080",12.48,Guangdong Yueshao Iron & Steel Co Ltd [100.0%],N/A,Guangdong,Shaoguan,exact,EAF,https://www.gem.wiki/Guangdong_Yueshao_Iron_&_Steel_Co_Ltd,24.688355,113.657408,2013.0,315.0,0.0,0.0,0.0,0.0,EAF / IF (electric),500.0,0.0,0.0,0.0,0.0,0.0,500.0,operating,operating
P100001063495,Guangdong Zhanhong Steel Plant,Guangdong Zhanhong Steel Plant,China,Asia Pacific,"23.0378580, 114.9705930",23.0,Guangdong Zhanhong Steel Plant [100.0%],N/A,Guangdong,Huizhou,exact,EAF,https://www.gem.wiki/Guangdong_Zhanhong_Steel_Plant,23.037858,114.970593,2003.0,1000.0,0.0,0.0,0.0,0.0,EAF / IF (electric),500.0,0.0,0.0,0.0,0.0,0.0,500.0,operating,operating
P100000120084,Guangdong Zhongnan Iron & Steel Co Ltd,SGIS Songshan Co Ltd,China,Asia Pacific,"24.7082320, 113.6358980",29.0,SGIS Songshan Co Ltd [100.0%],N/A,Guangdong,Shaoguan,exact,BF; BOF; EAF,https://www.gem.wiki/Guangdong_Zhongnan_Iron_&_Steel_Co_Ltd,24.708232,113.635898,1997.0,5155.0,,,,,Mixed (BF-BOF + electric),8698.0,0.0,0.0,0.0,6500.0,7998.0,700.0,operating,operating
P100000121071,Guangshui Huaxin Metallurgical Industry Co Ltd,Guangshui Huaxin Smelt Industry Co Ltd,China,Asia Pacific,"31.5022100, 114.0081420",18.0,Fujian Shangkun Investment Co Ltd [62.5%]; Fujian Kangye Investment Co Ltd [37.5%],N/A,Hubei,Suizhou,exact,BF; EAF,https://www.gem.wiki/Guangshui_Huaxin_Metallurgical_Industry_Co_Ltd,31.50221,114.008142,2008.0,1038.0,,,,,Mixed (BF-BOF + electric),869.0,0.0,0.0,0.0,730.0,0.0,869.0,operating,operating
P100000120093,Guangxi Beigang New Material Co Ltd,Guangxi BG New Materials Co Ltd,China,Asia Pacific,"21.5199240, 109.5064270",17.0,Guangxi Beibu Gulf International Port Group Co Ltd [100.0%],Full,Guangxi,Beihai,exact,BF; EAF,https://www.gem.wiki/Guangxi_Beigang_New_Material_Co_Ltd,21.519924,109.506427,2009.0,2225.0,,,,3400.0,Mixed (BF-BOF + electric),3400.0,0.0,0.0,0.0,1850.0,0.0,3400.0,operating,operating
P100000120370,Guangxi Chiji Iron and Steel Co Ltd,Guangxi Chiji Iron and Steel Co Ltd,China,Asia Pacific,"23.4021210, 111.1346060",7.0,Qian'an City Jiujiang Wire Co Ltd [100.0%],N/A,Guangxi,Wuzhou,exact,BF; BOF; Iron other/unspecified,https://www.gem.wiki/Guangxi_Chiji_Iron_and_Steel_Co_Ltd,23.402121,111.134606,2019.0,7900.0,,,,,BF-BOF (coal-based),4800.0,0.0,0.0,0.0,5680.0,4800.0,0.0,operating,operating
P100000120398,Guangxi Deyuan Metallurgy Co Ltd (Nayangdaqiao),Guangxi Deyuan Metallurgy Co Ltd,China,Asia Pacific,"22.7129960, 109.3372500",36.0,Fujian Yongjianguo Investment Development Co Ltd [50.0%]; natural person(s) [35.0%]; Guangxi Changheng Investment Co Ltd [15.0%],N/A,Guangxi,Nanning,exact,EAF,https://www.gem.wiki/Guangxi_Deyuan_Metallurgy_Co_Ltd_(Nayangdaqiao),22.712996,109.33725,1990.0,73.0,0.0,0.0,0.0,0.0,EAF / IF (electric),1600.0,0.0,0.0,0.0,0.0,0.0,1600.0,operating pre-retirement,operating pre-retirement
P100000121140,Guangxi Deyuan Metallurgy Co Ltd (Yujiangbian),Guangxi Deyuan Metallurgy Co Ltd,China,Asia Pacific,"22.8583100, 108.9010900",,Fujian Yongjianguo Investment Development Co Ltd [50.0%]; natural person(s) [35.0%]; Guangxi Changheng Investment Co Ltd [15.0%],N/A,Guangxi,Nanning,approximate,EAF,https://www.gem.wiki/Guangxi_Deyuan_Metallurgy_Co_Ltd_(Yujiangbian),22.85831,108.90109,,,0.0,0.0,0.0,0.0,EAF / IF (electric),0.0,1600.0,0.0,0.0,,,,announced,announced
P100000120395,Guangxi Guifeng Special Steel Co Ltd,Guangxi Longzhou Zhongheng Wanhua Industrial Co Ltd,China,Asia Pacific,"23.9871360, 111.9141970",24.0,Guangxi Longzhou Yishuo Investment Management Co Ltd [100.0%],N/A,Guangxi,Hezhou,exact,EAF,https://www.gem.wiki/Guangxi_Guifeng_Special_Steel_Co_Ltd,23.987136,111.914197,2002.0,44.0,0.0,0.0,0.0,0.0,EAF / IF (electric),1725.0,0.0,0.0,0.0,0.0,0.0,1725.0,operating,operating
P100000120095,Guangxi Guigang Iron and Steel Group Co Ltd,Guangxi Guigang Iron and Steel Group Co Ltd,China,Asia Pacific,"23.0881820, 109.6346380",23.0,natural person(s) [44.0%]; Guigang Helong Investment Partnership LP [41.8%]; Guigang Herun Investment Partnership LP [12.5%]; unknown [1.7%],N/A,Guangxi,Guigang,exact,BOF; BF,https://www.gem.wiki/Guangxi_Guigang_Iron_and_Steel_Group_Co_Ltd,23.088182,109.634638,2003.0,2727.0,,,,,BF-BOF (coal-based),1400.0,0.0,1100.0,0.0,1660.0,1400.0,0.0,operating,operating; operating pre-retirement; announced; mothballed; cancelled
P100000120363,Guangxi Guigang Iron and Steel Group Guigang Guibao Special Steel Co Ltd,Guangxi Guigang Iron and Steel Group Guigang Guibao SPECIAL Steel Co Ltd,China,Asia Pacific,"23.0895020, 109.6393800",8.0,Guangxi Guigang Iron and Steel Group Co Ltd [44.0%]; Guigang Helong Investment Partnership LP [41.8%]; Guigang Herun Investment Partnership LP [12.5%]; unknown [1.7%],N/A,Guangxi,Guigang,exact,EAF,https://www.gem.wiki/Guangxi_Guigang_Iron_and_Steel_Group_Guigang_Guibao_Special_Steel_Co_Ltd,23.089502,109.63938,2018.0,,0.0,0.0,0.0,0.0,EAF / IF (electric),1200.0,0.0,0.0,0.0,0.0,0.0,1200.0,operating,operating
P100000120368,Guangxi Guixin Iron and Steel Group Co Ltd,Guangxi Guixin Steel Group Co Ltd,China,Asia Pacific,"23.9789620, 111.7355230",33.0,Guangxi Guixin Steel Group Co Ltd [100.0%],N/A,Guangxi,Hezhou,exact,BF; BOF; EAF,https://www.gem.wiki/Guangxi_Guixin_Iron_and_Steel_Group_Co_Ltd,23.978962,111.735523,1993.0,90.0,,,,,Mixed (BF-BOF + electric),6050.0,0.0,0.0,0.0,3120.0,4050.0,2000.0,operating,operating
P100000120394,Guangxi Guixin Iron and Steel Intelligent Manufacturing Co Ltd,Hezhou Zhaoxin Hardware Products Co Ltd,China,Asia Pacific,"23.9785670, 111.7355290",26.0,Hezhou Zhaoxin Hardware Products Co Ltd [100.0%],N/A,Guangxi,Hezhou,exact,EAF,https://www.gem.wiki/Guangxi_Guixin_Iron_and_Steel_Intelligent_Manufacturing_Co_Ltd,23.978567,111.735529,2000.0,127.0,0.0,0.0,0.0,0.0,EAF / IF (electric),750.0,0.0,0.0,1000.0,0.0,0.0,750.0,operating,operating; retired
P100000120397,Guangxi Hezhou Kexinda Metal Products Co Ltd,Guangxi Hezhou Kexinda Metal Products Co Ltd,China,Asia Pacific,"23.9799370, 111.7450370",22.0,Guangxi Hezhou Kexinda Metal Products Co Ltd [100.0%],N/A,Guangxi,Hezhou,exact,EAF,https://www.gem.wiki/Guangxi_Hezhou_Kexinda_Metal_Products_Co_Ltd,23.979937,111.745037,2004.0,17.0,0.0,0.0,0.0,0.0,EAF / IF (electric),1150.0,0.0,0.0,0.0,0.0,0.0,1150.0,operating,operating
P100000120396,Guangxi Hezhou Pengda New Materials Co Ltd,Hezhou Xindu Sanyuan Casting Co Ltd,China,Asia Pacific,"23.9870070, 111.7397750",10.0,Hezhou Xindu Sanyuan Casting Co Ltd [100.0%],N/A,Guangxi,Hezhou,exact,EAF,https://www.gem.wiki/Guangxi_Hezhou_Pengda_New_Materials_Co_Ltd,23.987007,111.739775,2016.0,200.0,0.0,0.0,0.0,0.0,EAF / IF (electric),780.0,0.0,0.0,0.0,0.0,0.0,780.0,operating,operating
P100000120306,Guangxi Iron and Steel Group Co Ltd Fangchenggang Iron & Steel Base,Guangxi Iron and Steel Group Co Ltd,China,Asia Pacific,"21.5807230, 108.4008960",6.0,Liuzhou IRON&STEEL Co Ltd [45.8%]; Guangxi Liuzhou Iron and Steel Group Co Ltd [45.6%]; China Baowu Steel Group Co Ltd [8.6%],Partial,Guangxi,Fangchenggang,exact,BF; BOF,https://www.gem.wiki/Guangxi_Iron_and_Steel_Group_Co_Ltd_Fangchenggang_Iron_&_Steel_Base,21.580723,108.400896,2020.0,5943.0,10730.0,3500.0,,,BF-BOF (coal-based),8400.0,0.0,0.0,0.0,8880.0,8400.0,0.0,operating,operating
P100000120374,Guangxi Liugang Zhongjin Stainless Steel Co Ltd,Guangxi Liugang Zhongjin Stainless Steel Co Ltd,China,Asia Pacific,"21.6726100, 109.7418660",13.0,Guangxi Liuzhou Iron and Steel Group Co Ltd [100.0%],Full,Guangxi,Yulin,exact,BF; Steel other/unspecified; Iron other/unspecified,https://www.gem.wiki/Guangxi_Liugang_Zhongjin_Stainless_Steel_Co_Ltd,21.67261,109.741866,2013.0,2132.0,1100.0,,,100.0,BF-BOF (coal-based),0.0,1200.0,0.0,0.0,3310.0,0.0,0.0,operating,operating; operating pre-retirement; construction
P100000120393,Guangxi Longzhou Zhongheng Wanhua Industrial Co Ltd,Guangxi Longzhou Zhongheng Wanhua Industrial Co Ltd,China,Asia Pacific,"22.3263610, 106.9461600",11.0,Guangxi Longzhou Yishuo Investment Management Co Ltd [100.0%],N/A,Guangxi,Longzhou,exact,BF,https://www.gem.wiki/Guangxi_Longzhou_Zhongheng_Wanhua_Industrial_Co_Ltd,22.326361,106.94616,2015.0,188.0,,,,,BF-BOF (coal-based),0.0,0.0,0.0,0.0,550.0,0.0,0.0,operating,operating
P100000120094,Guangxi Shenglong Metallurgical Co Ltd,Guangxi Shenglong Metallurgical Co Ltd,China,Asia Pacific,"21.6876370, 108.4123440",23.0,Guangxi Shenglong Metallurgical Co Ltd [100.0%],N/A,Guangxi,Fangchenggang,exact,BF; BOF,https://www.gem.wiki/Guangxi_Shenglong_Metallurgical_Co_Ltd,21.687637,108.412344,2003.0,11959.0,,,,,BF-BOF (coal-based),9783.0,1200.0,0.0,6000.0,10310.0,9783.0,0.0,operating,operating; announced; retired
P100000120369,Guangxi Wuzhou Jinhai Stainless Steel Co Ltd,Guangxi Wuzhou Jinhai Stainless Steel Co Ltd,China,Asia Pacific,"23.5182290, 111.2355090",16.0,Guangdong Jinhai Brilliant Group Co Ltd [100.0%],N/A,Guangxi,Wuzhou,exact,EAF,https://www.gem.wiki/Guangxi_Wuzhou_Jinhai_Stainless_Steel_Co_Ltd,23.518229,111.235509,2010.0,931.0,0.0,0.0,0.0,0.0,EAF / IF (electric),1500.0,0.0,0.0,0.0,0.0,0.0,1500.0,operating,operating
P100000120367,Guilin Pinggang Iron and Steel Co Ltd,Guilin Pinggang Iron and Steel Co Ltd,China,Asia Pacific,"24.6735670, 110.7895900",29.0,Guangxi Xingui Steel Group Co Ltd [65.0%]; natural person(s) [35.0%],N/A,Guangxi,Guilin,exact,EAF,https://www.gem.wiki/Guilin_Pinggang_Iron_and_Steel_Co_Ltd,24.673567,110.78959,1997.0,360.0,0.0,0.0,0.0,0.0,EAF / IF (electric),1200.0,0.0,0.0,0.0,0.0,0.0,1200.0,operating,operating
P100000120098,Guizhou Ganglian Industrial Group Co Ltd,Guizhou Ganglian Industrial Group Co Ltd,China,Asia Pacific,"27.6151470, 106.9499260",12.0,Guizhou Ganglian Industrial Group Co Ltd [100.0%],N/A,Guizhou,Zunyi,exact,EAF,https://www.gem.wiki/Guizhou_Ganglian_Industrial_Group_Co_Ltd,27.615147,106.949926,2014.0,,0.0,0.0,0.0,0.0,EAF / IF (electric),1325.0,0.0,0.0,0.0,0.0,0.0,1325.0,operating,operating
P100000120364,Guizhou Hexing Steel Co Ltd,Guizhou Hexing Metal Products Co Ltd,China,Asia Pacific,"26.5095250, 107.5704580",14.0,natural person(s) [65.0%]; Guizhou Mindong Economic and Trade Co Ltd [35.0%],N/A,Guizhou,Qiandongnan,exact,EAF,https://www.gem.wiki/Guizhou_Hexing_Steel_Co_Ltd,26.509525,107.570458,2012.0,130.0,0.0,0.0,0.0,0.0,EAF / IF (electric),500.0,0.0,0.0,520.0,0.0,0.0,500.0,operating,operating; retired
P100000120360,Guizhou Juxin Iron and Steel Group Co Ltd,Qianxinan Prefecture Juxin Industry & Trade General Co,China,Asia Pacific,"25.1508570, 105.0417220",33.0,Qianxinan Prefecture Juxin Industry & Trade General Co [100.0%],N/A,Guizhou,Xingyi,exact,EAF,https://www.gem.wiki/Guizhou_Juxin_Iron_and_Steel_Group_Co_Ltd,25.150857,105.041722,1993.0,94.0,0.0,0.0,0.0,0.0,EAF / IF (electric),490.0,500.0,0.0,0.0,0.0,0.0,490.0,operating pre-retirement,operating pre-retirement; announced
P100000120097,Guizhou United Iron and Steel Group Co Ltd,Guizhou United Steel (Group) Co Ltd,China,Asia Pacific,"27.5916910, 106.8140240",12.0,Guiyang Changle Iron and Steel Co Ltd [33.3%]; Qianxinan Prefecture Juxin Industry & Trade General Co [33.3%]; Zunyi County Fuxin Iron & Steel Product Co Ltd [33.3%],N/A,Guizhou,Zunyi,exact,EAF,https://www.gem.wiki/Guizhou_United_Iron_and_Steel_Group_Co_Ltd,27.591691,106.814024,2014.0,,0.0,0.0,0.0,0.0,EAF / IF (electric),1990.0,0.0,0.0,0.0,0.0,0.0,1990.0,operating,operating
P100000120839,Gulf Tubing Company Ras Al-Khair steel plant,Gulf Tubing Co,Saudi Arabia,Middle East,"27.5020410, 49.1896470",,SMS Holding GmbH; Vitkovice Heavy Machinery AS,N/A,Eastern Province,Ras Al-Khair,approximate,EAF,https://www.gem.wiki/Gulf_Tubing_Company_Ras_Al-Khair_steel_plant,27.502041,49.189647,,700.0,0.0,0.0,0.0,0.0,EAF / IF (electric),0.0,630.0,0.0,0.0,,,,construction,construction
P100000120507,Gunung Raja Paksi North Sumatra steel plant,PT Gunung Raja Paksi Tbk,Indonesia,Asia Pacific,"3.6644500, 98.6661660",,PT Gunung Raja Paksi Tbk [100.0%],N/A,North Sumatra,Medan,approximate,BF; EAF,https://www.gem.wiki/Gunung_Raja_Paksi_North_Sumatra_steel_plant,3.66445,98.666166,,1200.0,,,,,Mixed (BF-BOF + electric),0.0,0.0,0.0,500.0,,,,cancelled,cancelled
P100000120506,Gunung Raja Paksi South Kalimantan steel plant,PT Gunung Raja Paksi Tbk,Indonesia,Asia Pacific,"-3.4608370, 115.9502780",,PT Gunung Raja Paksi Tbk [100.0%],N/A,South Kalimantan,Batulicin,approximate,Iron other/unspecified; Steel other/unspecified,https://www.gem.wiki/Gunung_Raja_Paksi_South_Kalimantan_steel_plant,-3.460837,115.950278,,,,,,,Other / unspecified,0.0,0.0,0.0,3000.0,,,,cancelled,cancelled
P100000120499,Gunung Raja Paksi West Java steel plant,PT Gunung Raja Paksi Tbk,Indonesia,Asia Pacific,"-6.2826580, 107.1176830",40.0,PT Gunung Raja Paksi Tbk [100.0%],N/A,West Java,Sukadanau,exact,EAF; DRI; BF; BOF,https://www.gem.wiki/Gunung_Raja_Paksi_West_Java_steel_plant,-6.282658,107.117683,1986.0,5000.0,,,,,Mixed (BF-BOF + electric),2800.0,1200.0,0.0,0.0,2000.0,980.0,1820.0,operating,operating; operating pre-retirement; announced; retired
P100000120872,Habas Aliaga steel plant,Habas Industrial and Medical Gases Production Industries AŞ,Türkiye,Europe,"38.7514620, 26.9501720",39.0,Habas Industrial and Medical Gases Production Industries AŞ [100.0%],N/A,İzmir,Aliağa,exact,EAF,https://www.gem.wiki/Habas_Aliaga_steel_plant,38.751462,26.950172,1987.0,1449.0,0.0,0.0,0.0,0.0,EAF / IF (electric),4500.0,0.0,0.0,0.0,0.0,0.0,4500.0,operating,operating
P100000120856,Hadeed Metal Manufacturing Co Damascus steel plant,Hadeed Metal Manufacturing Co,Syria,Middle East,"33.6262580, 36.5749680",14.0,Hadeed Metal Manufacturing Co [100.0%],N/A,Damascus,Adra Industrial City,exact,EAF,https://www.gem.wiki/Hadeed_Metal_Manufacturing_Co_Damascus_steel_plant,33.626258,36.574968,2012.0,750.0,0.0,0.0,0.0,0.0,EAF / IF (electric),800.0,0.0,0.0,0.0,0.0,0.0,800.0,operating,operating
P100000121174,Hai Kwang Enterprise Kaohsiung steel plant,Hai Kwang Enterprise Corp,Taiwan,Asia Pacific,"22.5506340, 120.3656450",57.0,Hai Kwang Enterprise Corp [100.0%],N/A,Kaohsiung,Kaohsiung,exact,EAF,https://www.gem.wiki/Hai_Kwang_Enterprise_Kaohsiung_steel_plant,22.550634,120.365645,1969.0,350.0,,,,,EAF / IF (electric),600.0,0.0,0.0,0.0,0.0,0.0,600.0,operating,operating
P100001063796,Haicheng Hengsheng Casting Co Ltd,Haicheng Hengsheng Casting Co Ltd,China,Asia Pacific,"41.057478, 122.832800",26.0,Haicheng Hengsheng Casting Co Ltd [100.0%],N/A,Liaoning,unknown,exact,BF; BOF,https://www.gem.wiki/Haicheng_Hengsheng_Casting_Co_Ltd,41.057478,122.8328,2000.0,1808.0,,,,,BF-BOF (coal-based),760.0,0.0,0.0,0.0,1220.0,760.0,0.0,operating,operating; retired
P100000120491,Halyvourgiki Eleusis steel plant,Halyvourgiki SA,Greece,Europe,"38.0438730, 23.5080830",91.0,Halyvourgiki SA [100.0%],N/A,Attica,Eleusis,exact,BF; BOF; EAF,https://www.gem.wiki/Halyvourgiki_Eleusis_steel_plant,38.043873,23.508083,1932.0,170.0,,,,,Mixed (BF-BOF + electric),0.0,0.0,0.0,1200.0,,,,retired,retired
P100000120102,Handan Iron and Steel Group Co Ltd,Handan Iron and Steel Group Co Ltd,China,Asia Pacific,"36.6013080, 114.4398890",64.91,HBIS Group Co Ltd [100.0%],Full,Hebei,Handan,exact,BF; BOF,https://www.gem.wiki/Handan_Iron_and_Steel_Group_Co_Ltd,36.601308,114.439889,1958.0,35481.0,,,,,BF-BOF (coal-based),0.0,0.0,0.0,5952.0,,,,retired,retired
P100000120326,Handan Steel Group Handan Bao Steel Co Ltd,Hanshan Iron and Steel Co Ltd,China,Asia Pacific,"36.6858810, 113.8370730",4.0,HBIS Group Co Ltd [100.0%],Full,Hebei,Handan,exact,BF; BOF,https://www.gem.wiki/Handan_Steel_Group_Handan_Bao_Steel_Co_Ltd,36.685881,113.837073,2022.0,5700.0,,,,,BF-BOF (coal-based),4488.0,0.0,0.0,0.0,5650.0,4488.0,0.0,operating,operating
P100000120334,Hangda Steel Co Ltd,Dazhou Hangda Steel Co Ltd,China,Asia Pacific,"31.4351490, 107.6859810",22.31,Dazhou Hangda Steel Co Ltd [100.0%],N/A,Sichuan,unknown,exact,EAF,https://www.gem.wiki/Hangda_Steel_Co_Ltd,31.435149,107.685981,2003.0,564.0,0.0,0.0,0.0,0.0,EAF / IF (electric),1000.0,0.0,0.0,0.0,0.0,0.0,1000.0,operating,operating
P100000120705,Hansco Hwanyoung Steel Dangjin plant,Hwanyoung Steel Industries Co Ltd,South Korea,Asia Pacific,"36.9564860, 126.6169560",32.8,KISCO Corp,N/A,South Chungcheong,Dangjin,exact,EAF,https://www.gem.wiki/Hansco_Hwanyoung_Steel_Dangjin_plant,36.956486,126.616956,1993.0,,0.0,0.0,0.0,0.0,EAF / IF (electric),800.0,0.0,0.0,0.0,0.0,0.0,800.0,operating,operating
P100000120800,HBIS GROUP Serbia Iron & Steel plant Belgrade,HBIS Group Serbia Iron & Steel Beograd doo,Serbia,Europe,"44.6063320, 20.9700660",62.0,HBIS Group Co Ltd,Full,Podunavlje,Smederevo,exact,BF; BOF,https://www.gem.wiki/HBIS_GROUP_Serbia_Iron_&_Steel_plant_Belgrade,44.606332,20.970066,1964.0,5200.0,,,,,BF-BOF (coal-based),2199.0,,0.0,0.0,1300.0,2199.0,0.0,operating,operating; announced; mothballed
P100000120315,Hbis Laoting Steel Co Ltd,HBIS Laoting Steel Co Ltd,China,Asia Pacific,"39.2578230, 119.0335670",6.0,HBIS Co Ltd [69.1%]; HBIS Group Co Ltd [7.7%]; Hebei Province Jicai Lndustryl Equity Lnvestment Fund Co Ltd [7.0%]; China Everbright Group Ltd [6.5%]; Gansu Provincial State-owned Assets Investment Group Co Ltd [3.0%]; Tangshan City Development Group Co Ltd [2.9%]; Gansu Financial Holding Group Co Ltd [2.0%]; unknown [0.9%]; Gansu Highway Aviation Tourism Investment Group Co Ltd [0.8%],Partial,Hebei,Tangshan,exact,BF; BOF; EAF,https://www.gem.wiki/Hbis_Laoting_Steel_Co_Ltd,39.257823,119.033567,2020.0,9613.0,5097.0,,3706.0,,BF-BOF (coal-based),7450.0,4050.0,0.0,0.0,7320.0,7450.0,0.0,operating,operating; construction; announced
P100000121045,Hebei Anfeng Iron and Steel Co Ltd,Hebei Anfeng Iron & Steel Co Ltd,China,Asia Pacific,"39.6584900, 118.8948040",24.0,Hebei Anfeng Iron & Steel Co Ltd [100.0%],N/A,Hebei,Qinhuangdao,exact,BF; BOF,https://www.gem.wiki/Hebei_Anfeng_Iron_and_Steel_Co_Ltd,39.65849,118.894804,2002.0,5146.0,,3900.0,2000.0,,BF-BOF (coal-based),7100.0,0.0,0.0,0.0,5772.0,7100.0,0.0,operating,operating
P100000120135,Hebei Baoxin Iron and Steel Group Co Ltd,Hebei Baoxin Iron and Steel Group Co Ltd,China,Asia Pacific,"36.5552050, 114.1082730",19.0,Hebei Baoxin Iron and Steel Group Co Ltd [100.0%],N/A,Hebei,Handan,exact,BF; BOF,https://www.gem.wiki/Hebei_Baoxin_Iron_and_Steel_Group_Co_Ltd,36.555205,114.108273,2002.0,,2000.0,,,,BF-BOF (coal-based),0.0,0.0,0.0,1600.0,,,,retired,retired
P100000120508,Hebei Bishi Central Java steel plant,Hebei Bishi Industry Group Co Ltd,Indonesia,Asia Pacific,"-6.8964260, 110.2202860",,Hebei Bishi Industry Group Co Ltd [100.0%],N/A,Central Java,Kendal Regency,approximate,BF; BOF; Iron other/unspecified; Steel other/unspecified,https://www.gem.wiki/Hebei_Bishi_Central_Java_steel_plant,-6.896426,110.220286,,,,2400.0,,,BF-BOF (coal-based),0.0,0.0,0.0,6000.0,,,,cancelled,cancelled
P100000121249,Hebei Bishi Inner Mongolia iron and steel plant,Inner Mongolia (Naiman) Jingan Non-ferrous Metal Materials Co Ltd,China,Asia Pacific,"43.6961860, 122.2194330",,Inner Mongolia (Naiman) Jingan Non-ferrous Metal Materials Co Ltd [100.0%],N/A,Inner Mongolia,unknown,approximate,DRI; EAF,https://www.gem.wiki/Hebei_Bishi_Inner_Mongolia_iron_and_steel_plant,43.696186,122.219433,,,0.0,0.0,0.0,0.0,DRI-EAF,0.0,2000.0,0.0,0.0,,,,announced,announced
P100000120119,Hebei Donghai Special Steel Co Ltd,Hebei Donghai SPECIAL Steel Group Co Ltd,China,Asia Pacific,"39.6106050, 118.4747220",17.0,Hebei Donghai SPECIAL Steel Group Co Ltd [100.0%],N/A,Hebei,Tangshan,exact,BF; BOF,https://www.gem.wiki/Hebei_Donghai_Special_Steel_Co_Ltd,39.610605,118.474722,2009.0,11295.0,,,,,BF-BOF (coal-based),10001.0,0.0,0.0,0.0,7253.0,10001.0,0.0,operating,operating
P100001064139,Hebei Guanfeng Metallurgical Industry Co Ltd,Hebei Guanfeng Metallurgical Industry Co Ltd,China,Asia Pacific,"36.734220, 114.111085",18.93,Hebei Guanfeng Metallurgical Industry Co Ltd [100.0%],N/A,Hebei,Handan,exact,BF,https://www.gem.wiki/Hebei_Guanfeng_Metallurgical_Industry_Co_Ltd,36.73422,114.111085,2007.0,321.0,,,,,BF-BOF (coal-based),0.0,0.0,0.0,0.0,500.0,0.0,0.0,operating,operating
P100000120151,Hebei Huaxi Iron and Steel Co Ltd,Luannan Huarui Steel Co Ltd,China,Asia Pacific,"39.5183300, 118.7157660",19.0,Wuxi Zhongbang Equity Investment Partnership LP [77.8%]; Jiangsu Huaxi Group Co Ltd [22.2%],Partial,Hebei,Tangshan,exact,BF; BOF,https://www.gem.wiki/Hebei_Huaxi_Iron_and_Steel_Co_Ltd,39.51833,118.715766,2002.0,,,,,,BF-BOF (coal-based),0.0,0.0,0.0,2550.0,,,,retired,retired
P100000120323,Hebei Huaxi Special Steel Co Ltd,Hebei Huaxi Special Steel Co Ltd,China,Asia Pacific,"39.2607840, 119.0059250",5.0,Wuxi Zhongbang Equity Investment Partnership LP [77.8%]; Jiangsu Huaxi Group Co Ltd [22.2%],Partial,Hebei,Tangshan,exact,BF; BOF,https://www.gem.wiki/Hebei_Huaxi_Special_Steel_Co_Ltd,39.260784,119.005925,2021.0,2021.0,,,,,BF-BOF (coal-based),1824.0,0.0,0.0,0.0,1968.0,1824.0,0.0,operating,operating
P100000120378,Hebei Huaxin Special Steel Co Ltd,Hebei Huaxin Special Steel Co Ltd,China,Asia Pacific,"36.5304800, 114.2452620",5.0,Jinan Iron & Steel Group Co Ltd [85.1%]; Wuan Yuhua Steel Co Ltd [11.5%]; unknown [3.5%],N/A,Hebei,Handan,exact,BF; BOF,https://www.gem.wiki/Hebei_Huaxin_Special_Steel_Co_Ltd,36.53048,114.245262,2021.0,1770.0,,,,,BF-BOF (coal-based),1350.0,0.0,0.0,0.0,1140.0,1350.0,0.0,operating,operating
P100001064078,Hebei Jingdong Pipe Industry Co Ltd,Hebei Jingdong Pipe Industry Co Ltd,China,Asia Pacific,"39.932656, 118.836844",23.65,Hebei Jingdong Pipe Industry Co Ltd [100.0%],N/A,Hebei,Tangshan,exact,BF; EAF,https://www.gem.wiki/Hebei_Jingdong_Pipe_Industry_Co_Ltd,39.932656,118.836844,2002.0,1400.0,,,,,Mixed (BF-BOF + electric),,0.0,0.0,0.0,550.0,0.0,,operating,operating
P100000120117,Hebei Jinxi Iron and Steel Group Co Ltd,Hebei Jinxi Iron & Steel Group Co Ltd,China,Asia Pacific,"40.2098440, 118.2205470",40.0,Gold Geneses Development Ltd [57.2%]; FIRST GLORY SERVICES Ltd [38.0%]; unknown [4.8%],N/A,Hebei,Tangshan,exact,BF; BOF,https://www.gem.wiki/Hebei_Jinxi_Iron_and_Steel_Group_Co_Ltd,40.209844,118.220547,1986.0,5364.0,14840.0,,2000.0,,BF-BOF (coal-based),5000.0,0.0,0.0,0.0,7400.0,5000.0,0.0,operating,operating
P100000120350,Hebei Longfengshan Casting Co Ltd,Hebei PROVINCE Longfengshan Casting Industry Co Ltd,China,Asia Pacific,"36.7051050, 114.1053870",27.0,natural person(s) [90.1%]; China Development Bank Corp [9.9%],N/A,Hebei,Handan,exact,BF,https://www.gem.wiki/Hebei_Longfengshan_Casting_Co_Ltd,36.705105,114.105387,1999.0,2115.0,,,,,BF-BOF (coal-based),0.0,0.0,0.0,0.0,2000.0,0.0,0.0,operating,operating
P100000120307,Hebei Mingbin Iron and Steel Co Ltd,Hebei New Wuan Steel Group Wenan IRON&STEEL Co Ltd,China,Asia Pacific,"36.6314910, 113.9686350",,natural person(s) [49.0%]; Hebei Puyang Industrial Group Co Ltd [33.2%]; Longxiang Group (Hong Kong) [17.8%],N/A,Hebei,Handan,exact,BF; BOF,https://www.gem.wiki/Hebei_Mingbin_Iron_and_Steel_Co_Ltd,36.631491,113.968635,,,2800.0,,1200.0,,BF-BOF (coal-based),0.0,1350.0,0.0,0.0,,,,construction,construction
P100000120113,Hebei Puyang Iron and Steel Co Ltd,Hebei Puyang Iron and Steel Co Ltd,China,Asia Pacific,"36.7336750, 113.9259950",34.0,Hebei Puyang Industrial Group Co Ltd [65.0%]; Longxiang Group (Hong Kong) [35.0%],N/A,Hebei,Handan,exact,BF; BOF,https://www.gem.wiki/Hebei_Puyang_Iron_and_Steel_Co_Ltd,36.733675,113.925995,1992.0,6863.0,9216.0,,1200.0,,BF-BOF (coal-based),5567.0,0.0,0.0,0.0,3150.0,5567.0,0.0,operating,operating; operating pre-retirement; construction; retired
P100000120145,Hebei Rongxin Steel Co Ltd,Hebei Rongxin Iron & Steel Co Ltd,China,Asia Pacific,"39.8806610, 118.5587550",24.0,Tangshan Xinfengsheng Trade Co Ltd [72.6%]; Hebei Xinda Iron and Steel Co Ltd [27.4%],N/A,Hebei,Tangshan,exact,BF; BOF,https://www.gem.wiki/Hebei_Rongxin_Steel_Co_Ltd,39.880661,118.558755,2002.0,2407.0,,,,,BF-BOF (coal-based),2300.0,0.0,0.0,3220.0,2370.0,2300.0,0.0,operating,operating; operating pre-retirement; announced; retired
P100000120325,Hebei Taihang Iron and Steel Group Co Ltd,Hebei Taihang Iron and Steel Group Co Ltd,China,Asia Pacific,"36.6137160, 114.0823490",5.0,Hebei Taihang Iron and Steel Group Co Ltd [100.0%],N/A,Hebei,Handan,exact,BF; BOF,https://www.gem.wiki/Hebei_Taihang_Iron_and_Steel_Group_Co_Ltd,36.613716,114.082349,2021.0,6461.0,,,,,BF-BOF (coal-based),3950.0,0.0,0.0,0.0,3810.0,3950.0,0.0,operating,operating
P100000120150,Hebei Tangyin Iron and Steel Co Ltd,Hebei Tangyin IRON&STEEL Co Ltd,China,Asia Pacific,"39.6993540, 118.2131880",14.0,HBIS Group Co Ltd [51.0%]; Hebei Yinshui Industrial Group Co Ltd [49.0%],Partial,Hebei,Tangshan,exact,BF; BOF,https://www.gem.wiki/Hebei_Tangyin_Iron_and_Steel_Co_Ltd,39.699354,118.213188,2006.0,,,,,,BF-BOF (coal-based),0.0,0.0,0.0,2700.0,,,,retired,retired
P100000120328,Hebei Tangyin Iron and Steel Co Ltd Caofeidian base,Hebei Tangyin IRON&STEEL Co Ltd,China,Asia Pacific,"39.1604010, 118.4298060",20.0,HBIS Group Co Ltd [51.0%]; Hebei Yinshui Industrial Group Co Ltd [49.0%],Partial,Hebei,Tangshan,exact,BF; BOF,https://www.gem.wiki/Hebei_Tangyin_Iron_and_Steel_Co_Ltd_Caofeidian_base,39.160401,118.429806,2006.0,3696.0,5300.0,,1200.0,,BF-BOF (coal-based),2300.0,0.0,0.0,0.0,2660.0,2300.0,0.0,operating,operating
P100000120324,Hebei Tianzhu Iron and Steel Group Co Ltd,Hebei Tianzhu Iron and Steel Group Special Steel Co Ltd,China,Asia Pacific,"39.2700320, 119.0137600",4.0,Hebei Tianzhu IRON&STEEL (GROUP) Co Ltd [100.0%],N/A,Hebei,Tangshan,exact,BF; BOF,https://www.gem.wiki/Hebei_Tianzhu_Iron_and_Steel_Group_Co_Ltd,39.270032,119.01376,2022.0,2909.0,,,,,BF-BOF (coal-based),3034.0,0.0,0.0,0.0,3040.0,3034.0,0.0,operating,operating
P100000120149,Hebei Tianzhu Iron and Steel Group Co Ltd Fengrun Plant,Hebei Tianzhu IRON&STEEL (GROUP) Co Ltd,China,Asia Pacific,"39.8035240, 118.2056630",19.5,Hebei Tianzhu IRON&STEEL (GROUP) Co Ltd [100.0%],N/A,Hebei,Tangshan,exact,BF; BOF,https://www.gem.wiki/Hebei_Tianzhu_Iron_and_Steel_Group_Co_Ltd_Fengrun_Plant,39.803524,118.205663,2003.0,,,,,,BF-BOF (coal-based),0.0,0.0,0.0,3418.0,,,,retired,retired
P100000120115,Hebei Wenfeng Iron and Steel Co Ltd,Hebei Wenfeng STEEL&IRON Co Ltd,China,Asia Pacific,"36.6457700, 114.1242580",20.0,Hebei Wenfeng STEEL&IRON Co Ltd [100.0%],N/A,Hebei,Handan,exact,BF; BOF,https://www.gem.wiki/Hebei_Wenfeng_Iron_and_Steel_Co_Ltd,36.64577,114.124258,2001.0,2228.0,,,,,BF-BOF (coal-based),0.0,0.0,0.0,3499.0,,,,retired,retired
P100000120742,Hebei Xin Wu an Steel Malaysia plant,Hebei Xinwuan Iron and Steel Group Co Ltd,Malaysia,Asia Pacific,"3.5864530, 113.3598510",,Hebei Xinwuan Iron and Steel Group Co Ltd [100.0%],N/A,Sarawak,Samalaju,approximate,BF; BOF,https://www.gem.wiki/Hebei_Xin_Wu_an_Steel_Malaysia_plant,3.586453,113.359851,,,,,,,BF-BOF (coal-based),0.0,10000.0,0.0,0.0,,,,construction,construction; announced
P100000120136,Hebei Xin Wuan Steel Group Hongrong Iron and Steel Co Ltd,Hebei New Wuan Lron and Steel Group Hong Rong Lron and Steel Co Ltd,China,Asia Pacific,"36.6404110, 113.9811720",42.0,Hebei Puyang Industrial Group Co Ltd [45.5%]; Xianghe Hongcheng New Energy Technology Co Ltd [27.6%]; Longxiang Group (Hong Kong) [24.5%]; unknown [2.4%],N/A,Hebei,Handan,exact,BF; BOF,https://www.gem.wiki/Hebei_Xin_Wuan_Steel_Group_Hongrong_Iron_and_Steel_Co_Ltd,36.640411,113.981172,1984.0,1822.0,,,,,BF-BOF (coal-based),1350.0,0.0,0.0,2250.0,1060.0,1350.0,0.0,operating,operating; mothballed; retired
P100000120133,Hebei Xin Wuan Steel Group Wenan Iron and Steel Co Ltd,Hebei New Wuan Steel Group Wenan IRON&STEEL Co Ltd,China,Asia Pacific,"36.6794310, 114.1690240",23.0,natural person(s) [49.0%]; Hebei Puyang Industrial Group Co Ltd [33.2%]; Longxiang Group (Hong Kong) [17.8%],N/A,Hebei,Handan,exact,BF; BOF,https://www.gem.wiki/Hebei_Xin_Wuan_Steel_Group_Wenan_Iron_and_Steel_Co_Ltd,36.679431,114.169024,2003.0,1596.0,,,,,BF-BOF (coal-based),1400.0,0.0,0.0,0.0,910.0,1400.0,0.0,operating pre-retirement,operating pre-retirement; retired
P100000120142,Hebei Xinda Iron and Steel Group Co Ltd,Hebei Xinda Iron and Steel Co Ltd,China,Asia Pacific,"39.8983620, 118.5793640",24.0,Tangshan Xinfengsheng Trade Co Ltd [72.6%]; natural person(s) [27.4%],N/A,Hebei,Tangshan,exact,BF; BOF,https://www.gem.wiki/Hebei_Xinda_Iron_and_Steel_Group_Co_Ltd,39.898362,118.579364,2002.0,6386.0,,,,,BF-BOF (coal-based),5000.0,0.0,0.0,2000.0,4340.0,5000.0,0.0,operating,operating; retired; cancelled
P100000121218,Hebei Xinfeng Suez Canal Economic Zone steel complex,Hebei Xinfeng High-pressure Flange and Pipe Fitting Co Ltd,Egypt,Africa,"29.7076110, 32.2867200",,Hebei Xinfeng High-pressure Flange and Pipe Fitting Co Ltd [100.0%],N/A,Suez,Ain Sokhna,approximate,EAF,https://www.gem.wiki/Hebei_Xinfeng_Suez_Canal_Economic_Zone_steel_complex,29.707611,32.28672,2027.0,2000.0,,,,,EAF / IF (electric),0.0,2000.0,0.0,0.0,,,,announced,announced
P100000120138,Hebei Xinghua Iron and Steel Co Ltd,Hebei Xinghua Iron and Steel Co Ltd,China,Asia Pacific,"36.7449360, 114.1116020",23.0,Jinan Iron & Steel Group Co Ltd [51.0%]; natural person(s) [49.0%],N/A,Hebei,Handan,exact,BF; BOF,https://www.gem.wiki/Hebei_Xinghua_Iron_and_Steel_Co_Ltd,36.744936,114.111602,2002.0,1431.0,,,,,BF-BOF (coal-based),0.0,0.0,0.0,1400.0,,,,retired,retired
P100000120137,Hebei Xinjin Iron and Steel Co Ltd,Hebei Xinjin Iron and Steel Co Ltd,China,Asia Pacific,"36.7156320, 114.2089920",33.0,WEALTH GROUP INVESTMENT LIMITED [78.0%]; Wu'an Hongji Investment Co Ltd [12.7%]; unknown [4.1%],N/A,Hebei,Handan,exact,BF; BOF,https://www.gem.wiki/Hebei_Xinjin_Iron_and_Steel_Co_Ltd,36.715632,114.208992,1993.0,3173.0,,,,,BF-BOF (coal-based),2700.0,0.0,0.0,600.0,3240.0,2700.0,0.0,operating,operating; retired
P100000120130,Hebei Xinwuan Iron and Steel Group Xinhui Metallurgy Co Ltd,Hebei New Wuan Iron and Steel Group Xin Hui Metallurgy Co Ltd,China,Asia Pacific,"36.6640970, 114.1152630",26.0,Hebei New Wuan Iron and Steel Group Xin Hui Metallurgy Co Ltd [100.0%],N/A,Hebei,Handan,exact,EAF; BF; BOF,https://www.gem.wiki/Hebei_Xinwuan_Iron_and_Steel_Group_Xinhui_Metallurgy_Co_Ltd,36.664097,114.115263,2000.0,945.0,,,,,EAF / IF (electric),1575.0,0.0,0.0,1610.0,0.0,0.0,1575.0,operating,operating; retired
P100000120099,Hebei Xinxing Ductile Iron Pipes Co Ltd,Hebei Xinxing Ductile Iron Pipes Co Ltd,China,Asia Pacific,"36.6215040, 114.1281890",33.0,Xinxing Ductile Iron Pipes Co Ltd [100.0%],N/A,Hebei,Handan,exact,BF; BOF,https://www.gem.wiki/Hebei_Xinxing_Ductile_Iron_Pipes_Co_Ltd,36.621504,114.128189,1993.0,452.0,,,,,BF-BOF (coal-based),2500.0,0.0,0.0,0.0,1180.0,2500.0,0.0,operating,operating
P100000120111,Hebei Yanshan Iron and Steel Group Co Ltd,Hebei Yanshan Iron and Steel Group Co Ltd,China,Asia Pacific,"39.9255080, 118.6727570",24.0,Hebei Yanshan Iron and Steel Group Co Ltd [100.0%],N/A,Hebei,Tangshan,exact,BF; BOF; EAF,https://www.gem.wiki/Hebei_Yanshan_Iron_and_Steel_Group_Co_Ltd,39.925508,118.672757,2002.0,10209.0,,,,,Mixed (BF-BOF + electric),9990.0,0.0,0.0,0.0,10000.0,9240.0,750.0,operating,operating
P100000120131,Hebei Yongyang Special Steel Group Co Ltd,Hebei YongYang Special Steel Group Co Ltd,China,Asia Pacific,"36.7868510, 114.3761320",33.0,Handan Yongnian Shengda Steel Co Ltd [49.0%]; WEALTH GROUP INVESTMENT LIMITED [39.8%]; Wu'an Hongji Investment Co Ltd [6.5%]; unknown [2.1%],N/A,Hebei,Handan,exact,BF; BOF; EAF,https://www.gem.wiki/Hebei_Yongyang_Special_Steel_Group_Co_Ltd,36.786851,114.376132,1993.0,3698.0,,,,,Mixed (BF-BOF + electric),1610.0,0.0,0.0,0.0,2320.0,1200.0,410.0,operating,operating
P100000120401,Hebei Zhangxuan High Tech Co Ltd,Hbzx HIGH Tech Co Ltd,China,Asia Pacific,"40.6079770, 115.0675160",3.0,HBIS Group Co Ltd [100.0%],Full,Hebei,Zhangjiakou,approximate,DRI; EAF,https://www.gem.wiki/Hebei_Zhangxuan_High_Tech_Co_Ltd,40.607977,115.067516,2023.0,2060.0,,518.0,66.0,0.0,DRI-EAF,1800.0,0.0,0.0,0.0,555.0,0.0,1800.0,operating,operating; construction
P100000120311,Hebei Zongheng Group Fengnan Iron and Steel Co Ltd,Hebei Zongheng Group Fengnan Iron & Steel Co Ltd,China,Asia Pacific,"39.2225660, 118.0942010",7.0,Hebei Xinhua United Metallurgical Holding Group Co Ltd [43.2%]; China Railway Materials Group Holdings Ltd [27.0%]; Shuangyao Investment Co Ltd [21.1%]; Sinogiant Steel HOLDINGS Group Ltd [7.9%]; unknown [0.9%],N/A,Hebei,Tangshan,exact,BF; BOF,https://www.gem.wiki/Hebei_Zongheng_Group_Fengnan_Iron_and_Steel_Co_Ltd,39.222566,118.094201,2019.0,7988.0,,,,,BF-BOF (coal-based),7700.0,0.0,0.0,0.0,7900.0,7700.0,0.0,operating,operating
P100000120157,Heilongjiang Jianlong Iron and Steel Co Ltd,Heilongjiang Jianlong Iron and Steel Co Ltd,China,Asia Pacific,"46.6022970, 131.0718770",23.0,Beijing Jianlong Investment Co Ltd [90.2%]; unknown [9.8%],N/A,Heilongjiang,Shuangyashan,exact,BF; BOF,https://www.gem.wiki/Heilongjiang_Jianlong_Iron_and_Steel_Co_Ltd,46.602297,131.071877,2003.0,3735.0,2240.0,1600.0,1600.0,,BF-BOF (coal-based),2001.0,0.0,0.0,0.0,2001.0,2001.0,0.0,operating,operating
P100000121196,Hellenic Halyvourgia Velestino steel plant,Hellenic Halyvourgia SA,Greece,Europe,"39.3858800, 22.8074500",63.0,Hellenic Halyvourgia SA [100.0%],N/A,Thessaly,Velestino,exact,EAF,https://www.gem.wiki/Hellenic_Halyvourgia_Velestino_steel_plant,39.38588,22.80745,1963.0,,0.0,0.0,0.0,0.0,EAF / IF (electric),1000.0,0.0,0.0,0.0,0.0,0.0,1000.0,operating,operating
P100000120331,Henan Angang Zhoukou Iron and Steel Co Ltd,Henan Angang Zhoukou Iron and Steel Co Ltd,China,Asia Pacific,"33.3645340, 115.0996610",5.0,Anyang Iron & Steel Co Ltd [76.9%]; Zhoukou Investment Group Co Ltd [9.1%]; Henan Agric. Synthesis Exploitation Co Ltd [4.6%]; unknown [4.4%]; Sanmenxia Investment Group Co Ltd [2.4%]; Kaifeng Construction Lnvestment Co Ltd [1.2%]; Xinxiang Muye Development Management Co Ltd [0.9%]; Hoyer GmbH [0.2%]; China Logistics Group Co Ltd [0.1%]; Beijing Guanglong Enterprise Management Consulting Center LP [0.1%]; Guangxi Yingtongtong Investment Co Ltd [0.1%]; Huludao Hongyun Group Co Ltd [0.0%]; Sichuan Development Holding Co Ltd [0.0%]; Wuhan Industrial Investment Holding Group Co Ltd [0.0%]; Shihezi Shangde Equity Investment Partnership LP [0.0%],Partial,Henan,Zhoukou,exact,BF; BOF; EAF,https://www.gem.wiki/Henan_Angang_Zhoukou_Iron_and_Steel_Co_Ltd,33.364534,115.099661,2021.0,1498.0,,,,,BF-BOF (coal-based),1750.0,1300.0,0.0,0.0,1580.0,1750.0,0.0,operating,operating; announced
P100000120169,Henan Changtai Stainless Steel Plate Co Ltd,Henan Changtai Stainless Steel Plate Co Ltd,China,Asia Pacific,"34.7029510, 112.9559110",14.0,Ma'anshan Jiatong Enterprise Management Partnership (General Partnership) [65.0%]; natural person(s) [32.3%]; unknown [2.7%],N/A,Henan,Gongyi,exact,BF; BOF,https://www.gem.wiki/Henan_Changtai_Stainless_Steel_Plate_Co_Ltd,34.702951,112.955911,2008.0,,,,,,BF-BOF (coal-based),0.0,0.0,0.0,1936.0,,,,retired,retired
P100000120167,Henan Fengbao Special Steel Co Ltd,Henan Fengbao SPECIAL Steel Co Ltd,China,Asia Pacific,"36.1316660, 113.8721580",25.0,Henan Fengbao SPECIAL Steel Co Ltd [100.0%],N/A,Henan,Linzhou,exact,BF; BOF,https://www.gem.wiki/Henan_Fengbao_Special_Steel_Co_Ltd,36.131666,113.872158,2001.0,2104.0,,,,,BF-BOF (coal-based),1500.0,1150.0,0.0,0.0,2560.0,1500.0,0.0,operating,operating; operating pre-retirement; construction; retired
P100001064248,Henan Fuhua Steel Group Co Ltd,Henan Fuhua Iron & Steel Group Co Ltd,China,Asia Pacific,"34.4629490, 113.7008440",26.47,Henan Fuhua Iron & Steel Group Co Ltd [100.0%],N/A,Henan,Zhengzhou,exact,EAF,https://www.gem.wiki/Henan_Fuhua_Steel_Group_Co_Ltd,34.462949,113.700844,1999.0,800.0,0.0,0.0,0.0,0.0,EAF / IF (electric),1200.0,0.0,0.0,0.0,0.0,0.0,1200.0,operating,operating
P100000121086,Henan Jinhui Industrial Group,Henan Xinjinhui Stainless Steel Industry Co Ltd,China,Asia Pacific,"34.2635090, 113.8539790",21.0,Henan JINHUI Stainless Indutrial Group Co Ltd [83.0%]; Changge Huida Trading Co Ltd [17.0%],N/A,Henan,Changge,exact,BF; EAF,https://www.gem.wiki/Henan_Jinhui_Industrial_Group,34.263509,113.853979,2005.0,719.0,,,,,Mixed (BF-BOF + electric),1400.0,2000.0,0.0,0.0,900.0,0.0,1400.0,operating,operating; construction
P100000120164,Henan Jiyuan Iron and Steel Group Co Ltd,Henan Jiyuan Iron & Steel (Group) Co Ltd,China,Asia Pacific,"35.0863960, 112.5537740",68.0,Henan Jiyuan Iron and Steel Investment Holding Co Ltd [48.6%]; unknown [35.0%]; Tianjin Jinyuan Guotai Enterprise Management Consulting Co Ltd [10.0%]; Trade Union Committee of Henan Jiyuan Iron and Steel (Group) [6.4%],N/A,Henan,Jiyuan,exact,BF; BOF; EAF,https://www.gem.wiki/Henan_Jiyuan_Iron_and_Steel_Group_Co_Ltd,35.086396,112.553774,1958.0,6124.0,,,,,BF-BOF (coal-based),5038.0,1600.0,0.0,0.0,3105.0,5038.0,0.0,operating,operating; operating pre-retirement; construction; retired
P100000120168,Henan Yaxin Iron and Steel Group Co Ltd,Henan YAXIN Steel Industry Co Ltd,China,Asia Pacific,"35.8799560, 114.3348250",23.0,Henan YAXIN Steel Industry Co Ltd [100.0%],N/A,Henan,Anyang,exact,BF; BOF,https://www.gem.wiki/Henan_Yaxin_Iron_and_Steel_Group_Co_Ltd,35.879956,114.334825,2003.0,1948.0,,,,,BF-BOF (coal-based),2000.0,1600.0,0.0,0.0,2100.0,2000.0,0.0,operating,operating; operating pre-retirement; construction; announced
P100000120180,Hengyang Valin Steel Tube Co Ltd,Hengyang Valin Steel Tube Co Ltd,China,Asia Pacific,"26.8654840, 112.5768530",68.0,Hunan Valin Steel Co Ltd [85.9%]; Hunan Valin Iron & Steel Group Co Ltd [10.0%]; Hunan Development Investment Group Co Ltd [1.4%]; Hunan Caixin Financial Holding Group Co Ltd [1.4%]; Hunan Xingxiang Investment Holding Group Co Ltd [1.3%]; unknown [0.0%],Partial,Hunan,unknown,exact,BF; EAF,https://www.gem.wiki/Hengyang_Valin_Steel_Tube_Co_Ltd,26.865484,112.576853,1958.0,2567.0,0.0,0.0,0.0,0.0,Mixed (BF-BOF + electric),1300.0,0.0,0.0,0.0,830.0,0.0,1300.0,operating,operating
P100000120091,Heping Yueshen Steel Industry Co Ltd,Heping Yueshen Steel Industrial Co Ltd,China,Asia Pacific,"24.4979600, 114.9388800",15.0,Heping Yueshen Steel Industrial Co Ltd [100.0%],N/A,Guangdong,Heyuan,exact,EAF,https://www.gem.wiki/Heping_Yueshen_Steel_Industry_Co_Ltd,24.49796,114.93888,2011.0,184.0,0.0,0.0,0.0,0.0,EAF / IF (electric),1400.0,0.0,0.0,0.0,0.0,0.0,1400.0,operating,operating
P100000120090,Heyuan Derun Steel Co Ltd Dongjiang Jinzhu Industrial Park,Heyuan Derun Steel Co Ltd,China,Asia Pacific,"23.6936590, 114.7430480",49.0,Fujian Lanyue Investment Partnership LP [25.5%]; Fujian Lantian Investment Partnership LP [16.7%]; Fujian Lanze Investment Partnership LP [14.0%]; unknown [10.5%]; Fujian Jinkun Investment Co Ltd [4.3%]; Fuzhou Deyu Investment Co Ltd [4.3%]; Fujian Taisong Investment Co Ltd [3.8%]; Fujian Honghang Investment Co Ltd [2.0%]; Fujian Xinghan Investment Co Ltd [2.0%]; Fujian Qinghe Investment Co Ltd [1.9%]; Fujian Yinchen Investment Co Ltd [1.9%]; Fenghe Investment (Fujian) Co Ltd [1.7%]; Fujian Jingyuan Investment Co Ltd [1.7%]; Fujian Junao Investment Co Ltd [1.7%]; Fujian Yongxinqi Investment Co Ltd [1.7%]; Yuncheng Investment (Fujian) Co Ltd [1.7%]; Fujian Quanlong Investment Co Ltd [1.6%]; Fujian Shengwei Investment Co Ltd [1.6%]; Fujian Shunle Investment Co Ltd [1.5%],N/A,Guangdong,Heyuan,exact,EAF,https://www.gem.wiki/Heyuan_Derun_Steel_Co_Ltd_Dongjiang_Jinzhu_Industrial_Park,23.693659,114.743048,1974.0,479.0,0.0,0.0,0.0,0.0,EAF / IF (electric),0.0,0.0,0.0,1200.0,,,,retired,retired
P100000121139,Heyuan Derun Steel Co Ltd LanTang Industrial Park,Heyuan Derun Steel Co Ltd,China,Asia Pacific,"23.3977500, 114.8986460",3.0,Fujian Lanyue Investment Partnership LP [25.5%]; Fujian Lantian Investment Partnership LP [16.7%]; Fujian Lanze Investment Partnership LP [14.0%]; unknown [10.5%]; Fujian Jinkun Investment Co Ltd [4.3%]; Fuzhou Deyu Investment Co Ltd [4.3%]; Fujian Taisong Investment Co Ltd [3.8%]; Fujian Honghang Investment Co Ltd [2.0%]; Fujian Xinghan Investment Co Ltd [2.0%]; Fujian Qinghe Investment Co Ltd [1.9%]; Fujian Yinchen Investment Co Ltd [1.9%]; Fenghe Investment (Fujian) Co Ltd [1.7%]; Fujian Jingyuan Investment Co Ltd [1.7%]; Fujian Junao Investment Co Ltd [1.7%]; Fujian Yongxinqi Investment Co Ltd [1.7%]; Yuncheng Investment (Fujian) Co Ltd [1.7%]; Fujian Quanlong Investment Co Ltd [1.6%]; Fujian Shengwei Investment Co Ltd [1.6%]; Fujian Shunle Investment Co Ltd [1.5%],N/A,Guangdong,Heyuan,exact,EAF,https://www.gem.wiki/Heyuan_Derun_Steel_Co_Ltd_LanTang_Industrial_Park,23.39775,114.898646,2023.0,1302.0,0.0,0.0,0.0,0.0,EAF / IF (electric),1650.0,0.0,0.0,0.0,0.0,0.0,1650.0,operating,operating
P100001063289,Heyuan Yuancheng Huafa Metal Products Co Ltd,Heyuan Huacheng Metal Products Co Ltd,China,Asia Pacific,"23.5665800, 114.5989930",21.89,Heyuan Huacheng Metal Products Co Ltd [100.0%],N/A,Guangdong,Heyuan,approximate,EAF,https://www.gem.wiki/Heyuan_Yuancheng_Huafa_Metal_Products_Co_Ltd,23.56658,114.598993,2004.0,47.0,0.0,0.0,0.0,0.0,EAF / IF (electric),620.0,0.0,0.0,0.0,0.0,0.0,620.0,operating,operating
P100000120857,Hmisho Steel Hassia plant,Hmisho Steel SA,Syria,Middle East,"34.3642580, 36.8038480",13.0,Hamsho International Co,N/A,Homs,Homs-hisya Industrial Zone,exact,BF; EAF,https://www.gem.wiki/Hmisho_Steel_Hassia_plant,34.364258,36.803848,2013.0,1000.0,,,300.0,,Mixed (BF-BOF + electric),800.0,0.0,0.0,0.0,300.0,0.0,800.0,operating,operating
P100000121015,Hoa Phat Dung Quat steel plant,Hoa Phat Dung Quat Steel JSC,Vietnam,Asia Pacific,"15.3776800, 108.7933210",9.0,Hoa Phat Group JSC [100.0%],N/A,Quang Ngai,Dung Quat Economic Zone,exact,BF; BOF,https://www.gem.wiki/Hoa_Phat_Dung_Quat_steel_plant,15.37768,108.793321,2017.0,13746.0,,2000.0,1800.0,,BF-BOF (coal-based),14499.0,0.0,0.0,0.0,10400.0,14499.0,0.0,operating,operating
P100000121019,Hoa Phat Hai Duong Steel plant,Hoa Phat Hai Duong Steel JSC,Vietnam,Asia Pacific,"21.0153600, 106.5360230",19.0,Hoa Phat Group JSC [100.0%],N/A,Hai Duong,Kinh Mon Town,exact,BF; BOF,https://www.gem.wiki/Hoa_Phat_Hai_Duong_Steel_plant,21.01536,106.536023,2007.0,5489.0,300.0,,,,BF-BOF (coal-based),2525.0,0.0,0.0,0.0,2920.0,2525.0,0.0,operating,operating
P100000121022,Hoa Sen Phu My steel plant,Hoa Sen Group,Vietnam,Asia Pacific,"10.5952950, 107.0448460",16.0,Hoa Sen Group [100.0%],N/A,Ba Ria Vung Tau,Phu My Town,exact,EAF,https://www.gem.wiki/Hoa_Sen_Phu_My_steel_plant,10.595295,107.044846,2010.0,,0.0,0.0,0.0,0.0,EAF / IF (electric),1300.0,0.0,0.0,0.0,0.0,0.0,1300.0,operating,operating
P100000120552,Hospet Steels Hospet plant,Hospet Steels Ltd,India,Asia Pacific,"15.3390550, 76.2516960",28.0,Kalyani Steels Ltd [61.0%]; Mukand Ltd [39.0%],N/A,Karnataka,Hospet,exact,BF; BOF; EAF; IF; DRI,https://www.gem.wiki/Hospet_Steels_Hospet_plant,15.339055,76.251696,1998.0,1105.0,500.0,200.0,,,BF-BOF (coal-based),650.0,811.0,0.0,0.0,700.0,650.0,0.0,operating,operating; announced; cancelled
P100000120229,Houying Group Haicheng Iron and Steel Co Ltd Datun Branch,Houying Group Haicheng Iron and Steel Co Ltd,China,Asia Pacific,"40.9818550, 122.9486430",19.58,Houying Group Haicheng Iron and Steel Co Ltd [100.0%],N/A,Liaoning,Anshan,exact,BOF; BF,https://www.gem.wiki/Houying_Group_Haicheng_Iron_and_Steel_Co_Ltd_Datun_Branch,40.981855,122.948643,2006.0,1610.0,,,,,BF-BOF (coal-based),2600.0,2300.0,0.0,0.0,1376.0,2600.0,0.0,operating pre-retirement,operating pre-retirement; construction; announced; retired
P100000121042,Huainan Hongtai Iron and Steel Co Ltd,Huainan Hongtai Steel Limited Liability Co,China,Asia Pacific,"32.6192480, 116.9058690",25.0,Huainan Hongtai Steel Limited Liability Co [100.0%],N/A,Anhui,Huainan,exact,EAF,https://www.gem.wiki/Huainan_Hongtai_Iron_and_Steel_Co_Ltd,32.619248,116.905869,2001.0,175.0,0.0,0.0,0.0,0.0,EAF / IF (electric),500.0,0.0,0.0,0.0,0.0,0.0,500.0,operating,operating
P100000121047,Huangshi Xingang Heavy Industry Technology Co Ltd,Huangshi Xingang Heavy Industry Technology Co Ltd,China,Asia Pacific,"30.0971080, 115.2846520",2.0,WEALTH GROUP INVESTMENT LIMITED [100.0%],N/A,Hubei,Huangshi,approximate,Iron other/unspecified; EAF,https://www.gem.wiki/Huangshi_Xingang_Heavy_Industry_Technology_Co_Ltd,30.097108,115.284652,2024.0,,,,,,EAF / IF (electric),0.0,2250.0,0.0,0.0,,,,construction,construction; announced
P100001063078,"Huangshi Xinxing Pipe Industry Co., Ltd.",Huangshi Xinxing Pipe Industry Co Ltd,China,Asia Pacific,"30.1813930, 114.9448790",17.64,Huangshi Xinxing Pipe Industry Co Ltd [100.0%],N/A,Hubei,Huangshi,exact,BF,"https://www.gem.wiki/Huangshi_Xinxing_Pipe_Industry_Co.,_Ltd.",30.181393,114.944879,2008.0,,,,,,BF-BOF (coal-based),0.0,0.0,0.0,0.0,700.0,0.0,0.0,operating,operating
P100001064093,Huarui (Handan) Casting & Pipe Co Ltd,Huarui (Handan) Casting & Pipe Co Ltd,China,Asia Pacific,"36.561049, 114.102793",21.89,Huarui (Handan) Casting & Pipe Co Ltd [100.0%],N/A,Hebei,Handan,exact,BF,https://www.gem.wiki/Huarui_(Handan)_Casting_&_Pipe_Co_Ltd,36.561049,114.102793,2004.0,,,,,,BF-BOF (coal-based),0.0,0.0,0.0,0.0,683.0,0.0,0.0,operating,operating
P100000120176,Hubei Dazhan Iron and Steel Co Ltd,Hubei Dazhan Steel & Iron Co Ltd,China,Asia Pacific,"31.0067520, 113.7549950",33.0,Daye Huaxin Industrial Co Ltd [56.3%]; Hubei Xinxin Steel Group Co Ltd [21.1%]; Jin Jun'an Investment Group Co Ltd [18.9%]; unknown [3.7%],N/A,Hubei,Xiaogan,exact,EAF,https://www.gem.wiki/Hubei_Dazhan_Iron_and_Steel_Co_Ltd,31.006752,113.754995,1993.0,28.0,0.0,0.0,0.0,0.0,EAF / IF (electric),500.0,0.0,0.0,0.0,0.0,0.0,500.0,operating pre-retirement,operating pre-retirement
P100000120318,Hubei Jinshenglan Metallurgical Technology Co Ltd,Hubei Jinshenglan Metallurgical Technology Co Ltd,China,Asia Pacific,"29.9167290, 113.8229210",10.0,natural person(s) [62.6%]; Yuncheng Investment (Fujian) Co Ltd [9.1%]; Fujian Yongxinqi Investment Co Ltd [6.8%]; Fujian Taisong Investment Co Ltd [4.9%]; Fujian Jinkun Investment Co Ltd [4.2%]; Fuzhou Deyu Investment Co Ltd [3.6%]; Fujian Qikun Investment Co Ltd [2.5%]; Fujian Hongyao Investment Co Ltd [2.4%]; Fujian Shunle Investment Co Ltd [1.9%]; unknown [1.9%],N/A,Hubei,Xianning,exact,BF; BOF,https://www.gem.wiki/Hubei_Jinshenglan_Metallurgical_Technology_Co_Ltd,29.916729,113.822921,2016.0,3712.0,3600.0,,1200.0,,BF-BOF (coal-based),3250.0,1200.0,0.0,0.0,3000.0,3250.0,0.0,operating,operating; announced
P100000121070,Hubei Lijin Steel Group Co Ltd,Hubei Lijin Steel Group Co Ltd,China,Asia Pacific,"32.1272630, 112.7156880",24.0,Hubei Lijin Steel Group Co Ltd [100.0%],N/A,Hubei,Xiangyang,exact,EAF,https://www.gem.wiki/Hubei_Lijin_Steel_Group_Co_Ltd,32.127263,112.715688,2002.0,200.0,0.0,0.0,0.0,0.0,EAF / IF (electric),2000.0,0.0,0.0,1920.0,0.0,0.0,2000.0,operating,operating; retired
P100000120343,Hubei Shunle Steel Co Ltd plant,Hubei Shunle Iron and Steel Co Ltd,China,Asia Pacific,"29.9250260, 113.8261180",5.0,Hubei Jinshenglan Metallurgical Technology Co Ltd [62.6%]; Yuncheng Investment (Fujian) Co Ltd [9.1%]; Fujian Yongxinqi Investment Co Ltd [6.8%]; Fujian Taisong Investment Co Ltd [4.9%]; Fujian Jinkun Investment Co Ltd [4.2%]; Fuzhou Deyu Investment Co Ltd [3.6%]; Fujian Qikun Investment Co Ltd [2.5%]; Fujian Hongyao Investment Co Ltd [2.4%]; Fujian Shunle Investment Co Ltd [1.9%]; unknown [1.9%],N/A,Hubei,Xianning,exact,EAF,https://www.gem.wiki/Hubei_Shunle_Steel_Co_Ltd_plant,29.925026,113.826118,2021.0,680.0,0.0,0.0,0.0,0.0,EAF / IF (electric),2000.0,0.0,0.0,0.0,0.0,0.0,2000.0,operating,operating
P100000120415,Hubei Wucheng Iron and Steel Group Co Ltd,Hubei Wucheng Iron and Steel Group Co Ltd,China,Asia Pacific,"30.3412390, 114.8577440",26.0,WEALTH GROUP INVESTMENT LIMITED [95.0%]; unknown [5.0%],N/A,Hubei,Ezhou,exact,EAF,https://www.gem.wiki/Hubei_Wucheng_Iron_and_Steel_Group_Co_Ltd,30.341239,114.857744,1997.0,380.0,0.0,0.0,0.0,0.0,EAF / IF (electric),0.0,0.0,0.0,1100.0,,,,retired,retired
P100001063493,Huizhou Jushun Iron and Steel Plant,Huizhou Jushun Iron and Steel Plant,China,Asia Pacific,"23.1786520, 114.2793740",33.26,Huizhou Jushun Iron and Steel Plant [100.0%],N/A,Guangdong,Huizhou,exact,EAF,https://www.gem.wiki/Huizhou_Jushun_Iron_and_Steel_Plant,23.178652,114.279374,1992.0,,0.0,0.0,0.0,0.0,EAF / IF (electric),620.0,0.0,0.0,0.0,0.0,0.0,620.0,operating,operating
P100000120179,Hunan Valin Lianyuan Iron and Steel Co Ltd,Hunan Valin Lianyuan Iron and Steel Co Ltd,China,Asia Pacific,"27.7477820, 111.9673430",68.0,Hunan Valin Steel Co Ltd [100.0%],N/A,Hunan,Huangnitang,exact,BF; BOF,https://www.gem.wiki/Hunan_Valin_Lianyuan_Iron_and_Steel_Co_Ltd,27.747782,111.967343,1958.0,10970.0,,,,,BF-BOF (coal-based),9000.0,0.0,0.0,0.0,7300.0,9000.0,0.0,operating,operating
P100000120178,Hunan Valin Xiangtan Iron and Steel Co Ltd,Hunan Valin Lianyuan Iron and Steel Co Ltd,China,Asia Pacific,"27.8141300, 112.8973770",68.0,Hunan Valin Steel Co Ltd [100.0%],N/A,Hunan,unknown,exact,BF; BOF,https://www.gem.wiki/Hunan_Valin_Xiangtan_Iron_and_Steel_Co_Ltd,27.81413,112.897377,1958.0,9432.0,14000.0,,,,BF-BOF (coal-based),7250.0,0.0,0.0,0.0,7401.0,7250.0,0.0,operating,operating
P100000120789,Huta Czestochowa steel plant,Ministry of Defense (Poland),Poland,Europe,"50.7826140, 19.1655660",124.0,Ministry of Defense (Poland) [100.0%],Full,Silesia,Częstochowa,exact,EAF,https://www.gem.wiki/Huta_Czestochowa_steel_plant,50.782614,19.165566,1902.0,950.0,0.0,0.0,0.0,0.0,EAF / IF (electric),840.0,0.0,0.0,0.0,0.0,0.0,840.0,operating,operating
P100000120422,Hüttenwerke Krupp Mannesmann (HKM) steel plant,Hüttenwerke Krupp Mannesmann GmbH,Germany,Europe,"51.3712790, 6.7233100",117.0,thyssenkrupp AG [40.0%]; Vallourec SA [20.0%]; EP Investment S.à r.l. [8.9%]; Tiliacordata Limited [1.1%]; Salzgitter AG,Partial,North Rhine-Westphalia,Duisburg,exact,DRI; EAF; BF; BOF,https://www.gem.wiki/Hüttenwerke_Krupp_Mannesmann_(HKM)_steel_plant,51.371279,6.72331,1909.0,3000.0,6000.0,1080.0,,,BF-BOF (coal-based),4200.0,6000.0,0.0,0.0,5200.0,4200.0,0.0,operating,operating; operating pre-retirement; announced
P100000120688,Hwanghae Iron and Steel Complex steel plant,Government of North Korea,North Korea,Asia Pacific,"38.7422240, 125.6168140",112.0,Government of North Korea [100.0%],Full,North Hwanghae,Songnim,exact,BF; EAF; Steel other/unspecified,https://www.gem.wiki/Hwanghae_Iron_and_Steel_Complex_steel_plant,38.742224,125.616814,1914.0,,,,,,Mixed (BF-BOF + electric),1500.0,0.0,0.0,0.0,750.0,0.0,750.0,operating,operating
P100000121160,Hybar Arkansas steel plant,Hybar LLC,United States,North America,"35.6868140, -89.9619810",0.72,Green & Clean Holdings LLC [100.0%],N/A,Arkansas,Osceola,exact,EAF,https://www.gem.wiki/Hybar_Arkansas_steel_plant,35.686814,-89.961981,2025.0,140.0,0.0,0.0,0.0,0.0,EAF / IF (electric),544.0,0.0,0.0,0.0,0.0,0.0,544.0,operating,operating
P100000120851,HYBRIT Gallivare sponge iron plant,Hybrit Development AB,Sweden,Europe,"67.1890960, 20.7207520",,Luossavaara-Kiirunavaara AB [33.3%]; SSAB AB [33.3%]; Vattenfall AB [33.3%],Partial,Norrbotten,Gällivare,exact,DRI,https://www.gem.wiki/HYBRIT_Gallivare_sponge_iron_plant,67.189096,20.720752,2028.0,,,0.0,,,DRI (ironmaking only),0.0,0.0,0.0,0.0,,,,announced,announced
P100000120466,Hydnum Steel Castilla-La Mancha plant,Hydnum Steel SL,Spain,Europe,"38.6888490, -4.1070150",,Abei Energy; Helvella Holding; Russula SA; Siemens AG,N/A,Ciudad Real,Puertollano,approximate,DRI; EAF,https://www.gem.wiki/Hydnum_Steel_Castilla-La_Mancha_plant,38.688849,-4.107015,2029.0,500.0,,0.0,,0.0,DRI-EAF,0.0,2600.0,0.0,0.0,,,,announced,announced
P100000120754,HyIron Steel Namibia plant,Hyron Africa,Namibia,Africa,"-22.0841830, 17.4099154",0.86,Lodestone Holdings Group (Namibia) Pty Ltd,N/A,unknown,unknown,approximate,DRI; EAF,https://www.gem.wiki/HyIron_Steel_Namibia_plant,-22.084183,17.4099154,2025.0,3500.0,,0.0,,0.0,DRI (ironmaking only),0.0,1500.0,0.0,0.0,15.0,0.0,0.0,operating,operating; construction; announced
P100000120695,Hyundai Steel Dangjin steel plant,Hyundai Steel Co,South Korea,Asia Pacific,"36.9862820, 126.6973500",20.0,Hyundai Steel Co [100.0%],N/A,South Chungcheong,Dangjin,exact,BF; BOF; EAF; DRI,https://www.gem.wiki/Hyundai_Steel_Dangjin_steel_plant,36.986282,126.69735,2006.0,7759.0,,,,,Mixed (BF-BOF + electric),16200.0,0.0,0.0,0.0,12440.0,12600.0,3600.0,operating,operating; construction
P100000120696,Hyundai Steel Incheon steel plant,Hyundai Steel Co,South Korea,Asia Pacific,"37.4896780, 126.6379420",73.0,Hyundai Steel Co [100.0%],N/A,Seoul National Capital Area,Incheon,exact,EAF,https://www.gem.wiki/Hyundai_Steel_Incheon_steel_plant,37.489678,126.637942,1953.0,2244.0,0.0,0.0,0.0,0.0,EAF / IF (electric),4697.0,0.0,0.0,0.0,0.0,0.0,4697.0,operating,operating
P100001047682,Hyundai Steel Louisiana plant,Hyundai Steel Co,United States,North America,"30.5191000, 91.5209000",,Hyundai Steel Co [100.0%],N/A,Louisiana,Gonzales,approximate,DRI; EAF,https://www.gem.wiki/Hyundai_Steel_Louisiana_plant,30.5191,-91.5209,2029.0,1300.0,,0.0,,0.0,DRI-EAF,0.0,2700.0,0.0,0.0,,,,announced,announced
P100000120697,Hyundai Steel Pohang steel plant,Hyundai Steel Co,South Korea,Asia Pacific,"36.0049810, 129.3848290",,Hyundai Steel Co [100.0%],N/A,North Gyeongsang,Pohang,exact,EAF,https://www.gem.wiki/Hyundai_Steel_Pohang_steel_plant,36.004981,129.384829,,1496.0,0.0,0.0,0.0,0.0,EAF / IF (electric),3400.0,0.0,0.0,0.0,0.0,0.0,3400.0,operating,operating
P100000120873,İÇDAŞ Biga steel plant,Içdaş Çelik Enerji Tersane Ve Ulaşim Sanayi AŞ,Türkiye,Europe,"40.4414910, 27.1375630",56.0,Içdaş Çelik Enerji Tersane Ve Ulaşim Sanayi AŞ [100.0%],N/A,Çanakkale,Biga,exact,EAF,https://www.gem.wiki/İÇDAŞ_Biga_steel_plant,40.441491,27.137563,1970.0,4754.0,0.0,0.0,0.0,0.0,EAF / IF (electric),5000.0,0.0,0.0,0.0,0.0,0.0,5000.0,operating,operating
P100000120874,İDÇ Izdemir Aliaga steel plant,Izmir Demir Celik Sanayi AŞ,Türkiye,Europe,"38.7395960, 26.9290910",39.0,Izmir Demir Celik Sanayi AŞ [100.0%],N/A,İzmir,Aliağa,exact,EAF,https://www.gem.wiki/İDÇ_Izdemir_Aliaga_steel_plant,38.739596,26.929091,1987.0,2010.0,0.0,0.0,0.0,0.0,EAF / IF (electric),3100.0,0.0,0.0,0.0,0.0,0.0,3100.0,operating,operating
P100000120806,IMH Tula steel plant,Promsort LLC,Russia,Eurasia,"54.1567260, 37.7255510",91.0,natural person(s) [50.0%]; Sortoprokat-Tsentr LLC [49.0%]; small shareholder(s) [1.0%],N/A,Tula,Tula,exact,BF; BOF,https://www.gem.wiki/IMH_Tula_steel_plant,54.156726,37.725551,1935.0,4652.0,3400.0,,,,BF-BOF (coal-based),2000.0,0.0,0.0,0.0,7746.0,2000.0,0.0,operating,operating
P100000120795,Industries Qatar Steel Mesaieed plant,Qatar Steel Company QPSC,Qatar,Middle East,"24.9526880, 51.5847770",48.0,Industries Qatar QPSC [100.0%],Partial,Mesaieed,Mesaieed Industrial City,exact,DRI; EAF,https://www.gem.wiki/Industries_Qatar_Steel_Mesaieed_plant,24.952688,51.584777,1978.0,1072.0,,0.0,,0.0,DRI-EAF,2900.0,0.0,926.0,0.0,2500.0,0.0,2900.0,operating,operating; mothballed
P100000120184,Inner Mongolia Baotou Jiyu Iron and Steel Co Ltd Hondlon District,Baotou Jiyu Steel Co Ltd,China,Asia Pacific,"40.6623430, 109.6962430",21.79,natural person(s) [51.0%]; Inner Mongolia Jiyu Holding (Group) Co Ltd [49.0%],N/A,Inner Mongolia,Haye Naobao,exact,BF; BOF,https://www.gem.wiki/Inner_Mongolia_Baotou_Jiyu_Iron_and_Steel_Co_Ltd_Hondlon_District,40.662343,109.696243,2002.0,,,,,,BF-BOF (coal-based),0.0,0.0,0.0,900.0,,,,retired,retired
P100000120182,Inner Mongolia BaoTou Steel Union Co Ltd,Inner Mongolia BaoTou Steel Union Co Ltd,China,Asia Pacific,"40.6479970, 109.7408980",26.64,Inner Mongolia BaoTou Steel Union Co Ltd [100.0%],N/A,Inner Mongolia,Baotou,exact,BF; BOF,https://www.gem.wiki/Inner_Mongolia_BaoTou_Steel_Union_Co_Ltd,40.647997,109.740898,1999.0,25519.0,,5810.0,,,BF-BOF (coal-based),16760.0,0.0,0.0,945.0,16990.0,16760.0,0.0,operating,operating; retired
P100000120185,Inner Mongolia Desheng Metal Products Co Ltd,Inner Mongolia Desheng Metal Products Co Ltd,China,Asia Pacific,"39.8670150, 106.8903770",14.3,Inner Mongolia Desheng Industrial Group Co Ltd [57.2%]; natural person(s) [42.8%],N/A,Inner Mongolia,Mengxi,exact,BF; BOF,https://www.gem.wiki/Inner_Mongolia_Desheng_Metal_Products_Co_Ltd,39.867015,106.890377,2011.0,1128.0,,,,,BF-BOF (coal-based),1350.0,0.0,0.0,0.0,1080.0,1350.0,0.0,operating,operating
P100000120355,Inner Mongolia Mingtuo Ferrite New Material Co Ltd,Inner Mongolia Mingtuo Ferrite New Material Co Ltd,China,Asia Pacific,"40.5975570, 109.6832020",3.0,Beijing Dow Investment Holding Co Ltd [81.3%]; Minmetals Development Co Ltd [15.7%]; unknown [3.0%],N/A,Inner Mongolia,Jiuyuan,exact,BF; EAF,https://www.gem.wiki/Inner_Mongolia_Mingtuo_Ferrite_New_Material_Co_Ltd,40.597557,109.683202,2023.0,,,,,,Mixed (BF-BOF + electric),0.0,800.0,0.0,0.0,,,,announced,announced
P100000120390,Inner Mongolia Wanzhou Special Steel Co Ltd,Inner Mongolia Wanzhou Special Steel Co Ltd,China,Asia Pacific,"40.9773290, 110.0229240",,natural person(s) [48.8%]; Zjmc (Beijing) New Energy Technology Co Ltd [41.5%]; Beijing Global Jierui Investment Management Co Ltd [7.3%]; unknown [2.4%],N/A,Inner Mongolia,Baotou,approximate,EAF,https://www.gem.wiki/Inner_Mongolia_Wanzhou_Special_Steel_Co_Ltd,40.977329,110.022924,,,0.0,0.0,0.0,0.0,EAF / IF (electric),0.0,575.0,0.0,0.0,,,,announced,announced
P100000120187,Inner Mongolia Yaxin Longshun Special Steel Co Ltd,Inner Mongolia Yaxinlongshun Special Steel Co Ltd,China,Asia Pacific,"40.6897780, 110.2147070",20.3,Inner Mongolia Yaxinlongshun Special Steel Co Ltd [100.0%],N/A,Inner Mongolia,Baotou,exact,BF; BOF,https://www.gem.wiki/Inner_Mongolia_Yaxin_Longshun_Special_Steel_Co_Ltd,40.689778,110.214707,2005.0,2128.0,,,,,BF-BOF (coal-based),2000.0,0.0,0.0,0.0,540.0,2000.0,0.0,operating,operating; construction; announced; retired
P100000120915,Interpipe Steel Plant,Interpipe Ltd,Ukraine,Europe,"48.4989140, 35.0963360",14.0,Interpipe Holdings PLC [100.0%],N/A,Dnipropetrovsk,Dnipro,exact,EAF,https://www.gem.wiki/Interpipe_Steel_Plant,48.498914,35.096336,2012.0,555.0,0.0,0.0,0.0,0.0,EAF / IF (electric),1320.0,0.0,0.0,0.0,0.0,0.0,1320.0,operating,operating
P100000120599,Iran Alloy Steel Company Yazd plant,Iran Alloy Steel Co,Iran,Middle East,"31.9401060, 54.0376140",27.0,Iran Alloy Steel Co [100.0%],N/A,Yazd,Azadegan,exact,EAF,https://www.gem.wiki/Iran_Alloy_Steel_Company_Yazd_plant,31.940106,54.037614,1999.0,1430.0,0.0,0.0,0.0,0.0,EAF / IF (electric),1300.0,0.0,0.0,0.0,0.0,0.0,1300.0,operating,operating
P100000120608,Iranian Alborz Steel Mazandaran plant,Iranian Alborz Steel Co,Iran,Middle East,"36.6140490, 53.2342130",,Iranian Alborz Steel Co [100.0%],N/A,Mazandaran,Sari,exact,EAF,https://www.gem.wiki/Iranian_Alborz_Steel_Mazandaran_plant,36.614049,53.234213,,,0.0,0.0,0.0,0.0,EAF / IF (electric),0.0,800.0,0.0,0.0,,,,announced,announced
P100000120639,IRO Odolo steel plant,Industrie Riunite Odolesi IRO SpA,Italy,Europe,"45.6456880, 10.3743050",75.0,OLIFIN SpA,N/A,Province of Brescia,Odolo,exact,EAF,https://www.gem.wiki/IRO_Odolo_steel_plant,45.645688,10.374305,1951.0,185.0,0.0,0.0,0.0,0.0,EAF / IF (electric),600.0,0.0,0.0,0.0,0.0,0.0,600.0,operating,operating
P100000120875,Isdemir Payas steel plant,Iskenderun Demir ve Celik AŞ,Türkiye,Europe,"36.7356720, 36.2045810",51.0,Iskenderun Demir ve Celik AŞ [100.0%],Partial,Hatay,Payas,exact,BF; BOF; EAF,https://www.gem.wiki/Isdemir_Payas_steel_plant,36.735672,36.204581,1975.0,4863.0,,,,,BF-BOF (coal-based),5800.0,2500.0,0.0,0.0,8100.0,5800.0,0.0,operating,operating; announced; retired
P100000120783,Ittehad Steel Faisalabad plant,Ittehad Steels Pvt Ltd,Pakistan,Asia Pacific,"31.6434260, 73.1985420",13.0,Ittehad Steels Pvt Ltd [100.0%],N/A,Punjab,Faisalabad,exact,IF,https://www.gem.wiki/Ittehad_Steel_Faisalabad_plant,31.643426,73.198542,2013.0,602.0,,0.0,,0.0,EAF / IF (electric),500.0,500.0,0.0,0.0,0.0,0.0,0.0,operating,operating; construction
P100000120063,Ivaco Rolling Mills steel plant,Ivaco Rolling Mills LP,Canada,North America,"45.6139410, -74.7046080",55.0,Heico Companies LLC,N/A,Ontario,L'Orignal,exact,EAF,https://www.gem.wiki/Ivaco_Rolling_Mills_steel_plant,45.613941,-74.704608,1971.0,500.0,0.0,0.0,0.0,0.0,EAF / IF (electric),650.0,0.0,0.0,0.0,0.0,0.0,650.0,operating,operating
P100000120589,Jahan Foolad Sirjan Steel Kerman plant,Sirjan Jahan Steel Co,Iran,Middle East,"29.1380600, 55.3750730",12.0,Golgohar Mining and Industrial Co [51.0%]; Iran National Copper Industries Pension Fund [49.0%],N/A,Kerman,Sirjan,exact,DRI; EAF,https://www.gem.wiki/Jahan_Foolad_Sirjan_Steel_Kerman_plant,29.13806,55.375073,2014.0,3077.0,,0.0,,0.0,DRI-EAF,1000.0,1300.0,0.0,0.0,3770.0,0.0,1000.0,operating,operating; construction
P100000120560,Jai Balaji Durgapur Unit IV steel plant,Jai Balaji Industries Ltd,India,Asia Pacific,"23.4830750, 87.3521890",17.0,Jai Balaji Industries Ltd [100.0%],N/A,West Bengal,Durgapur,exact,BF; DRI; IF; EAF,https://www.gem.wiki/Jai_Balaji_Durgapur_Unit_IV_steel_plant,23.483075,87.352189,2009.0,,,350.0,,,Mixed (BF-BOF + electric),295.0,578.0,0.0,0.0,200.0,0.0,0.0,operating,operating; announced
P100000120562,Jai Balaji Jyoti Steels Sundargarh plant,Jai Balaji Jyoti Steels Ltd,India,Asia Pacific,"22.0853380, 84.8618400",23.0,Jai Balaji Industries Ltd,N/A,Odisha,Tainser,exact,DRI; IF; EAF,https://www.gem.wiki/Jai_Balaji_Jyoti_Steels_Sundargarh_plant,22.085338,84.86184,2003.0,650.0,,0.0,1600.0,0.0,DRI-EAF,92.0,330.0,0.0,0.0,120.0,0.0,0.0,operating,operating; announced
P100001025922,Jai Balaji Rajbandh Unit III steel plant,Jai Balaji Industries Ltd,India,Asia Pacific,"23.4874390, 87.3694940",,Jai Balaji Industries Ltd [100.0%],N/A,West Bengal,Banskopa,exact,BF; EAF,https://www.gem.wiki/Jai_Balaji_Rajbandh_Unit_III_steel_plant,23.487439,87.369494,,,908.0,,600.0,,BF-BOF (coal-based),0.0,450.0,0.0,0.0,690.0,0.0,0.0,operating,operating; announced
P100000120500,Jakarta Prima Steel Industries plant,PT Jakarta Prima Steel Industries,Indonesia,Asia Pacific,"-6.1816430, 106.9323310",54.0,PT Jakarta Prima Steel Industries [100.0%],N/A,Jakarta,East Jakarta,approximate,EAF,https://www.gem.wiki/Jakarta_Prima_Steel_Industries_plant,-6.181643,106.932331,1972.0,,,,,,EAF / IF (electric),900.0,0.0,0.0,0.0,0.0,0.0,900.0,operating,operating
P100000120547,Jayaswal Neco Industries Raipur steel plant,Jayaswal Neco Industries Ltd,India,Asia Pacific,"21.3544950, 81.6764440",30.0,Jayaswal Neco Industries Ltd [100.0%],N/A,Chhattisgarh,Raipur,exact,BF; DRI; EAF,https://www.gem.wiki/Jayaswal_Neco_Industries_Raipur_steel_plant,21.354495,81.676444,1996.0,9503.0,2800.0,1100.0,3000.0,0.0,Mixed (BF-BOF + electric),1200.0,1250.0,0.0,0.0,1270.0,0.0,1200.0,operating,operating; announced
P100000120652,JFE Bars & Shapes Himeji Works steel plant,JFE Bars & Shapes Corp,Japan,Asia Pacific,"34.7841130, 134.6584930",89.0,JFE Holdings Inc [100.0%],N/A,Hyogo,Himeji,exact,EAF,https://www.gem.wiki/JFE_Bars_&_Shapes_Himeji_Works_steel_plant,34.784113,134.658493,1937.0,218.0,0.0,0.0,0.0,0.0,EAF / IF (electric),900.0,0.0,0.0,0.0,0.0,0.0,900.0,operating,operating
P100000120653,JFE Bars & Shapes Kashima Works steel plant,JFE Bars & Shapes Corp,Japan,Asia Pacific,"35.8820230, 140.7317070",93.0,JFE Holdings Inc [100.0%],N/A,Ibaraki,Kamisu,exact,EAF,https://www.gem.wiki/JFE_Bars_&_Shapes_Kashima_Works_steel_plant,35.882023,140.731707,1933.0,218.0,0.0,0.0,0.0,0.0,EAF / IF (electric),720.0,0.0,0.0,0.0,0.0,0.0,720.0,operating,operating
P100000120646,JFE Bars & Shapes Mizushima Works steel plant,JFE Bars & Shapes Corp,Japan,Asia Pacific,"34.5038830, 133.7101360",59.0,JFE Holdings Inc [100.0%],N/A,Okayama,Kurashiki,exact,EAF,https://www.gem.wiki/JFE_Bars_&_Shapes_Mizushima_Works_steel_plant,34.503883,133.710136,1967.0,218.0,0.0,0.0,0.0,0.0,EAF / IF (electric),600.0,,0.0,0.0,0.0,0.0,600.0,operating pre-retirement,operating pre-retirement; announced
P100000120647,JFE East Japan Works (Chiba) steel plant,JFE Steel Corp,Japan,Asia Pacific,"35.5809170, 140.1041960",75.0,JFE Holdings Inc [100.0%],N/A,Chiba,Chuo,exact,BF; BOF; EAF,https://www.gem.wiki/JFE_East_Japan_Works_(Chiba)_steel_plant,35.580917,140.104196,1951.0,5730.0,,,,,Mixed (BF-BOF + electric),4915.0,0.0,0.0,0.0,4739.0,4500.0,415.0,operating,operating
P100000120650,JFE East Japan Works (Keihin) steel plant,JFE Steel Corp,Japan,Asia Pacific,"35.4806900, 139.7296840",65.66,JFE Holdings Inc [100.0%],N/A,Kantō,Kawasaki,exact,BF; BOF; EAF,https://www.gem.wiki/JFE_East_Japan_Works_(Keihin)_steel_plant,35.48069,139.729684,1958.0,5730.0,,,,,Mixed (BF-BOF + electric),0.0,0.0,0.0,4075.0,,,,retired,retired
P100000120651,JFE Sendai Works steel plant,JFE Steel Corp,Japan,Asia Pacific,"38.2657060, 141.0129630",51.81,JFE Holdings Inc [100.0%],N/A,Miyagi,Sendai,exact,EAF,https://www.gem.wiki/JFE_Sendai_Works_steel_plant,38.265706,141.012963,1974.0,5730.0,0.0,0.0,0.0,0.0,EAF / IF (electric),852.0,0.0,0.0,0.0,0.0,0.0,852.0,operating,operating
P100000120649,JFE West Japan Works (Fukuyama) steel plant,JFE Steel Corp,Japan,Asia Pacific,"34.4652220, 133.4312050",61.0,JFE Holdings Inc [100.0%],N/A,Hiroshima,Fukuyama,exact,BF; BOF; DRI,https://www.gem.wiki/JFE_West_Japan_Works_(Fukuyama)_steel_plant,34.465222,133.431205,1965.0,5730.0,,720.0,,,BF-BOF (coal-based),13002.0,0.0,0.0,0.0,13628.0,13002.0,0.0,operating,operating; operating pre-retirement
P100000120648,JFE West Japan Works (Kurashiki) steel plant,JFE Steel Corp,Japan,Asia Pacific,"34.5011980, 133.7221230",59.0,JFE Holdings Inc [100.0%],N/A,Okayama,Kurashiki,exact,BF; BOF; EAF,https://www.gem.wiki/JFE_West_Japan_Works_(Kurashiki)_steel_plant,34.501198,133.722123,1967.0,5730.0,,,,,BF-BOF (coal-based),9999.0,2000.0,0.0,0.0,11284.0,9999.0,0.0,operating,operating; operating pre-retirement; announced
P100000120418,Jianglong Acheng Iron and Steel Co Ltd,Jianglong Acheng Iron & Steel Co Ltd,China,Asia Pacific,"45.5620020, 126.9681280",25.0,Beijing Jianlong Investment Co Ltd [87.6%]; unknown [12.4%],N/A,Heilongjiang,Harbin,exact,BF; BOF,https://www.gem.wiki/Jianglong_Acheng_Iron_and_Steel_Co_Ltd,45.562002,126.968128,2001.0,2240.0,,,,,BF-BOF (coal-based),1600.0,0.0,0.0,0.0,1400.0,1600.0,0.0,operating,operating
P100000120196,Jiangsu Binxin Steel Group Co Ltd,Jiangsu Province Binxin Steel Group Co Ltd,China,Asia Pacific,"35.0955600, 119.2799890",18.05,Lianyungang Ganyu Zhongcheng Investment Co Ltd [87.4%]; natural person(s) [12.6%],N/A,Jiangsu,Lianyungang,exact,BF; BOF,https://www.gem.wiki/Jiangsu_Binxin_Steel_Group_Co_Ltd,35.09556,119.279989,2008.0,3921.0,,,,,BF-BOF (coal-based),5400.0,0.0,0.0,2250.0,3300.0,5400.0,0.0,operating,operating; retired
P100000120199,Jiangsu Changqiang Iron and Steel Co Ltd,Jiangsu Changqiang Iron & Steel Co Ltd,China,Asia Pacific,"31.9520640, 120.1897490",22.42,Jiangyin Changqi Investment Partnership LP [65.0%]; Changhong International Investment Co Ltd [25.0%]; Jiangyin Changjiang Village Federation of Trade Unions [9.5%]; Jiangsu New Yangtze Industrial Group Co Ltd [0.5%],Partial,Jiangsu,unknown,exact,BF; BOF,https://www.gem.wiki/Jiangsu_Changqiang_Iron_and_Steel_Co_Ltd,31.952064,120.189749,2003.0,2217.0,,,,,BF-BOF (coal-based),2000.0,0.0,0.0,0.0,1700.0,2000.0,0.0,operating,operating
P100000120349,Jiangsu Delong Nickel Industry Co Ltd,Jiangsu Delong Nickel Industry Co Ltd,China,Asia Pacific,"34.4434690, 119.8165740",15.55,Jiangsu Delong Nickel Industry Co Ltd [100.0%],N/A,Jiangsu,unknown,exact,EAF,https://www.gem.wiki/Jiangsu_Delong_Nickel_Industry_Co_Ltd,34.443469,119.816574,2010.0,3635.0,,,,1000.0,EAF / IF (electric),1350.0,0.0,0.0,0.0,0.0,0.0,1350.0,operating,operating
P100000120386,Jiangsu Hongtai Iron and Steel Co Ltd,Jiangsu HONGTAI Metals Ware Co Ltd,China,Asia Pacific,"32.1383930, 119.5546930",25.68,Jiangsu HONGTAI Metals Ware Co Ltd [100.0%],N/A,Jiangsu,Jianbi,exact,EAF,https://www.gem.wiki/Jiangsu_Hongtai_Iron_and_Steel_Co_Ltd,32.138393,119.554693,2000.0,699.0,0.0,0.0,0.0,0.0,EAF / IF (electric),1576.0,0.0,0.0,0.0,0.0,0.0,1576.0,operating,operating
P100000120197,Jiangsu Jingye Iron and Steel Co Ltd,Jiangsu Jingye Iron and Steel Co Ltd,China,Asia Pacific,"34.3838100, 119.7868780",22.31,Jiangsu Jingye Iron and Steel Co Ltd [100.0%],N/A,Jiangsu,Gougang,exact,BF; BOF,https://www.gem.wiki/Jiangsu_Jingye_Iron_and_Steel_Co_Ltd,34.38381,119.786878,2003.0,2801.0,,,,,BF-BOF (coal-based),3000.0,0.0,0.0,0.0,3000.0,3000.0,0.0,operating,operating
P100000121138,Jiangsu Longyuan Steel Co,Jiangsu Longyuan Steel Co Ltd,China,Asia Pacific,"34.5380330, 117.3295890",15.77,Jiangsu Longyuan Steel Co Ltd [100.0%],N/A,Jiangsu,Liguo,approximate,BF,https://www.gem.wiki/Jiangsu_Longyuan_Steel_Co,34.538033,117.329589,2002.0,,,,,,BF-BOF (coal-based),0.0,0.0,0.0,0.0,,,,retired,retired
P100000120189,Jiangsu Shagang Group Huaigang Special Steel Co Ltd,Jiangsu Shagang Group Huaigang SPECIAL Steel Co Ltd,China,Asia Pacific,"33.5660390, 118.9884420",56.0,Jiangsu Shagang Co Ltd [63.8%]; Hengde International Co Ltd [13.6%]; Jiangsu Shagang Group Co Ltd [10.6%]; unknown [6.2%]; Zhangjiagang Free Trade Zone Runyuan Stainless Steel Trade Co Ltd [3.2%]; Ningbo Meishan Free Trade Port Jincheng Shazhou Equity Investment Co Ltd [2.6%],N/A,Jiangsu,unknown,exact,BF; BOF; EAF,https://www.gem.wiki/Jiangsu_Shagang_Group_Huaigang_Special_Steel_Co_Ltd,33.566039,118.988442,1970.0,3836.0,4166.0,,,,Mixed (BF-BOF + electric),3364.0,0.0,0.0,673.0,2594.0,2714.0,650.0,operating,operating; operating pre-retirement; construction; retired
P100000120188,Jiangsu Shagang Iron & Steel Co Ltd,Jiangsu Shagang Iron & Steel Co Ltd,China,Asia Pacific,"31.9831460, 120.6389920",23.6,Jiangsu Shagang Iron & Steel Co Ltd [100.0%],N/A,Jiangsu,Jinfeng,approximate,BF; BOF; EAF,https://www.gem.wiki/Jiangsu_Shagang_Iron_&_Steel_Co_Ltd,31.983146,120.638992,2002.0,9674.0,,,,,Mixed (BF-BOF + electric),17305.0,1000.0,0.0,2280.0,18430.0,13530.0,3775.0,operating,operating; operating pre-retirement; announced; retired
P100000120195,Jiangsu Shente Steel Co Ltd,Jiangsu Shente Steel Corp,China,Asia Pacific,"31.4711230, 119.4859410",18.43,Jiangsu Delong Nickel Industry Co Ltd [100.0%],N/A,Jiangsu,Liyang,exact,BF; BOF,https://www.gem.wiki/Jiangsu_Shente_Steel_Co_Ltd,31.471123,119.485941,2002.0,573.0,4000.0,1400.0,,,BF-BOF (coal-based),0.0,0.0,0.0,2700.0,,,,retired,retired
P100000120207,Jiangsu Suxin Special Steel Group Co Ltd,Jiangsu Suxin Special Steel Co Ltd,China,Asia Pacific,"31.4006440, 120.4751030",65.0,Ping An Life Insurance Co Ltd [49.9%]; Suzhou Riyisheng Environment Protection Technology Co Ltd [22.8%]; Zhuhai HUAFA Real Estate Investment Holding Co Ltd [10.5%]; Zhuhai Gree Group Co Ltd [6.2%]; Zhuhai DA HENG Qin Investment Co Ltd [4.3%]; unknown [4.2%]; Suzhou Textile Stock Holding Group [2.1%],Partial,Jiangsu,Tong'an,exact,BF; EAF,https://www.gem.wiki/Jiangsu_Suxin_Special_Steel_Group_Co_Ltd,31.400644,120.475103,1957.0,,,,,,Mixed (BF-BOF + electric),0.0,0.0,0.0,750.0,,,,retired,retired
P100000121136,Jiangsu Xingda Steel Group,Jiangsu Xingda Steel Group Co Ltd,China,Asia Pacific,"34.5019810, 117.3162780",22.96,Jiangsu Xingda Steel Group Co Ltd [100.0%],N/A,Jiangsu,unknown,exact,BF; BOF,https://www.gem.wiki/Jiangsu_Xingda_Steel_Group,34.501981,117.316278,2000.0,,,,,,BF-BOF (coal-based),0.0,0.0,0.0,1600.0,,,,retired,retired
P100000120198,Jiangsu Xugang Iron and Steel Group Co Ltd,Jiangsu Xusteel Group Co Ltd,China,Asia Pacific,"34.5770160, 117.3396380",22.46,Jiangsu Xusteel Group Co Ltd [100.0%],N/A,Jiangsu,unknown,exact,BF; BOF,https://www.gem.wiki/Jiangsu_Xugang_Iron_and_Steel_Group_Co_Ltd,34.577016,117.339638,2003.0,3062.0,,1200.0,,,BF-BOF (coal-based),3050.0,0.0,0.0,1700.0,2982.0,3050.0,0.0,operating,operating; retired
P100000121050,Jiangxi Taixin Iron and Steel Co Ltd,Jiangxi Taixin Iron & Steel Co Ltd,China,Asia Pacific,"28.6044500, 118.1636150",22.62,Jiangxi Taixin Iron & Steel Co Ltd [100.0%],N/A,Jiangxi,Hufeng,exact,EAF,https://www.gem.wiki/Jiangxi_Taixin_Iron_and_Steel_Co_Ltd,28.60445,118.163615,2003.0,480.0,0.0,0.0,0.0,0.0,EAF / IF (electric),1000.0,0.0,0.0,0.0,0.0,0.0,1000.0,operating,operating
P100000121144,Jiangxi Yuanxing Iron and Steel Co Ltd,Jiangxi Yuanxing Iron and Steel Co Ltd,China,Asia Pacific,"24.8810980, 114.8028330",18.21,Jiangxi Yuanxing Iron and Steel Co Ltd [100.0%],N/A,Jiangxi,unknown,exact,EAF,https://www.gem.wiki/Jiangxi_Yuanxing_Iron_and_Steel_Co_Ltd,24.881098,114.802833,2003.0,,0.0,0.0,0.0,0.0,EAF / IF (electric),0.0,0.0,0.0,500.0,,,,retired,retired
P100000120205,Jiangyin Huaxi Iron and Steel Co Ltd,Jiangyin Huaxi Steel Co Ltd,China,Asia Pacific,"31.8164820, 120.4243470",23.39,Wuxi Zhongbang Equity Investment Partnership LP [77.8%]; Jiangsu Huaxi Group Co Ltd [22.2%],Partial,Jiangsu,Huashi,exact,BF; BOF,https://www.gem.wiki/Jiangyin_Huaxi_Iron_and_Steel_Co_Ltd,31.816482,120.424347,2002.0,1356.0,1850.0,,,,BF-BOF (coal-based),1500.0,0.0,0.0,0.0,1400.0,1500.0,0.0,operating,operating
P100000120347,Jiangyin Xicheng Steel Co Ltd,Jiangyin Xicheng Steel Co Ltd,China,Asia Pacific,"31.8922990, 120.1983940",28.37,Jiangsu Xicheng Sanlian Holding Group Co Ltd [100.0%],N/A,Jiangsu,Xiagang,exact,EAF,https://www.gem.wiki/Jiangyin_Xicheng_Steel_Co_Ltd,31.892299,120.198394,1997.0,641.0,0.0,0.0,0.0,0.0,EAF / IF (electric),720.0,0.0,0.0,0.0,0.0,0.0,720.0,operating,operating
P100000120191,Jiangyin Xingcheng Special Steel Works Co Ltd,Jiangyin Xingcheng SPECIAL Steel Works Co Ltd,China,Asia Pacific,"31.9501910, 120.3284490",33.0,Citic Pacific Special Steel Group Co Ltd [100.0%],N/A,Jiangsu,unknown,exact,BF; BOF; EAF,https://www.gem.wiki/Jiangyin_Xingcheng_Special_Steel_Works_Co_Ltd,31.950191,120.328449,1993.0,7192.0,,,,,Mixed (BF-BOF + electric),6797.0,1225.0,0.0,359.0,5760.0,5900.0,897.0,operating,operating; operating pre-retirement; announced; retired
P100000120159,Jianlong Beiman Special Steel Co Ltd,Jianlong Beiman SPECIAL Steel Co Ltd,China,Asia Pacific,"47.1912850, 123.6165120",69.0,Beijing Jianlong Investment Co Ltd [81.3%]; unknown [12.9%]; Shengjing Bank Co Ltd [2.6%]; China Bohai Bank Co Ltd [1.3%]; Liaoshen Bank Co Ltd [0.4%]; Hua Xia Bank Co Ltd [0.4%]; China Merchants Bank Co Ltd [0.4%]; SDIC Capital Co Ltd [0.3%]; Everbright Financial Investment Co Ltd [0.2%]; Everbright Securities Co Ltd [0.1%]; Jingmen City Construction Investment Holding Group Co Ltd [0.0%]; Beijing Jiatai Hengye Investment Co Ltd [0.0%]; Jiangsu Yueda Group Co Ltd [0.0%]; Xinzheng TEDA Investment Co Ltd [0.0%]; Credit Suisse AG [0.0%]; Beijing Hongliheng Consulting Co Ltd [0.0%]; China Development Bank Corp [0.0%]; Hongtai Hengye Investment Co Ltd [0.0%]; Beijing Dongrunjuxiangshuwu Co Ltd [0.0%]; Guardian Investment HOLDINGS Co Ltd [0.0%]; Jiangsu Xinhong Investment Partnership LP [0.0%]; Yongjin Industry (Group) Co Ltd [0.0%]; Jiangsu Century New Town Investment Holding Group Co Ltd [0.0%]; Beijing Wudou Trading Co Ltd [0.0%]; Yunnan State Owned Financial Capital Holding Group Co Ltd [0.0%]; Shanghai Nanometer Venture Investment Co Ltd [0.0%]; Wuhan Huabing Real Estate Co Ltd [0.0%]; Beijing Zhijin Technology Investment Co Ltd [0.0%]; Beijing Tiandi Runda Advertising Co Ltd [0.0%]; Boao Investment Co Ltd [0.0%]; Wuhan Jiaxinghe Real Estate Co Ltd [0.0%]; Wuhan Xindi Chuangjia Decoration Engineering Co Ltd [0.0%]; Shenzhen Hehao Investment Co Ltd [0.0%],Partial,Heilongjiang,Qiqihar,exact,BF; BOF; EAF,https://www.gem.wiki/Jianlong_Beiman_Special_Steel_Co_Ltd,47.191285,123.616512,1957.0,3743.0,,,,,Mixed (BF-BOF + electric),2570.0,0.0,0.0,0.0,1600.0,1350.0,1220.0,operating,operating
P100000120158,Jianlong Xilin Iron and Steel Co Ltd,Jianlong Xilin Iron and Steel Co Ltd,China,Asia Pacific,"47.4950360, 129.2879190",60.0,Beijing Jianlong Investment Co Ltd [87.6%]; unknown [12.4%],N/A,Heilongjiang,Yichun,exact,BF; BOF,https://www.gem.wiki/Jianlong_Xilin_Iron_and_Steel_Co_Ltd,47.495036,129.287919,1966.0,4573.0,,1400.0,,,BF-BOF (coal-based),4200.0,0.0,0.0,0.0,3400.0,4200.0,0.0,operating,operating
P100000120215,Jilin Jianlong Steel Co Ltd,Jilin Jianlong Steel Co Ltd,China,Asia Pacific,"44.0119510, 126.5370860",24.8,Beijing Jianlong Investment Co Ltd [90.2%]; unknown [9.8%],N/A,Jilin,unknown,exact,BF; BOF,https://www.gem.wiki/Jilin_Jianlong_Steel_Co_Ltd,44.011951,126.537086,2001.0,4253.0,,,,,BF-BOF (coal-based),2700.0,0.0,0.0,0.0,3080.0,2700.0,0.0,operating,operating
P100000120218,Jilin Jingang Iron and Steel Co Ltd,Jilin Jingang Lron and Steel Co Ltd,China,Asia Pacific,"43.2002300, 124.3356970",47.0,Jilin Jingang Lron and Steel Co Ltd [100.0%],N/A,Jilin,unknown,exact,BF; BOF,https://www.gem.wiki/Jilin_Jingang_Iron_and_Steel_Co_Ltd,43.20023,124.335697,1979.0,2025.0,,,,,BF-BOF (coal-based),1500.0,0.0,0.0,0.0,1300.0,1500.0,0.0,operating,operating
P100000120389,Jilin Steel Group Fugang Metal Manufacturing Co Ltd,"Fugang METAL Manufacturing Co.ltd.,jilinjigang Steel Group",China,Asia Pacific,"44.0228020, 125.5056270",17.6,Jilinjigang Steel Group Co Ltd [51.0%]; natural person(s) [49.0%],N/A,Jilin,Changchun,exact,EAF,https://www.gem.wiki/Jilin_Steel_Group_Fugang_Metal_Manufacturing_Co_Ltd,44.022802,125.505627,2008.0,98.0,,,,,EAF / IF (electric),0.0,360.0,0.0,1500.0,,,,announced,announced; retired
P100000120388,Jilin Steel Group Taihua Metal Equipment Manufacture Co Ltd,Jilin Steel Group Taihua Metal Equipment Manufacture Co Ltd,China,Asia Pacific,"44.1388260, 125.9149410",17.58,Jilinjigang Steel Group Co Ltd [98.8%]; unknown [1.2%],N/A,Jilin,unknown,exact,EAF,https://www.gem.wiki/Jilin_Steel_Group_Taihua_Metal_Equipment_Manufacture_Co_Ltd,44.138826,125.914941,2008.0,,0.0,0.0,0.0,0.0,EAF / IF (electric),500.0,500.0,0.0,0.0,0.0,0.0,500.0,operating pre-retirement,operating pre-retirement; announced
P100000120217,Jilin Xinda Iron and Steel Co Ltd,JiLin Province Xinda Steel Co Ltd,China,Asia Pacific,"42.3249000, 125.2468920",18.27,Hengjin Huitong Asset Management (Beijing) Co Ltd [60.0%]; natural person(s) [18.7%]; Jilin Tianpeng Industrial Co Ltd [17.2%]; unknown [4.1%],N/A,Jilin,Hengdaohe,exact,BF; BOF,https://www.gem.wiki/Jilin_Xinda_Iron_and_Steel_Co_Ltd,42.3249,125.246892,2007.0,2300.0,,,,,BF-BOF (coal-based),3300.0,2300.0,0.0,0.0,3600.0,3300.0,0.0,operating,operating; operating pre-retirement; announced
P100000120373,Jinan Iron and Steel Group Co Ltd,Jinan Iron & Steel Group Co Ltd,China,Asia Pacific,"36.7189520, 114.1116770",4.0,Jinan Iron & Steel Group Co Ltd [100.0%],N/A,Hebei,Handan,exact,BF; BOF,https://www.gem.wiki/Jinan_Iron_and_Steel_Group_Co_Ltd,36.718952,114.111677,2022.0,2722.0,,,,,BF-BOF (coal-based),5200.0,0.0,0.0,0.0,5896.0,5200.0,0.0,operating,operating; construction
P100000120273,Jincheng Fusheng Iron and Steel Co Ltd,Jincheng FUSHENG Iron & Steel Co Ltd,China,Asia Pacific,"35.6629850, 112.8823950",23.2,Shanxi Jincheng Steel Holdings Group Co Ltd [60.0%]; natural person(s) [40.0%],N/A,Shanxi,Bagong,exact,BF; BOF,https://www.gem.wiki/Jincheng_Fusheng_Iron_and_Steel_Co_Ltd,35.662985,112.882395,2002.0,,,,,,BF-BOF (coal-based),4600.0,0.0,0.0,3760.0,4780.0,4600.0,0.0,operating,operating; retired
P100000120766,Jindal Shadeed Iron & Steel Duqm plant,Jindal Shadeed Iron & Steel LLC,Oman,Middle East,"19.6402990, 57.6778660",0.0,Templar Investments Ltd,N/A,Al Wusta,Duqm,approximate,DRI; EAF,https://www.gem.wiki/Jindal_Shadeed_Iron_&_Steel_Duqm_plant,19.640299,57.677866,2026.0,,,0.0,,,DRI-EAF,0.0,5000.0,0.0,0.0,,,,construction,construction
P100000120544,Jindal Stainless Hisar steel plant,Jindal Stainless Ltd,India,Asia Pacific,"29.1272530, 75.7730750",56.0,Jindal Stainless Ltd [100.0%],N/A,Haryana,Hisar,exact,EAF,https://www.gem.wiki/Jindal_Stainless_Hisar_steel_plant,29.127253,75.773075,1970.0,1095.0,0.0,0.0,0.0,0.0,EAF / IF (electric),800.0,0.0,0.0,0.0,0.0,0.0,800.0,operating,operating
P100000120543,Jindal Stainless Jajpur steel plant,Jindal Stainless Ltd,India,Asia Pacific,"20.9549390, 86.0519860",15.0,Jindal Stainless Ltd [100.0%],N/A,Odisha,Kalinganagar,exact,BF; EAF; IF,https://www.gem.wiki/Jindal_Stainless_Jajpur_steel_plant,20.954939,86.051986,2011.0,1095.0,,430.0,,250.0,Mixed (BF-BOF + electric),2200.0,999.0,0.0,0.0,2000.0,0.0,2200.0,operating,operating; announced
P100001061405,Jindal Stainless Maharashtra steel plant,Jindal Stainless Ltd,India,Asia Pacific,"19.3144750, 72.9766230",,Jindal Stainless Ltd [100.0%],N/A,Maharashtra,unknown,approximate,Steel other/unspecified,https://www.gem.wiki/Jindal_Stainless_Maharashtra_steel_plant,19.314475,72.976623,2029.0,,0.0,0.0,0.0,0.0,Other / unspecified,0.0,4000.0,0.0,0.0,,,,announced,announced
P100000120515,Jindal Steel Angul steel plant,Jindal Steel Limited Ltd,India,Asia Pacific,"20.8848960, 84.9915390",13.0,Jindal Steel Limited Ltd [100.0%],N/A,Odisha,Angul,exact,BF; BOF; DRI; EAF,https://www.gem.wiki/Jindal_Steel_Angul_steel_plant,20.884896,84.991539,2013.0,,5000.0,,,,Mixed (BF-BOF + electric),6000.0,0.0,0.0,0.0,6050.0,3000.0,3000.0,operating,operating
P100000121173,Jindal Steel Asanboni steel plant,Jindal Steel Limited Ltd,India,Asia Pacific,"24.1310370, 87.4387280",,Jindal Steel Limited Ltd [100.0%],N/A,Jharkhand,Asanboni,approximate,BF; BOF,https://www.gem.wiki/Jindal_Steel_Asanboni_steel_plant,24.131037,87.438728,,,10000.0,3600.0,4500.0,,BF-BOF (coal-based),0.0,0.0,0.0,6500.0,,,,cancelled,cancelled
P100001062086,Jindal Steel Chhattisgarh steel plant,Jindal Steel Chhattisgarh Ltd,India,Asia Pacific,"21.8950410, 83.3767590",,Jindal Steel Limited Ltd [100.0%],N/A,Chhattisgarh,unknown,approximate,Iron other/unspecified; Steel other/unspecified,https://www.gem.wiki/Jindal_Steel_Chhattisgarh_steel_plant,21.895041,83.376759,,,,0.0,,0.0,Other / unspecified,0.0,7500.0,0.0,0.0,,,,announced,announced
P100000121034,Jindal Steel Krishnapatnam steel plant,Jindal Steel Limited Ltd,India,Asia Pacific,"14.2546750, 80.1087020",,Jindal Steel Limited Ltd [100.0%],N/A,Andhra Pradesh,Krishnapatnam,approximate,BOF; Iron other/unspecified,https://www.gem.wiki/Jindal_Steel_Krishnapatnam_steel_plant,14.254675,80.108702,,10000.0,,,,,BF-BOF (coal-based),0.0,3000.0,0.0,0.0,,,,announced,announced
P100000120542,Jindal Steel Patratu steel plant,Jindal Steel Limited Ltd,India,Asia Pacific,"23.6329910, 85.3253080",,Jindal Steel Limited Ltd [100.0%],N/A,Jharkhand,Patratu,exact,BF; BOF,https://www.gem.wiki/Jindal_Steel_Patratu_steel_plant,23.632991,85.325308,,,6000.0,1900.0,5000.0,,BF-BOF (coal-based),0.0,6000.0,0.0,0.0,,,,announced,announced
P100000120516,Jindal Steel Raigarh steel plant,Jindal Steel Limited Ltd,India,Asia Pacific,"21.9227030, 83.3471780",37.0,Jindal Steel Limited Ltd [100.0%],N/A,Chhattisgarh,Raigarh,exact,BF; DRI; EAF; BOF,https://www.gem.wiki/Jindal_Steel_Raigarh_steel_plant,21.922703,83.347178,1989.0,2652.0,2850.0,800.0,,60.0,Mixed (BF-BOF + electric),3600.0,8100.0,0.0,0.0,4370.0,0.0,3600.0,operating,operating; announced
P100000120762,Jindal Steel Sohar plant,Jindal Shadeed Iron & Steel LLC,Oman,Middle East,"24.5025510, 56.6007390",16.0,Templar Investments Ltd,N/A,Al Batinah North,Sohar,exact,DRI; EAF,https://www.gem.wiki/Jindal_Steel_Sohar_plant,24.502551,56.600739,2010.0,,,0.0,,0.0,DRI-EAF,2500.0,100.0,0.0,0.0,2000.0,0.0,2500.0,operating,operating; announced
P100000120132,Jinding Heavy Industry Co Ltd,Jinding Heavy Industries Co Ltd,China,Asia Pacific,"36.7189520, 114.1116770",31.0,CSCEC Rongdong Investment Holding Co Ltd [90.0%]; Fang TongZhou Holding Co Ltd [8.0%]; unknown [2.0%],N/A,Hebei,Handan,exact,BF; BOF,https://www.gem.wiki/Jinding_Heavy_Industry_Co_Ltd,36.718952,114.111677,1995.0,2656.0,6000.0,,,,BF-BOF (coal-based),3000.0,0.0,0.0,0.0,3000.0,3000.0,0.0,operating,operating
P100001063249,Jingdong Steel M'Sila steel plant,Jingdong Steel,Algeria,Africa,"35.698361, 4.478169",,Jingdong Steel [100.0%],N/A,M'Sila,M'Sila,approximate,EAF,https://www.gem.wiki/Jingdong_Steel_M'Sila_steel_plant,35.698361,4.478169,,1114.0,,0.0,,0.0,EAF / IF (electric),0.0,500.0,0.0,0.0,,,,announced,announced
P100000120222,Jingye (Yingkou) Medium Plate Co Ltd,Jingye (Yingkou) Medium Plate Co Ltd,China,Asia Pacific,"40.6711360, 122.3954410",23.67,Jingye (Yingkou) Medium Plate Co Ltd [100.0%],N/A,Liaoning,Yejin,exact,BF; BOF,https://www.gem.wiki/Jingye_(Yingkou)_Medium_Plate_Co_Ltd,40.671136,122.395441,2002.0,507.0,,,,,BF-BOF (coal-based),5500.0,0.0,0.0,0.0,5989.0,5500.0,0.0,operating,operating; retired
P100000120120,Jingye Iron and Steel Co Ltd,Jingye Iron and Steel Co Ltd,China,Asia Pacific,"38.3913720, 114.1399980",30.0,Jingye Group Co Ltd [100.0%],N/A,Hebei,Shijiazhuang,exact,BF; BOF,https://www.gem.wiki/Jingye_Iron_and_Steel_Co_Ltd,38.391372,114.139998,1996.0,9685.0,,,,,BF-BOF (coal-based),6400.0,0.0,0.0,6000.0,11598.0,6400.0,0.0,operating,operating; retired
P100000120175,Jingzhou Qunli Metal Products Co Ltd,Jingzhou Qunli Metal Products Co Ltd,China,Asia Pacific,"30.3505000, 112.3537820",27.0,Jingzhou Chuhang Special Steel Products Co Ltd [30.0%]; Jingzhou Daren Metal Products Co Ltd [30.0%]; Jingzhou Youyuan Metal Products Co Ltd [30.0%]; natural person(s) [5.2%]; unknown [4.8%],N/A,Hubei,Jingzhou,exact,EAF,https://www.gem.wiki/Jingzhou_Qunli_Metal_Products_Co_Ltd,30.3505,112.353782,1999.0,580.0,0.0,0.0,0.0,0.0,EAF / IF (electric),1000.0,0.0,0.0,0.0,0.0,0.0,1000.0,operating,operating
P100000120276,Jinye Iron and Steel Group Co Ltd,Jinye Steel Group Co Ltd,China,Asia Pacific,"36.1481310, 113.2095230",22.79,Jinye Steel Group Co Ltd [100.0%],N/A,Shanxi,unknown,exact,BF; BOF,https://www.gem.wiki/Jinye_Iron_and_Steel_Group_Co_Ltd,36.148131,113.209523,2003.0,215.0,,,,,BF-BOF (coal-based),950.0,0.0,0.0,0.0,1100.0,950.0,0.0,operating,operating
P100000121252,Jinzhou Jinxing Special Steel Company,Jinzhou Jinxing Special Steel Co Ltd,China,Asia Pacific,"41.1888880, 121.2250430",25.1,Jinzhou Jinxing Special Steel Co Ltd [100.0%],N/A,Liaoning,unknown,exact,EAF; BF; BOF,https://www.gem.wiki/Jinzhou_Jinxing_Special_Steel_Company,41.188888,121.225043,2001.0,186.0,,,,,Mixed (BF-BOF + electric),0.0,360.0,0.0,380.0,,,,construction,construction; retired
P100000121057,Jishan Mingfu Steel Products Co Ltd,Jishan Mingfu Steel Products Co Ltd,China,Asia Pacific,"35.6659450, 111.0259760",12.44,Jishan Mingfu Steel Products Co Ltd [100.0%],N/A,Shanxi,Xishe,exact,BF; BOF,https://www.gem.wiki/Jishan_Mingfu_Steel_Products_Co_Ltd,35.665945,111.025976,2013.0,521.0,,,,,BF-BOF (coal-based),1433.0,0.0,0.0,1520.0,1142.0,1433.0,0.0,operating,operating; retired
P100000120083,Jiugang Group Yuzhong Iron and Steel Co Ltd,Jiugang Group Yuzhong Iron & Steel Co Ltd,China,Asia Pacific,"36.0336460, 104.0355350",23.0,Gansu Jiu Steel Group Hongxing Iron and Steel Co Ltd [100.0%],N/A,Gansu,Lanzhou,exact,BF; BOF,https://www.gem.wiki/Jiugang_Group_Yuzhong_Iron_and_Steel_Co_Ltd,36.033646,104.035535,2003.0,2097.0,2255.0,373.0,,,BF-BOF (coal-based),4000.0,0.0,0.0,0.0,1520.0,4000.0,0.0,operating,operating; retired
P100000120213,Jiujiang Pinggang Iron and Steel Co Ltd,JiuJiang PXSteel Co Ltd,China,Asia Pacific,"29.7784310, 116.2752700",14.09,Beijing Fangda International Industrial Investment Group Co Ltd [60.9%]; unknown [21.5%]; Jiangxi Pxsteel Industrial Co Ltd [10.3%]; Gongqingcheng Huaershun Investment Center LP [7.3%],N/A,Jiangxi,unknown,exact,BF; BOF,https://www.gem.wiki/Jiujiang_Pinggang_Iron_and_Steel_Co_Ltd,29.778431,116.27527,2012.0,6045.0,,,,,BF-BOF (coal-based),4700.0,0.0,0.0,0.0,4630.0,4700.0,0.0,operating,operating
P100001063271,JO Steel Holdings Ras Al Khair steel plant,JO Steel Holdings PLC,Saudi Arabia,Middle East,"27.491064, 49.258418",,JO Steel Holdings PLC [100.0%],N/A,Eastern Province,Jubail,approximate,EAF,https://www.gem.wiki/JO_Steel_Holdings_Ras_Al_Khair_steel_plant,27.491064,49.258418,,,,0.0,,0.0,EAF / IF (electric),0.0,1800.0,0.0,0.0,,,,announced,announced
P100000120721,JSC Moldova Steel Works,Moldova Steel Works JSC,Moldova,Europe,"47.7837710, 29.0283500",41.0,Moldova Steel Works JSC [100.0%],Full,Transnistria,Rybnitsa,exact,EAF,https://www.gem.wiki/JSC_Moldova_Steel_Works,47.783771,29.02835,1985.0,2500.0,0.0,0.0,0.0,0.0,EAF / IF (electric),0.0,0.0,1000.0,0.0,,,,mothballed,mothballed
P100001044907,JSOL Angul steel plant,Jindal Steel Odisha Ltd,India,Asia Pacific,"20.8747130, 84.9440820",0.47,Jindal Steel Limited Ltd [100.0%],N/A,Odisha,Jindal Nagar,exact,BF; BOF; DRI; EAF,https://www.gem.wiki/JSOL_Angul_steel_plant,20.874713,84.944082,2025.0,9400.0,11500.0,5170.0,26000.0,,BF-BOF (coal-based),6300.0,12900.0,0.0,0.0,4600.0,6300.0,0.0,operating,operating; construction; announced
P100000120521,JSW Bengal Steel Salboni plant,JSW Bengal Steel Ltd,India,Asia Pacific,"22.5757260, 87.3102580",,JSW Steel Ltd [98.8%]; unknown [1.2%],Partial,West Bengal,Salboni,approximate,BF; BOF,https://www.gem.wiki/JSW_Bengal_Steel_Salboni_plant,22.575726,87.310258,2036.0,,,,,,BF-BOF (coal-based),0.0,0.0,0.0,10000.0,,,,cancelled,cancelled
P100000120537,JSW BPSL Jharkhand steel plant,Bhushan Power & Steel Ltd,India,Asia Pacific,"22.6655260, 85.6462200",,JSW Steel Ltd [83.3%]; JSW Shipping & Logistics Pvt Ltd [16.7%],Partial,Jharkhand,Potka,approximate,EAF,https://www.gem.wiki/JSW_BPSL_Jharkhand_steel_plant,22.665526,85.64622,2030.0,,,,,,EAF / IF (electric),0.0,0.0,0.0,3000.0,,,,cancelled,cancelled
P100000120510,JSW BPSL Jharsuguda steel plant,JSW Steel Ltd,India,Asia Pacific,"21.7639890, 84.0225290",21.0,JSW Steel Ltd [100.0%],Partial,Odisha,Thelkoloi,exact,BF; DRI; EAF; Steel other/unspecified,https://www.gem.wiki/JSW_BPSL_Jharsuguda_steel_plant,21.763989,84.022529,2005.0,929.0,,950.0,3500.0,,Mixed (BF-BOF + electric),5000.0,0.0,0.0,0.0,4270.0,0.0,3500.0,operating,operating
P100000120570,JSW Green Steel Salav plant,JSW Green Steel Ltd,India,Asia Pacific,"18.5308530, 72.9470910",33.0,JSW Steel Ltd [100.0%],Partial,Maharashtra,Salav,exact,DRI; EAF; Iron other/unspecified,https://www.gem.wiki/JSW_Green_Steel_Salav_plant,18.530853,72.947091,1993.0,297.0,,0.0,,0.0,DRI (ironmaking only),0.0,10000.0,0.0,3000.0,900.0,0.0,0.0,operating,operating; announced; cancelled
P100001023560,JSW POSCO Keonjhar steel plant,JSW Steel Ltd; POSCO Holdings Inc,India,Asia Pacific,"20.2486320, 86.1564160",,JSW Steel Ltd [100.0%]; POSCO Holdings Inc [100.0%],Partial,Odisha,unknown,approximate,BF; BOF,https://www.gem.wiki/JSW_POSCO_Keonjhar_steel_plant,20.248632,86.156416,2028.0,,,,,,BF-BOF (coal-based),0.0,18000.0,0.0,0.0,,,,announced,announced
P100000121039,JSW Rayalseema steel plant,JSW Rayalaseema Steel Limited,India,Asia Pacific,"14.7685500, 78.4032630",,JSW Steel Ltd [100.0%],Partial,Andhra Pradesh,Kadapa,exact,EAF,https://www.gem.wiki/JSW_Rayalseema_steel_plant,14.76855,78.403263,2029.0,,,,,,EAF / IF (electric),0.0,3000.0,0.0,0.0,,,,announced,announced
P100000120517,JSW Steel Dolvi steel plant,JSW Steel Ltd,India,Asia Pacific,"18.6903120, 73.0359020",32.0,JSW Steel Ltd [100.0%],Partial,Maharashtra,Dolvi,exact,BF; BOF; DRI; Steel other/unspecified,https://www.gem.wiki/JSW_Steel_Dolvi_steel_plant,18.690312,73.035902,1994.0,929.0,5100.0,3000.0,8000.0,,BF-BOF (coal-based),10200.0,5000.0,0.0,0.0,10100.0,5000.0,0.0,operating,operating; construction; cancelled
P100001045504,JSW Steel Gadchiroli steel plant,JSW Steel Ltd,India,Asia Pacific,"20.1846793, 79.9957641",,JSW Steel Ltd [100.0%],Partial,Maharashtra,Gadchiroli,approximate,Iron other/unspecified; Steel other/unspecified,https://www.gem.wiki/JSW_Steel_Gadchiroli_steel_plant,20.1846793,79.9957641,2029.0,,,0.0,,0.0,Other / unspecified,0.0,25000.0,0.0,0.0,,,,announced,announced
P100000120520,JSW Steel Jharkhand steel plant,JSW Jharkhand Steel Ltd,India,Asia Pacific,"23.1881080, 85.7150970",0.0,JSW Steel Ltd [100.0%],Partial,Jharkhand,Ranchi,approximate,BF; BOF; DRI,https://www.gem.wiki/JSW_Steel_Jharkhand_steel_plant,23.188108,85.715097,2026.0,,15600.0,6000.0,8000.0,,BF-BOF (coal-based),0.0,10001.0,0.0,0.0,,,,announced,announced
P100000120622,JSW Steel Piombino steel plant,JSW Steel Italy Piombino SpA,Italy,Europe,"42.9365200, 10.5377940",161.0,JSW Steel Ltd [100.0%],Partial,Province of Livorno,Piombino,exact,EAF,https://www.gem.wiki/JSW_Steel_Piombino_steel_plant,42.93652,10.537794,1865.0,1505.0,0.0,0.0,0.0,0.0,EAF / IF (electric),0.0,600.0,0.0,0.0,,,,announced,announced
P100000120536,JSW Steel Raigarh steel plant,JSW Ispat Special Products Ltd,India,Asia Pacific,"21.9837090, 83.2381330",18.0,JSW Ispat Special Products Ltd [100.0%],N/A,Chhattisgarh,Raigarh,exact,BF; DRI; EAF,https://www.gem.wiki/JSW_Steel_Raigarh_steel_plant,21.983709,83.238133,2008.0,1052.0,960.0,,2200.0,220.0,Mixed (BF-BOF + electric),950.0,250.0,0.0,0.0,1282.0,0.0,950.0,operating,operating; construction
P100000120518,JSW Steel Salem steel plant,JSW Steel Ltd,India,Asia Pacific,"11.8149120, 77.9184650",28.0,JSW Steel Ltd [100.0%],Partial,Tamil Nadu,Pottaneri,exact,BF; BOF,https://www.gem.wiki/JSW_Steel_Salem_steel_plant,11.814912,77.918465,1998.0,929.0,1235.0,500.0,,,BF-BOF (coal-based),1260.0,0.0,0.0,0.0,1366.0,1260.0,0.0,operating,operating
P100000120935,JSW Steel USA Ohio plant,JSW Steel USA Ohio Inc,United States,North America,"40.3148910, -80.6055530",8.0,JSW Steel Ltd [100.0%],Partial,Ohio,Mingo Junction,exact,EAF,https://www.gem.wiki/JSW_Steel_USA_Ohio_plant,40.314891,-80.605553,2018.0,160.0,0.0,0.0,0.0,0.0,EAF / IF (electric),1500.0,0.0,0.0,0.0,0.0,0.0,1500.0,operating,operating
P100000120519,JSW Steel Vijayanagar steel plant,JSW Steel Ltd,India,Asia Pacific,"15.1804230, 76.6631340",32.0,JSW Steel Ltd [100.0%],Partial,Karnataka,Toranagallu,exact,BF; BOF; DRI; EAF; Iron other/unspecified; Steel other/unspecified,https://www.gem.wiki/JSW_Steel_Vijayanagar_steel_plant,15.180423,76.663134,1994.0,929.0,12950.0,6500.0,9200.0,,Mixed (BF-BOF + electric),11899.0,1500.0,0.0,0.0,13570.0,10399.0,1500.0,operating,operating; operating pre-retirement; announced
P100000120539,JSW Utkal Steel Rajnagar plant,JSW Utkal Steel Ltd,India,Asia Pacific,"20.2166670, 86.5500000",0.0,JSW Steel Ltd [100.0%],Partial,Odisha,Rajnagar,approximate,BF; BOF; DRI,https://www.gem.wiki/JSW_Utkal_Steel_Rajnagar_plant,20.216667,86.55,2026.0,,5775.0,3000.0,16000.0,,BF-BOF (coal-based),0.0,13500.0,0.0,0.0,,,,construction,construction; announced
P100000120538,JSW Vijayanagar Metallics steel plant,JSW Vijayanagar Metallics Ltd,India,Asia Pacific,"15.2031760, 76.6591220",2.0,JSW Steel Ltd [100.0%],Partial,Karnataka,Toranagallu,approximate,BF; BOF,https://www.gem.wiki/JSW_Vijayanagar_Metallics_steel_plant,15.203176,76.659122,2024.0,990.0,5750.0,,,,BF-BOF (coal-based),5000.0,0.0,0.0,0.0,4500.0,5000.0,0.0,operating,operating
P100000120600,Kaavian Steel Khouzestan plant,Kaavian Steel Co,Iran,Middle East,"31.2835490, 48.5724680",25.0,Kaavian Steel Co [100.0%],Full,Khouzestan,Ahvaz,exact,IF; EAF,https://www.gem.wiki/Kaavian_Steel_Khouzestan_plant,31.283549,48.572468,2001.0,750.0,0.0,0.0,0.0,0.0,EAF / IF (electric),35.0,700.0,0.0,0.0,0.0,0.0,0.0,operating,operating; announced
P100001025631,Kalyani Steels Dhenkanal steel plant,Kalyani Steels Ltd,India,Asia Pacific,"20.6018190, 85.5946530",0.0,Kalyani Steels Ltd [100.0%],N/A,Odisha,unknown,approximate,BF; BOF; EAF; IF,https://www.gem.wiki/Kalyani_Steels_Dhenkanal_steel_plant,20.601819,85.594653,2026.0,,2400.0,780.0,,,Mixed (BF-BOF + electric),0.0,1509.0,0.0,0.0,,,,announced,announced
P100001045326,Kam Industries Kwara steel plant,Kam Industries (Nigeria) Ltd,Nigeria,Africa,"8.3909930, 4.6744750",30.0,KAM Holding Ltd,N/A,Kwara,Oko Erin,exact,EAF,https://www.gem.wiki/Kam_Industries_Kwara_steel_plant,8.390993,4.674475,1996.0,,0.0,0.0,0.0,0.0,EAF / IF (electric),600.0,0.0,0.0,0.0,0.0,0.0,600.0,operating,operating
P100000120830,Kamsky Metallurgical Works TEMPO,KMK Tempo JSC,Russia,Eurasia,"55.7234650, 52.5410240",10.0,KMK Tempo JSC [100.0%],N/A,Republic of Tatarstan,Naberezhnye Chelny,exact,EAF,https://www.gem.wiki/Kamsky_Metallurgical_Works_TEMPO,55.723465,52.541024,2016.0,1037.0,0.0,0.0,0.0,0.0,EAF / IF (electric),504.0,0.0,0.0,0.0,0.0,0.0,504.0,operating,operating
P100001062093,Kapila Metals Jalna steel plant,Kapila Metals Pvt Ltd,India,Asia Pacific,"19.874223, 75.817553",,Kapila Metals Pvt Ltd [100.0%],N/A,Maharashtra,unknown,exact,DRI; IF,https://www.gem.wiki/Kapila_Metals_Jalna_steel_plant,19.874223,75.817553,,,,0.0,2000.0,0.0,DRI-EAF,0.0,1074.0,0.0,0.0,,,,announced,announced
P100000120876,Kaptan Ereglisi steel plant,Kaptan Demir Celik Endustrisi Ve Ticaret AŞ,Türkiye,Europe,"41.0152220, 27.9599780",24.0,Kaptan Demir Celik Endustrisi Ve Ticaret AŞ [100.0%],N/A,Tekirdağ,Ereğlisi,exact,EAF,https://www.gem.wiki/Kaptan_Ereglisi_steel_plant,41.015222,27.959978,2002.0,913.0,0.0,0.0,0.0,0.0,EAF / IF (electric),1400.0,2000.0,0.0,0.0,0.0,0.0,1400.0,operating,operating; construction
P100000120894,Kardemir Celik Sanayi Izmir steel plant,Kardemir Karabuk Demir Çelik Sanayi Ve Ticaret AŞ,Türkiye,Europe,"38.7436520, 26.9647460",4.0,Kardemir Karabuk Demir Çelik Sanayi Ve Ticaret AŞ [100.0%],N/A,İzmir,Aliağa,approximate,EAF,https://www.gem.wiki/Kardemir_Celik_Sanayi_Izmir_steel_plant,38.743652,26.964746,2022.0,1000.0,0.0,0.0,0.0,0.0,EAF / IF (electric),1250.0,0.0,0.0,0.0,0.0,0.0,1250.0,operating,operating
P100000120877,Kardemir Merkez steel plant,Kardemir Karabuk Demir Çelik Sanayi Ve Ticaret AŞ,Türkiye,Europe,"41.1803070, 32.6343430",86.44,Kardemir Karabuk Demir Çelik Sanayi Ve Ticaret AŞ [100.0%],N/A,Karabük,Merkez,exact,BF; BOF,https://www.gem.wiki/Kardemir_Merkez_steel_plant,41.180307,32.634343,1939.0,4176.0,3750.0,1170.0,,,BF-BOF (coal-based),3501.0,0.0,0.0,0.0,3520.0,3501.0,0.0,operating,operating; cancelled
P100001025573,Kazakhstal steel plant,Kazakhstal LLP,Kazakhstan,Eurasia,"49.8902647, 73.7561639",,Firm Partner Plus LLP; natural person(s),N/A,Qarağandy oblysy,unknown,approximate,EAF,https://www.gem.wiki/Kazakhstal_steel_plant,49.8902647,73.7561639,,1045.0,0.0,0.0,0.0,0.0,EAF / IF (electric),0.0,1200.0,0.0,0.0,,,,announced,announced
P100000120429,Kehler Baden Steel Works,Badische Stahlwerke GmbH,Germany,Europe,"48.5950580, 7.8216330",71.0,Südwest Beteiligungen GmbH,N/A,Baden-Württemberg,Kehl am Rhein,exact,EAF,https://www.gem.wiki/Kehler_Baden_Steel_Works,48.595058,7.821633,1955.0,850.0,0.0,0.0,0.0,0.0,EAF / IF (electric),2500.0,0.0,0.0,1250.0,0.0,0.0,2500.0,operating,operating; retired
P100000120692,KG Steel Dangjin steel plant,KG Steel Co Ltd,South Korea,Asia Pacific,"36.9837210, 126.7447550",25.08,KG Chemical Corp,N/A,South Chungcheong,Dangjin,exact,EAF,https://www.gem.wiki/KG_Steel_Dangjin_steel_plant,36.983721,126.744755,1999.0,597.0,0.0,0.0,0.0,0.0,EAF / IF (electric),0.0,0.0,0.0,3000.0,,,,retired,retired
P100000120704,KG Steel Incheon steel plant,KG Steel Co Ltd,South Korea,Asia Pacific,"37.4826250, 126.6701750",17.0,KG Chemical Corp,N/A,Seoul National Capital Area,Incheon,exact,EAF,https://www.gem.wiki/KG_Steel_Incheon_steel_plant,37.482625,126.670175,2009.0,543.0,0.0,0.0,0.0,0.0,EAF / IF (electric),1000.0,0.0,0.0,0.0,0.0,0.0,1000.0,operating,operating
P100000120582,Khorasan Steel Complex,Khorasan Steel Complex Co,Iran,Middle East,"36.3445000, 58.6787500",25.0,Iranian Mines & Mining Industries Development & Renovation Organization [100.0%],Full,Razavi Khorasan,Nishapur,exact,DRI; EAF,https://www.gem.wiki/Khorasan_Steel_Complex,36.3445,58.67875,2001.0,5000.0,,0.0,2500.0,0.0,DRI-EAF,1400.0,0.0,0.0,0.0,1600.0,0.0,1400.0,operating,operating
P100000120614,Khouzestan Oxin Steel,Khouzestan Oxin Steel Co,Iran,Middle East,"31.2772360, 48.7474220",1.0,Khouzestan Oxin Steel Co [100.0%],N/A,Khouzestan,Ahvaz,exact,EAF,https://www.gem.wiki/Khouzestan_Oxin_Steel,31.277236,48.747422,,,0.0,0.0,0.0,0.0,EAF / IF (electric),0.0,1200.0,0.0,0.0,,,,announced,announced
P100000120583,Khouzestan Steel plant,Khouzestan Steel Co,Iran,Middle East,"31.2700910, 48.7329040",37.0,Iranian Mines & Mining Industries Development & Renovation Organization,Full,Khouzestan,Ahvaz,exact,DRI; EAF,https://www.gem.wiki/Khouzestan_Steel_plant,31.270091,48.732904,1989.0,7411.0,,0.0,6200.0,0.0,DRI-EAF,0.0,0.0,3600.0,0.0,,,,mothballed,mothballed
P100001045284,KIC Metaliks Durgapur steel plant,KIC Metaliks Ltd,India,Asia Pacific,"23.5075390, 87.2779140",28.05,KIC Metaliks Ltd [100.0%],N/A,West Bengal,Durgapur,exact,BF; DRI; EAF; IF,https://www.gem.wiki/KIC_Metaliks_Durgapur_steel_plant,23.507539,87.277914,1998.0,421.0,360.0,,,,BF-BOF (coal-based),0.0,598.0,0.0,0.0,235.0,0.0,0.0,operating,operating; announced
P100000120691,Kim Chaek Iron and Steel Complex steel plant,Government of North Korea,North Korea,Asia Pacific,"41.7537840, 129.7526810",88.0,Government of North Korea [100.0%],Full,North Hamgyeong,Chongjin,exact,BF; BOF; EAF; Steel other/unspecified,https://www.gem.wiki/Kim_Chaek_Iron_and_Steel_Complex_steel_plant,41.753784,129.752681,1938.0,25000.0,,,,,Mixed (BF-BOF + electric),6000.0,0.0,0.0,0.0,2800.0,3000.0,1500.0,operating,operating
P100000120698,KISCO steel Changwon plant,KISCO Corp,South Korea,Asia Pacific,"35.2165520, 128.6401580",61.0,KISCO Corp [100.0%],N/A,South Gyeongsang,Changwon,exact,EAF,https://www.gem.wiki/KISCO_steel_Changwon_plant,35.216552,128.640158,1965.0,556.0,0.0,0.0,0.0,0.0,EAF / IF (electric),3000.0,0.0,0.0,0.0,0.0,0.0,3000.0,operating,operating
P100000120596,Kish South Kaveh Steel Hormuzgan plant,Kish South Kaveh Steel Co,Iran,Middle East,"27.1696960, 56.0952070",15.0,Kish South Kaveh Steel Co [100.0%],N/A,Hormuzgan,Bandar Abbas,exact,DRI; EAF,https://www.gem.wiki/Kish_South_Kaveh_Steel_Hormuzgan_plant,27.169696,56.095207,2011.0,1000.0,,0.0,5000.0,0.0,DRI-EAF,2400.0,0.0,0.0,0.0,1860.0,0.0,2400.0,operating,operating; construction
P100000121199,Kishiwada Steel Osaka steel plant,Kishiwada Steel Co Ltd,Japan,Asia Pacific,"34.4774790, 135.3539180",69.22,Kishiwada Steel Co Ltd [100.0%],N/A,Osaka,Kishiwada,exact,EAF,https://www.gem.wiki/Kishiwada_Steel_Osaka_steel_plant,34.477479,135.353918,1956.0,250.0,0.0,0.0,0.0,0.0,EAF / IF (electric),500.0,0.0,0.0,0.0,0.0,0.0,500.0,operating,operating
P100000120655,Kobe Kakogawa Works steel plant,Kobe Steel Ltd,Japan,Asia Pacific,"34.7202680, 134.8262750",56.0,Kobe Steel Ltd [100.0%],N/A,Hyogo,Kakogawa,exact,BF; BOF; DRI; EAF,https://www.gem.wiki/Kobe_Kakogawa_Works_steel_plant,34.720268,134.826275,1970.0,2505.0,6132.0,2500.0,4015.0,,BF-BOF (coal-based),6591.0,,0.0,0.0,7754.0,6591.0,0.0,operating,operating; operating pre-retirement; announced; retired
P100000120656,Kobe Wire Rod and Bar steel plant,Kobe Steel Ltd,Japan,Asia Pacific,"34.7036240, 135.2472070",58.0,Kobe Steel Ltd [100.0%],N/A,Hyogo,Kobe,exact,BF; BOF,https://www.gem.wiki/Kobe_Wire_Rod_and_Bar_steel_plant,34.703624,135.247207,1959.0,831.0,,,,,BF-BOF (coal-based),0.0,0.0,0.0,1200.0,,,,retired,retired
P100000120878,Koc Metallurgical Toprakkale steel plant,Koc Metalurji AŞ,Türkiye,Europe,"37.0148800, 36.1044160",14.0,Koc Metalurji AŞ [100.0%],N/A,Osmaniye,Toprakkale,exact,EAF,https://www.gem.wiki/Koc_Metallurgical_Toprakkale_steel_plant,37.01488,36.104416,2012.0,430.0,0.0,0.0,0.0,0.0,EAF / IF (electric),1200.0,0.0,0.0,0.0,0.0,0.0,1200.0,operating,operating
P100001044901,Kocaer Çelik Aliaga steel plant,Kocaer Çelik Sanayi ve Ticaret AŞ,Türkiye,Europe,"37.8586510, 27.8458460",,Kocaer Çelik Sanayi ve Ticaret AŞ [100.0%],N/A,Izmir,Aliaga,approximate,EAF,https://www.gem.wiki/Kocaer_Çelik_Aliaga_steel_plant,37.858651,27.845846,2028.0,600.0,0.0,0.0,0.0,0.0,EAF / IF (electric),0.0,1250.0,0.0,0.0,,,,announced,announced
P100001044951,Kogi Steel Project,Chart and Capstone Integrated Ltd,Nigeria,Africa,"7.6934600, 6.8069370",0.0,Chart and Capstone Integrated Ltd [100.0%],N/A,unknown,unknown,approximate,Iron other/unspecified; Steel other/unspecified,https://www.gem.wiki/Kogi_Steel_Project,7.69346,6.806937,,,,,,,Other / unspecified,0.0,1500.0,0.0,0.0,,,,announced,announced
P100000120501,Krakatau Steel Cilegon plant,PT Krakatau Steel (Persero) Tbk,Indonesia,Asia Pacific,"-6.0070210, 106.0017660",49.0,PT Krakatau Steel (Persero) Tbk [100.0%],Partial,Banten,Cilegon,exact,EAF; BOF; Iron other/unspecified; BF; DRI,https://www.gem.wiki/Krakatau_Steel_Cilegon_plant,-6.007021,106.001766,1977.0,5497.0,,,,,EAF / IF (electric),4000.0,4000.0,0.0,0.0,0.0,0.0,4000.0,operating,operating; announced; mothballed
P100000120879,Kroman Steel Darica plant,Kroman Celik Sanayii AS,Türkiye,Europe,"40.8011010, 29.3741150",57.0,Yucel Boru ve Profil Endustrisi AŞ,N/A,Kocaeli,Darıca,exact,EAF,https://www.gem.wiki/Kroman_Steel_Darica_plant,40.801101,29.374115,1969.0,1450.0,0.0,0.0,0.0,0.0,EAF / IF (electric),1500.0,0.0,0.0,0.0,0.0,0.0,1500.0,operating,operating
P100000120502,KS Posco Cilegon steel plant,PT Krakatau Posco,Indonesia,Asia Pacific,"-5.9986610, 105.9986600",12.14,POSCO Holdings Inc [50.0%]; PT Krakatau Steel (Persero) Tbk [50.0%],Partial,Banten,Cilegon,exact,BF; BOF,https://www.gem.wiki/KS_Posco_Cilegon_steel_plant,-5.998661,105.99866,2013.0,2746.0,,1320.0,,,BF-BOF (coal-based),3000.0,3000.0,0.0,0.0,3000.0,3000.0,0.0,operating,operating; announced
P100000121054,KSP Steel Pavlodar steel plant,KSP Steel LLC,Kazakhstan,Eurasia,"52.3344650, 76.9563020",19.0,Asia Pacific Investments Ltd; natural person(s),N/A,Pavlodar,Pavlodar,exact,EAF,https://www.gem.wiki/KSP_Steel_Pavlodar_steel_plant,52.334465,76.956302,2007.0,300.0,0.0,0.0,0.0,0.0,EAF / IF (electric),0.0,0.0,814.0,0.0,,,,mothballed,mothballed
P100000120024,KSRM Sitakunda steel plant,KSRM Steel Plant Ltd,Bangladesh,Asia Pacific,"22.4998340, 91.7157780",42.0,KSRM Steel Plant Ltd [100.0%],N/A,Chittagong,Sitakunda,exact,EAF,https://www.gem.wiki/KSRM_Sitakunda_steel_plant,22.499834,91.715778,1984.0,4000.0,,0.0,,0.0,EAF / IF (electric),800.0,0.0,0.0,0.0,0.0,0.0,800.0,operating,operating
P100000120723,Kunming Iron and Steel Myanmar plant,Kunming Iron & Steel Holding Co Ltd,Myanmar,Asia Pacific,"21.4237830, 96.4543780",,State-owned Assets Supervision and Administration Commission of Yunnan Province [76.5%]; Yunnan Provincial Department of Finance [8.5%]; unknown [0.0%],Partial,unknown,unknown,approximate,BF; BOF,https://www.gem.wiki/Kunming_Iron_and_Steel_Myanmar_plant,21.423783,96.454378,,,,,,,BF-BOF (coal-based),0.0,4000.0,0.0,0.0,,,,announced,announced
P100001062603,Kurdistan Steel Qorveh steel plant,Kurdistan Steel Co,Iran,Middle East,"35.9369320, 47.7620240",,Iranian Mines & Mining Industries Development & Renovation Organization [44.0%]; Development and Equipment of Relief Mines Co [20.0%]; Sabanour Mining and Industrial Development Co [20.0%]; Sepahan Mines Kimia [16.0%],Partial,Kurdistan,Bijar,exact,DRI; EAF,https://www.gem.wiki/Kurdistan_Steel_Qorveh_steel_plant,35.936932,47.762024,,1600.0,,0.0,,0.0,DRI-EAF,0.0,1000.0,0.0,0.0,,,,construction,construction
P100000120004,Kurum International Elbasan steel plant,Kurum International ShA,Albania,Europe,"41.0946110, 20.0261170",28.0,Kurum International ShA [100.0%],N/A,Elbasan,Bradashesh,exact,EAF,https://www.gem.wiki/Kurum_International_Elbasan_steel_plant,41.094611,20.026117,1998.0,1000.0,0.0,0.0,0.0,0.0,EAF / IF (electric),0.0,1000.0,700.0,0.0,,,,announced,announced; mothballed
P100000120680,Kyoei Steel Hirakata Division (Osaka),Kyoei Steel Ltd,Japan,Asia Pacific,"34.8163210, 135.6774440",64.0,Kyoei Steel Ltd [100.0%],N/A,Osaka,Hirakata,exact,EAF,https://www.gem.wiki/Kyoei_Steel_Hirakata_Division_(Osaka),34.816321,135.677444,1962.0,158.0,0.0,0.0,0.0,0.0,EAF / IF (electric),805.0,0.0,0.0,0.0,0.0,0.0,805.0,operating,operating
P100000120682,Kyoei Steel Nagoya Division (Tokai),Kyoei Steel Ltd,Japan,Asia Pacific,"35.0650550, 136.8153840",42.0,Kyoei Steel Ltd [100.0%],N/A,Aichi,Tokai,exact,EAF,https://www.gem.wiki/Kyoei_Steel_Nagoya_Division_(Tokai),35.065055,136.815384,1984.0,158.0,0.0,0.0,0.0,0.0,EAF / IF (electric),1265.0,0.0,0.0,0.0,0.0,0.0,1265.0,operating,operating
P100000120681,Kyoei Steel Yamaguchi Division (Yamaguchi),Kyoei Steel Ltd,Japan,Asia Pacific,"33.9765130, 131.1730310",54.0,Kyoei Steel Ltd [100.0%],N/A,Yamaguchi,Onoda,exact,EAF,https://www.gem.wiki/Kyoei_Steel_Yamaguchi_Division_(Yamaguchi),33.976513,131.173031,1972.0,158.0,0.0,0.0,0.0,0.0,EAF / IF (electric),575.0,0.0,0.0,0.0,0.0,0.0,575.0,operating,operating
P100000120254,Laiwu Iron and Steel Group Yinshan Section Steel Co Ltd,Laiwu Steel Yinshan Section Co Ltd,China,Asia Pacific,"36.1061430, 117.8201080",22.15,Shandong Iron and Steel Group Co Ltd [70.0%]; Shandong Guohui Investment Co Ltd [20.0%]; Shandong Caixin Asset Operation Co Ltd [10.0%],Full,Shandong,unknown,exact,BF; BOF,https://www.gem.wiki/Laiwu_Iron_and_Steel_Group_Yinshan_Section_Steel_Co_Ltd,36.106143,117.820108,2003.0,4449.0,,,,,BF-BOF (coal-based),5600.0,0.0,0.0,0.0,5870.0,5600.0,0.0,operating,operating
P100000120156,Langfang Guangyuan Metalwork Co Ltd,Langfang Guangyuan Metalwork Co Ltd,China,Asia Pacific,"39.1814660, 116.8386670",11.0,RiseSun Real Estate Development Co Ltd [99.8%]; unknown [0.2%],N/A,Hebei,Langfang,exact,BF; BOF,https://www.gem.wiki/Langfang_Guangyuan_Metalwork_Co_Ltd,39.181466,116.838667,2007.0,52.0,,,,,BF-BOF (coal-based),0.0,0.0,0.0,4000.0,,,,retired,retired
P100000120713,Lanwa Steel Hambantota steel plant,Ceylon Steel Co Ltd,Sri Lanka,Asia Pacific,"6.1280770, 81.0752240",,Ceylon Steel Co Ltd [100.0%],Full,Hambantota,Hambantota,exact,BF; BOF,https://www.gem.wiki/Lanwa_Steel_Hambantota_steel_plant,6.128077,81.075224,,1500.0,,,,,BF-BOF (coal-based),0.0,600.0,0.0,0.0,,,,construction,construction
P100000120344,Lanxin Steel Group Co Ltd plant,Gaolan County Lanxin Steel Co Ltd,China,Asia Pacific,"36.4888660, 103.9220000",25.0,Gaolan County Lanxin Steel Co Ltd [100.0%],N/A,Gansu,Lanzhou,exact,BF; BOF; EAF,https://www.gem.wiki/Lanxin_Steel_Group_Co_Ltd_plant,36.488866,103.922,2001.0,3060.0,,,,,Mixed (BF-BOF + electric),1100.0,0.0,0.0,0.0,1150.0,700.0,400.0,operating,operating; retired
P100000121024,Lao Cai Cast Iron and Steel Tang Long plant,Lao Cai Cast Iron and Steel,Vietnam,Asia Pacific,"22.3069310, 104.1299200",12.0,Kunming Iron & Steel Holding Co Ltd; Laocai Mineral Exploitation and Processing JSC; unknown; Viet Nam Steel Corp,Partial,Lao Cai,Tang Long Town,exact,BF; BOF,https://www.gem.wiki/Lao_Cai_Cast_Iron_and_Steel_Tang_Long_plant,22.306931,104.12992,2014.0,1000.0,,,,,BF-BOF (coal-based),500.0,0.0,0.0,0.0,500.0,500.0,0.0,operating,operating
P100000120823,Lebedinsky GOK DRI Plant,Lebedinskiy GOK JSC,Russia,Eurasia,"51.2619950, 37.6546220",55.0,YueSeM Holding Company LLC,N/A,Belgorod,Gubkin,exact,DRI,https://www.gem.wiki/Lebedinsky_GOK_DRI_Plant,51.261995,37.654622,1971.0,9459.0,22063.0,,8968.0,,DRI (ironmaking only),0.0,0.0,0.0,0.0,4600.0,0.0,0.0,operating,operating; announced
P100000120437,Lech Stahlwerke Meitingen steel plant,Lech Stahlwerke GmbH,Germany,Europe,"48.5120510, 10.8552920",56.0,Max Aicher Stahl AG [92.6%]; unknown,N/A,Bavaria,Meitingen,exact,EAF,https://www.gem.wiki/Lech_Stahlwerke_Meitingen_steel_plant,48.512051,10.855292,1970.0,800.0,0.0,0.0,0.0,0.0,EAF / IF (electric),1400.0,0.0,0.0,0.0,0.0,0.0,1400.0,operating,operating
P100000120961,Leggett & Platt Sterling Steel plant,Sterling Steel Co LLC,United States,North America,"41.7859710, -89.7109470",23.0,Leggett & Platt Inc [100.0%],N/A,Illinois,Sterling,exact,EAF,https://www.gem.wiki/Leggett_&_Platt_Sterling_Steel_plant,41.785971,-89.710947,2003.0,260.0,0.0,0.0,0.0,0.0,EAF / IF (electric),1090.0,0.0,608.0,0.0,0.0,0.0,1090.0,operating,operating; mothballed
P100000120181,Lengshuijiang Steel Co Ltd,Lengshuijiang Iron and Steel Co Ltd,China,Asia Pacific,"27.6904010, 111.4372880",68.0,Lengshuijiang Xingbo Enterprise Management Co Ltd [49.6%]; unknown [28.6%]; Shanghai Baoke Enterprise Development Co Ltd [15.0%]; Shanghai Zhenchang Metal Resources Group Co Ltd [5.4%]; Shanghai Zhenchang Waste and Scrap Metal Recycling Co Ltd [1.4%],N/A,Hunan,Lengshuijiang,exact,BF; BOF,https://www.gem.wiki/Lengshuijiang_Steel_Co_Ltd,27.690401,111.437288,1958.0,3059.0,,,,,BF-BOF (coal-based),3000.0,0.0,0.0,0.0,2999.0,3000.0,0.0,operating,operating
P100000120192,Lianfeng Steel Zhangjiagang Co Ltd,Lianfeng Steel (Zhangjiagang) Co Ltd,China,Asia Pacific,"31.8552050, 120.7305050",23.65,"Sirida (Hong Kong) Group Co Ltd [42.7%]; Zhangjiagang Yongrun Investment Development Co Ltd [18.5%]; Suzhou Yongyuan Holding Co Ltd [14.5%]; Yonglian Village Stock Economic Cooperative, Nanfeng Town, Zhangjiagang City [9.3%]; unknown [4.3%]; Hengde International Co Ltd [3.4%]; Zhangjiagang Yongfeng Investment Development Co Ltd [3.2%]; Jiangsu Shagang Group Co Ltd [2.7%]; Zhangjiagang Free Trade Zone Runyuan Stainless Steel Trade Co Ltd [0.8%]; Ningbo Meishan Free Trade Port Jincheng Shazhou Equity Investment Co Ltd [0.6%]",N/A,Jiangsu,Nanfeng,exact,BF; BOF; EAF,https://www.gem.wiki/Lianfeng_Steel_Zhangjiagang_Co_Ltd,31.855205,120.730505,2002.0,4746.0,12000.0,,,,Mixed (BF-BOF + electric),8240.0,1800.0,0.0,760.0,5991.0,7240.0,1000.0,operating,operating; operating pre-retirement; construction; announced; retired
P100001063594,Lianping Huafeng Steel Co Ltd,Lianping County Huafeng Steel Co Ltd,China,Asia Pacific,"24.184350, 114.728202",9.93,Lianping County Huafeng Steel Co Ltd [100.0%],N/A,Guangdong,Heyuan,exact,EAF,https://www.gem.wiki/Lianping_Huafeng_Steel_Co_Ltd,24.18435,114.728202,2016.0,112.0,0.0,0.0,0.0,0.0,EAF / IF (electric),720.0,0.0,0.0,0.0,0.0,0.0,720.0,operating,operating
P100000121078,Lianyungang Huale Alloy Group Co Ltd,Lianyungang Huale Alloy Group Co Ltd,China,Asia Pacific,"34.6079640, 119.4476260",15.94,Lianyungang Huale Alloy Group Co Ltd [100.0%],N/A,Jiangsu,unknown,exact,BF; BOF,https://www.gem.wiki/Lianyungang_Huale_Alloy_Group_Co_Ltd,34.607964,119.447626,2010.0,214.0,,,,,BF-BOF (coal-based),621.0,0.0,0.0,0.0,460.0,621.0,0.0,operating,operating
P100000120348,Lianyungang Yaxin Iron and Steel Co Ltd,Lianyungang Yaxin Iron and Steel Co Ltd,China,Asia Pacific,"34.4237860, 119.7783110",16.51,Lianyungang Yaxin Iron and Steel Co Ltd [100.0%],N/A,Jiangsu,Duigougang,exact,BF; BOF,https://www.gem.wiki/Lianyungang_Yaxin_Iron_and_Steel_Co_Ltd,34.423786,119.778311,2009.0,3092.0,,,,,BF-BOF (coal-based),3000.0,0.0,0.0,0.0,2800.0,3000.0,0.0,operating,operating
P100000120333,Liaoyang United Steel Co Ltd,Liaoyang United Steel Co Ltd,China,Asia Pacific,"41.1913800, 122.8773110",6.17,Liaoyang United Steel Co Ltd [100.0%],N/A,Liaoning,Liuerbao,exact,BF; BOF,https://www.gem.wiki/Liaoyang_United_Steel_Co_Ltd,41.19138,122.877311,2019.0,1753.0,,,,,BF-BOF (coal-based),2300.0,0.0,0.0,3400.0,2260.0,2300.0,0.0,operating,operating; retired
P100000121051,Liaoyang Xinyi Special Steel Co Ltd,Liaoyang Xinyi Special Steel Co Ltd,China,Asia Pacific,"41.2250030, 122.9704880",17.2,Liaoyang Xinyi Special Steel Co Ltd [100.0%],N/A,Liaoning,Liuerbao,exact,EAF,https://www.gem.wiki/Liaoyang_Xinyi_Special_Steel_Co_Ltd,41.225003,122.970488,2008.0,245.0,0.0,0.0,0.0,0.0,EAF / IF (electric),500.0,0.0,0.0,0.0,0.0,0.0,500.0,operating,operating
P100000120977,Liberty Steel & Wire Peoria plant,Liberty Steel Group,United States,North America,"41.5132490, -87.6214380",137.0,GFG Alliance Ltd,N/A,Illinois,Peoria,exact,EAF,https://www.gem.wiki/Liberty_Steel_&_Wire_Peoria_plant,41.513249,-87.621438,1889.0,800.0,0.0,0.0,0.0,0.0,EAF / IF (electric),726.0,0.0,0.0,0.0,0.0,0.0,726.0,operating,operating
P100000120496,Liberty Steel Dunaferr Dunaújváros steel plant,Liberty Steel Group,Hungary,Europe,"46.9456940, 18.9386300",71.78,GFG Alliance Ltd,N/A,Fejér,Dunaújváros,exact,EAF; BF; BOF,https://www.gem.wiki/Liberty_Steel_Dunaferr_Dunaújváros_steel_plant,46.945694,18.93863,1954.0,4500.0,1000.0,0.0,,,Mixed (BF-BOF + electric),0.0,0.0,0.0,4600.0,,,,retired,retired; cancelled
P100000121177,Liberty Steel Dunkerque DRI plant,Liberty Steel Group,France,Europe,"50.9992600, 2.1685710",,GFG Alliance Ltd,N/A,Haus-de-France,Dunkerque,exact,DRI,https://www.gem.wiki/Liberty_Steel_Dunkerque_DRI_plant,50.99926,2.168571,,,,0.0,,0.0,DRI (ironmaking only),0.0,0.0,0.0,0.0,,,,announced,announced
P100000120978,Liberty Steel Georgetown plant,Liberty Steel Group,United States,North America,"33.3672580, -79.2925150",57.0,GFG Alliance Ltd,N/A,South Carolina,Georgetown,exact,EAF,https://www.gem.wiki/Liberty_Steel_Georgetown_plant,33.367258,-79.292515,1969.0,85.0,0.0,0.0,0.0,0.0,EAF / IF (electric),0.0,0.0,0.0,908.0,,,,retired,retired
P100000120717,Libyan Iron and Steel Misrata plant,Libyan Iron and Steel Co,Libya,Africa,"32.3351850, 15.2150530",37.0,Libyan Iron and Steel Co [100.0%],Full,Misrata,Misrata,exact,DRI; EAF,https://www.gem.wiki/Libyan_Iron_and_Steel_Misrata_plant,32.335185,15.215053,1989.0,6800.0,,0.0,,0.0,DRI-EAF,1710.0,0.0,0.0,0.0,1806.0,0.0,1710.0,operating,operating; announced
P100000120269,Licheng Taihang Iron and Steel Co Ltd,Licheng Taihang Iron & Steel Co Ltd,China,Asia Pacific,"36.4723030, 113.3441550",25.68,Licheng Taihang Iron & Steel Co Ltd [100.0%],N/A,Shanxi,unknown,exact,BF; BOF,https://www.gem.wiki/Licheng_Taihang_Iron_and_Steel_Co_Ltd,36.472303,113.344155,2000.0,1985.0,,,,,BF-BOF (coal-based),1700.0,0.0,0.0,0.0,618.0,1700.0,0.0,operating,operating; retired
P100000120716,Liepājas Metalurgs steel plant,KVV Liepājas metalurgs AS,Latvia,Europe,"56.5252730, 21.0267000",,KVV Liepājas metalurgs AS [100.0%],N/A,Kurzeme,Liepaja,exact,EAF,https://www.gem.wiki/Liepājas_Metalurgs_steel_plant,56.525273,21.0267,,403.0,0.0,0.0,0.0,0.0,EAF / IF (electric),0.0,0.0,0.0,850.0,,,,retired,retired
P100001063580,Lincoln Minerals South Australia Green Iron Plant,Green Iron Magnetite Project,Australia,Asia Pacific,"-34.5952090, 135.8492200",,Green Iron Magnetite Project [100.0%],N/A,South Australia,Port Lincoln,approximate,DRI,https://www.gem.wiki/Lincoln_Minerals_South_Australia_Green_Iron_Plant,-34.595209,135.84922,,,,0.0,,0.0,DRI (ironmaking only),0.0,0.0,0.0,0.0,,,,announced,announced
P100000120225,Lingyuan Iron and Steel Co Ltd,Lingyuan Iron & Steel Co Ltd,China,Asia Pacific,"41.2710480, 119.4137400",31.8,Lingyuan Iron & Steel Co Ltd [100.0%],N/A,Liaoning,unknown,exact,BF; BOF,https://www.gem.wiki/Lingyuan_Iron_and_Steel_Co_Ltd,41.271048,119.41374,1994.0,6452.0,,,,,BF-BOF (coal-based),5994.0,0.0,0.0,1356.0,5005.0,5994.0,0.0,operating,operating; retired
P100000120330,Linyi Iron and Steel Investment Group Special Steel Co Ltd,Linyi Iron and Steel Investment Group Co Ltd,China,Asia Pacific,"35.1573500, 119.1339990",6.92,Linyi Investment Development Co Ltd [74.4%]; Gangfa International [16.7%]; Shandong Caixin Asset Operation Co Ltd [8.3%]; unknown [0.7%],Partial,Shandong,Tuanlin,exact,BF; BOF,https://www.gem.wiki/Linyi_Iron_and_Steel_Investment_Group_Special_Steel_Co_Ltd,35.15735,119.133999,2019.0,16.0,3840.0,,,,BF-BOF (coal-based),2700.0,0.0,0.0,0.0,2310.0,2700.0,0.0,operating,operating
P100000120338,Linyi Iron and Steel Investment Group Stainless Steel Co Ltd,Linyi Iron and Steel Investment Group Stainless Steel Co Ltd,China,Asia Pacific,"35.1484430, 119.0680150",6.0,Shandong Shengyang Holding Group Co Ltd [66.0%]; Linyi Investment Development Co Ltd [25.3%]; Gangfa International [5.7%]; Shandong Caixin Asset Operation Co Ltd [2.8%]; unknown [0.2%],Partial,Shandong,Linyi,exact,EAF,https://www.gem.wiki/Linyi_Iron_and_Steel_Investment_Group_Stainless_Steel_Co_Ltd,35.148443,119.068015,2020.0,1356.0,0.0,0.0,0.0,0.0,EAF / IF (electric),700.0,0.0,0.0,0.0,0.0,0.0,700.0,operating,operating
P100000120250,Linyi Jiangxin Iron and Steel Co Ltd,Linyi Jiangxin Steel Co Ltd,China,Asia Pacific,"34.9511170, 118.3053890",18.58,Huasheng Jiangquan Group Co Ltd [100.0%],N/A,Shandong,Linyi,exact,BF; BOF,https://www.gem.wiki/Linyi_Jiangxin_Iron_and_Steel_Co_Ltd,34.951117,118.305389,2003.0,,,,,,BF-BOF (coal-based),0.0,0.0,0.0,2700.0,,,,retired,retired
P100001063721,Linyi Meide Gengchen Metal Materials Co Ltd,Linyi Meide Gengchen Metal Materials Co Ltd,China,Asia Pacific,"35.188667, 119.087048",8.55,Linyi Meide Gengchen Metal Materials Co Ltd [100.0%],N/A,Shandong,Tuanlin,approximate,BF; EAF,https://www.gem.wiki/Linyi_Meide_Gengchen_Metal_Materials_Co_Ltd,35.188667,119.087048,2017.0,,,,,,Mixed (BF-BOF + electric),500.0,0.0,0.0,0.0,1160.0,0.0,500.0,operating,operating
P100001064103,Linzhou Hexin Foundry Co Ltd,Linzhou Hexin Foundry Co Ltd,China,Asia Pacific,"36.1127420, 113.8611350",20.47,Linzhou Hexin Foundry Co Ltd [100.0%],N/A,Henan,Anyang,exact,BF; IF,https://www.gem.wiki/Linzhou_Hexin_Foundry_Co_Ltd,36.112742,113.861135,2005.0,520.0,,,,,Mixed (BF-BOF + electric),240.0,0.0,0.0,0.0,550.0,0.0,0.0,operating,operating
P100000120738,Lion Industries Amsteel Banting steel plant,Amsteel Mills Sdn Bhd,Malaysia,Asia Pacific,"2.8069980, 101.6010530",25.0,Lion Industries Corporation Bhd,N/A,Selangor,Banting,exact,DRI; EAF,https://www.gem.wiki/Lion_Industries_Amsteel_Banting_steel_plant,2.806998,101.601053,2001.0,,,,,,DRI-EAF,0.0,0.0,1250.0,0.0,,,,mothballed,mothballed
P100000120739,Lion Industries Amsteel Klang steel plant,Amsteel Mills Sdn Bhd,Malaysia,Asia Pacific,"3.0696820, 101.4564740",44.0,Lion Industries Corporation Bhd,N/A,Selangor,Klang,exact,EAF; BF; BOF; IF,https://www.gem.wiki/Lion_Industries_Amsteel_Klang_steel_plant,3.069682,101.456474,1982.0,,,,,,EAF / IF (electric),750.0,,0.0,1600.0,0.0,0.0,750.0,operating,operating; announced; cancelled
P100000120740,Lion Industries Megasteel plant,Megasteel Sdn Bhd,Malaysia,Asia Pacific,"2.8072653, 101.6055808",96.0,Lion Industries Corporation Bhd,N/A,Selangor,Banting,exact,EAF,https://www.gem.wiki/Lion_Industries_Megasteel_plant,2.8072653,101.6055808,1930.0,,,,,,EAF / IF (electric),0.0,0.0,3200.0,0.0,,,,mothballed,mothballed
P100000120399,Lishui Huahong Iron and Steel Products Co Ltd,Huahong Iron and Steel Products Co Ltd,China,Asia Pacific,"28.0900980, 119.5195090",23.39,Huahong Iron and Steel Products Co Ltd [100.0%],N/A,Zhejiang,unknown,exact,EAF,https://www.gem.wiki/Lishui_Huahong_Iron_and_Steel_Products_Co_Ltd,28.090098,119.519509,2002.0,181.0,0.0,0.0,0.0,0.0,EAF / IF (electric),1200.0,0.0,0.0,0.0,0.0,0.0,1200.0,operating,operating
P100000120092,Liuzhou Iron and Steel Co Ltd Liuzhou Base,Liuzhou IRON&STEEL Co Ltd,China,Asia Pacific,"24.3853040, 109.3796300",26.0,Liuzhou IRON&STEEL Co Ltd [100.0%],N/A,Guangxi,Liuzhou,exact,BF; BOF,https://www.gem.wiki/Liuzhou_Iron_and_Steel_Co_Ltd_Liuzhou_Base,24.385304,109.37963,2000.0,4517.0,,,,,BF-BOF (coal-based),9458.0,0.0,0.0,3100.0,8930.0,9458.0,0.0,operating,operating; retired
P100000120382,Liyang Baorun Steel Co Ltd,Liyang Baorun Steel Co Ltd,China,Asia Pacific,"31.4711230, 119.4859410",2.58,Jiangsu Delong Nickel Industry Co Ltd [100.0%],N/A,Jiangsu,Changzhou,exact,EAF,https://www.gem.wiki/Liyang_Baorun_Steel_Co_Ltd,31.471123,119.485941,2023.0,178.0,0.0,0.0,0.0,0.0,EAF / IF (electric),2760.0,0.0,0.0,0.0,0.0,0.0,2760.0,operating,operating
P100000120522,Lloyds Metals and Energy Ltd Ghugus steel plant,Lloyds Metals and Energy Ltd,India,Asia Pacific,"19.9298370, 79.1193440",31.0,Lloyds Metals and Energy Ltd [100.0%],N/A,Maharashtra,Ghugus,exact,DRI; BF; EAF; Steel other/unspecified; IF,https://www.gem.wiki/Lloyds_Metals_and_Energy_Ltd_Ghugus_steel_plant,19.929837,79.119344,1995.0,800.0,,,4000.0,,DRI (ironmaking only),0.0,2250.0,0.0,498.0,684.0,0.0,0.0,operating,operating; construction; announced; cancelled
P100000121179,Lloyds Metals and Energy Ltd Konsari steel plant,Lloyds Metals and Energy Ltd,India,Asia Pacific,"19.7704090, 79.8135990",3.0,Lloyds Metals and Energy Ltd [100.0%],N/A,Maharashtra,Konsari,exact,DRI; BF; BOF,https://www.gem.wiki/Lloyds_Metals_and_Energy_Ltd_Konsari_steel_plant,19.770409,79.813599,2023.0,1100.0,,,4000.0,,DRI (ironmaking only),0.0,3000.0,0.0,0.0,72.0,0.0,0.0,operating,operating; announced
P100000120476,LME Trith-Saint-Léger steel plant,Lamines Marchands Europeens SA,France,Europe,"50.3292000, 3.4909130",151.0,Beltrame Holding SpA [73.7%]; unknown [26.3%],N/A,Hauts-de-France,Trith-Saint-Léger,exact,EAF,https://www.gem.wiki/LME_Trith-Saint-Léger_steel_plant,50.3292,3.490913,1875.0,505.0,0.0,0.0,0.0,0.0,EAF / IF (electric),850.0,0.0,0.0,0.0,0.0,0.0,850.0,operating,operating
P100000121026,Long Son Phu My Iron and Steel plant,Long Son Phu My Iron & Steel Co,Vietnam,Asia Pacific,"14.4573670, 109.0789538",,Siam Cement PCL [100.0%],Partial,Binh Dinh,Hoai Nhon town,approximate,EAF; Iron other/unspecified,https://www.gem.wiki/Long_Son_Phu_My_Iron_and_Steel_plant,14.457367,109.0789538,,2500.0,,0.0,,0.0,EAF / IF (electric),0.0,5400.0,0.0,0.0,,,,announced,announced
P100001063267,Longchuan Hanghui Steel Co Ltd,Longchuan Hanghui Steel Co Ltd,China,Asia Pacific,"24.1131890, 115.2150680",22.39,Longchuan Hanghui Steel Co Ltd [100.0%],N/A,Guangdong,Heyuan,exact,EAF,https://www.gem.wiki/Longchuan_Hanghui_Steel_Co_Ltd,24.113189,115.215068,2003.0,167.0,0.0,0.0,0.0,0.0,EAF / IF (electric),930.0,0.0,0.0,0.0,0.0,0.0,930.0,operating,operating
P100000120412,Longnan Fuxin Iron and Steel Co Ltd,Longnan Fuxin Steel Co Ltd,China,Asia Pacific,"24.9129040, 114.8445030",20.91,Longnan Fuxin Steel Co Ltd [100.0%],N/A,Jiangxi,Longnan,exact,EAF,https://www.gem.wiki/Longnan_Fuxin_Iron_and_Steel_Co_Ltd,24.912904,114.844503,2005.0,11.0,0.0,0.0,0.0,0.0,EAF / IF (electric),1500.0,0.0,0.0,1000.0,0.0,0.0,1500.0,operating,operating; retired
P100000120383,Luoyang Luogang Group of Steel and Iron Co Ltd,Luoyang Luogang Group of Steel and Iron Co Ltd,China,Asia Pacific,"34.7984770, 112.5805050",19.0,Luoyang Luogang Group of Steel and Iron Co Ltd [100.0%],N/A,Henan,Luoyang,exact,EAF,https://www.gem.wiki/Luoyang_Luogang_Group_of_Steel_and_Iron_Co_Ltd,34.798477,112.580505,2003.0,5.0,0.0,0.0,0.0,0.0,EAF / IF (electric),0.0,0.0,0.0,850.0,,,,retired,retired
P100000120335,Luzhou Xinyang Vanadium Titanium Steel Co Ltd,Luzhou Xinyang Vanadium Titanium Steel Co Ltd,China,Asia Pacific,"28.8517790, 105.7050900",6.12,Luzhou Chengkun Industry Co Ltd [70.0%]; Sichuan Luzhou Jiangyang Iron and Steel Co Ltd [30.0%],N/A,Sichuan,Luzhou,exact,EAF,https://www.gem.wiki/Luzhou_Xinyang_Vanadium_Titanium_Steel_Co_Ltd,28.851779,105.70509,2020.0,32.0,0.0,0.0,0.0,0.0,EAF / IF (electric),2000.0,0.0,0.0,0.0,0.0,0.0,2000.0,operating,operating
P100000120260,Lvliang Jianlong Industrial Co Ltd,Lvliang Jianlong Industrial Co Ltd,China,Asia Pacific,"37.4731100, 112.0609300",41.0,China Great Wall Asset Management Co Ltd [48.0%]; Beijing Jianlong Investment Co Ltd [45.5%]; unknown [6.5%],N/A,Shanxi,Lvliang,exact,BF; BOF,https://www.gem.wiki/Lvliang_Jianlong_Industrial_Co_Ltd,37.47311,112.06093,1985.0,2132.0,,,,,BF-BOF (coal-based),1400.0,1600.0,0.0,1700.0,1535.0,1400.0,0.0,operating,operating; announced; mothballed; retired
P100000120069,Maanshan Iron and Steel Co Ltd,Maanshan Iron & Steel Co Ltd,China,Asia Pacific,"31.6988840, 118.4681940",73.0,Maanshan Iron & Steel Co Ltd [100.0%],N/A,Anhui,Ma'anshan,exact,BF; BOF; EAF,https://www.gem.wiki/Maanshan_Iron_and_Steel_Co_Ltd,31.698884,118.468194,1953.0,11450.0,18440.0,4430.0,2670.0,,Mixed (BF-BOF + electric),17340.0,1600.0,0.0,1860.0,14500.0,16510.0,830.0,operating,operating; operating pre-retirement; construction; retired
P100001047854,Maegma Minerals Lumut HBI Plant,Maegma Minerals Sdn Bhd,Malaysia,Asia Pacific,"4.2405829, 100.5949428",,Melewar Industrial Group Bhd [100.0%],N/A,Perak,Lumut,approximate,DRI,https://www.gem.wiki/Maegma_Minerals_Lumut_HBI_Plant,4.2405829,100.5949428,2029.0,,,0.0,,0.0,DRI (ironmaking only),0.0,0.0,0.0,0.0,,,,announced,announced
P100000120807,Magnitogorsk Iron and Steel Works,Magnitogorskiy Metallurgicheskiy Kombinat PJSC,Russia,Eurasia,"53.4275930, 59.0541220",94.0,Magnitogorskiy Metallurgicheskiy Kombinat PJSC [100.0%],N/A,Chelyabinsk,Magnitogorsk,exact,BF; BOF; EAF,https://www.gem.wiki/Magnitogorsk_Iron_and_Steel_Works,53.427593,59.054122,1932.0,16648.0,11300.0,5400.0,6400.0,,Mixed (BF-BOF + electric),14500.0,0.0,0.0,0.0,11126.0,10500.0,4000.0,operating,operating; operating pre-retirement; announced
P100000120718,Mahgreb Steel Bled Solb plant,Maghreb Steel SA,Morocco,Africa,"33.6329180, -7.4340840",15.0,Maghreb Steel SA [100.0%],N/A,Casablanca-Settat,Aïn Harrouda,exact,EAF,https://www.gem.wiki/Mahgreb_Steel_Bled_Solb_plant,33.632918,-7.434084,2011.0,1123.0,,0.0,,0.0,EAF / IF (electric),1000.0,0.0,0.0,0.0,0.0,0.0,1000.0,operating,operating
P100000120593,Makran Steel Sistan and Baluchestan Complex,Makran Steel Co,Iran,Middle East,"25.4483977, 60.6408488",,Iranian Mines & Mining Industries Development & Renovation Organization [8.5%]; unknown,Partial,Sistan and Baluchestan,Chabahar,exact,DRI; EAF,https://www.gem.wiki/Makran_Steel_Sistan_and_Baluchestan_Complex,25.4483977,60.6408488,2030.0,450.0,,0.0,5000.0,0.0,DRI-EAF,0.0,3000.0,0.0,0.0,,,,construction,construction; announced
P100000120722,Makstil Skopje Steel plant,Makstil AD,North Macedonia,Europe,"42.0162280, 21.4660500",59.0,Hesteel Group Co Ltd,N/A,Skopje,Skopje,exact,EAF,https://www.gem.wiki/Makstil_Skopje_Steel_plant,42.016228,21.46605,1967.0,973.0,0.0,0.0,0.0,0.0,EAF / IF (electric),550.0,0.0,0.0,0.0,0.0,0.0,550.0,operating,operating
P100000120746,Malaysia Steel Works Klang steel plant,Malaysia Steel Works (KL) Bhd,Malaysia,Asia Pacific,"3.0778350, 101.4644800",28.0,Malaysia Steel Works (KL) Bhd [100.0%],N/A,Selangor,Klang,exact,IF; EAF,https://www.gem.wiki/Malaysia_Steel_Works_Klang_steel_plant,3.077835,101.46448,1998.0,367.0,,,,,EAF / IF (electric),800.0,0.0,0.0,750.0,0.0,0.0,0.0,operating,operating; retired
P100000121235,Marcegaglia Fos Sur Mer steel plant,Marcegaglia Holding SpA,France,Europe,"43.4450040, 4.8468050",53.0,Finmar SRL; Marfin SRL,N/A,Bouches-du-Rhône,Fos-sur-Mer,exact,EAF,https://www.gem.wiki/Marcegaglia_Fos_Sur_Mer_steel_plant,43.445004,4.846805,1973.0,700.0,0.0,0.0,0.0,0.0,EAF / IF (electric),0.0,1200.0,900.0,0.0,,,,announced,announced; mothballed pre-retirement
P100000120487,Marcegaglia Sheffield steel plant,Marcegaglia Stainless Sheffield Ltd,United Kingdom,Europe,"53.3995980, -1.3958180",49.0,Finmar SRL; Marfin SRL,N/A,England,Sheffield,exact,EAF,https://www.gem.wiki/Marcegaglia_Sheffield_steel_plant,53.399598,-1.395818,1977.0,251.0,0.0,0.0,0.0,0.0,EAF / IF (electric),300.0,550.0,0.0,0.0,0.0,0.0,300.0,operating pre-retirement,operating pre-retirement; announced
P100001063310,Mashiz Steel Industries Bardsir steel plant,Mashiz Bardsir Steel Industries Co,Iran,Middle East,"29.9486880, 56.7325930",36.0,Jihad Nasr Holding,N/A,Kerman,Bardsir,exact,EAF,https://www.gem.wiki/Mashiz_Steel_Industries_Bardsir_steel_plant,29.948688,56.732593,1990.0,,,0.0,,0.0,EAF / IF (electric),400.0,200.0,0.0,0.0,0.0,0.0,400.0,operating,operating; announced
P100000120577,Mass Iron and Steel Industry Co Sulaimaniya plant,Mass Iraq Iron and Steel Industry Co,Iraq,Middle East,"35.6601250, 45.0390620",11.0,Mass Group Holding Ltd,N/A,Kurdistan,Sulaimaniya,exact,EAF; DRI,https://www.gem.wiki/Mass_Iron_and_Steel_Industry_Co_Sulaimaniya_plant,35.660125,45.039062,2015.0,1000.0,,0.0,,0.0,EAF / IF (electric),1250.0,0.0,0.0,0.0,0.0,0.0,1250.0,operating,operating; announced
P100000121169,Master Steel Jakarta Steel plant,PT The Master Steel MFG,Indonesia,Asia Pacific,"-6.1842100, 106.9200670",54.0,PT The Master Steel MFG [100.0%],N/A,Jakarta,Cakung,exact,EAF,https://www.gem.wiki/Master_Steel_Jakarta_Steel_plant,-6.18421,106.920067,1972.0,2000.0,,,,,EAF / IF (electric),2000.0,0.0,0.0,0.0,0.0,0.0,2000.0,operating,operating
P100000120855,Max Aicher Slovakia Steel Mills Strazske,Max Aicher GmbH & Co KG,Slovakia,Europe,"48.8860280, 21.8270500",8.0,Max Aicher GmbH & Co KG [100.0%],N/A,Strazske,Priemyselna,exact,EAF,https://www.gem.wiki/Max_Aicher_Slovakia_Steel_Mills_Strazske,48.886028,21.82705,2011.0,500.0,,0.0,,0.0,EAF / IF (electric),0.0,0.0,0.0,620.0,,,,retired,retired
P100000120805,Mechel Chelyabinsk Metallurgical Plant,Chelyabinskiy Metallurgicheskiy Kombinat PJSC,Russia,Eurasia,"55.2707300, 61.4364920",83.0,Chelyabinskiy Metallurgicheskiy Kombinat PJSC [100.0%],N/A,Chelyabinsk,Chelyabinsk,exact,BF; BOF; EAF,https://www.gem.wiki/Mechel_Chelyabinsk_Metallurgical_Plant,55.27073,61.436492,1943.0,15196.0,4500.0,2900.0,,,Mixed (BF-BOF + electric),5799.0,0.0,0.0,0.0,4000.0,3999.0,1800.0,operating,operating
P100001082547,Medsteel Adra steel plant,Med-steel Ltd,Syria,Middle East,"33.628437, 36.57259391534359",15.0,Med-steel Ltd [100.0%],N/A,Rif Dimashq,Adra,exact,EAF,https://www.gem.wiki/Medsteel_Adra_steel_plant,33.628437,36.57259391534359,2011.0,,0.0,0.0,0.0,0.0,EAF / IF (electric),800.0,0.0,0.0,0.0,0.0,0.0,800.0,operating,operating
P100000120463,Megasa Siderúrgica Narón steel plant,Megasa Siderurgica SL,Spain,Europe,"43.5142100, -8.1638390",73.0,Bipadosa SL,N/A,La Coruña,Narón,exact,EAF,https://www.gem.wiki/Megasa_Siderúrgica_Narón_steel_plant,43.51421,-8.163839,1953.0,,0.0,0.0,0.0,0.0,EAF / IF (electric),700.0,0.0,0.0,0.0,0.0,0.0,700.0,operating,operating
P100000120464,Megasider Zaragoza steel plant,Megasider Zaragoza SA,Spain,Europe,"41.5698800, -0.8565660",68.0,Bipadosa SL,N/A,Zaragoza,Zaragoza,exact,EAF,https://www.gem.wiki/Megasider_Zaragoza_steel_plant,41.56988,-0.856566,1958.0,,0.0,0.0,0.0,0.0,EAF / IF (electric),500.0,0.0,0.0,0.0,0.0,0.0,500.0,operating,operating
P100001042845,Meghna Re-rolling and Steel Mills steel plant,Meghna Re-rolling and Steel Mills Ltd,Bangladesh,Asia Pacific,"23.5854870, 90.6488750",,Meghna Group of Industries Ltd,N/A,Chittagong,Meghna,exact,EAF,https://www.gem.wiki/Meghna_Re-rolling_and_Steel_Mills_steel_plant,23.585487,90.648875,,,,0.0,,0.0,EAF / IF (electric),0.0,1400.0,0.0,0.0,,,,construction,construction
P100001063142,Meranti Green Steel Duqm DRI plant,Meranti Steel Pte Ltd,Oman,Middle East,"19.6358150, 57.6706970",,Meranti Steel Pte Ltd [100.0%],N/A,Al Wusta,Duqm,approximate,DRI,https://www.gem.wiki/Meranti_Green_Steel_Duqm_DRI_plant,19.635815,57.670697,2029.0,,,0.0,,0.0,DRI (ironmaking only),0.0,0.0,0.0,0.0,,,,announced,announced
P100000121035,Meranti Steel Map Ta Phut plant,Meranti Steel Pte Ltd,Thailand,Asia Pacific,"12.6944650, 101.1489370",,Meranti Steel Pte Ltd [100.0%],N/A,Rayong,Map Ta Phut,approximate,DRI; EAF,https://www.gem.wiki/Meranti_Steel_Map_Ta_Phut_plant,12.694465,101.148937,2028.0,,,,,,DRI-EAF,0.0,2500.0,0.0,0.0,,,,announced,announced
P100000121219,Mesabi Metallics Nashwuak HBI plant,Mesabi Mining LLC,United States,North America,"47.3834410, -93.2194130",0.0,Steel Dynamics Inc [88.0%]; unknown [12.0%],N/A,Minnesota,Nashwuak,exact,DRI,https://www.gem.wiki/Mesabi_Metallics_Nashwuak_HBI_plant,47.383441,-93.219413,2026.0,350.0,,0.0,7000.0,0.0,DRI (ironmaking only),0.0,0.0,0.0,0.0,,,,cancelled,cancelled
P100000120881,Mescier Iron and Steel Bartin plant,Mescier Demir Celik AŞ,Türkiye,Europe,"41.5659320, 32.4277580",6.0,Mescier Demir Celik AŞ [100.0%],N/A,Bartin,Bartin,exact,EAF,https://www.gem.wiki/Mescier_Iron_and_Steel_Bartin_plant,41.565932,32.427758,2020.0,499.0,0.0,0.0,0.0,0.0,EAF / IF (electric),1000.0,0.0,0.0,0.0,0.0,0.0,1000.0,operating,operating
P100000120559,Mesco Steel Kalinganagar plant,Mesco Kalinga Steel Ltd,India,Asia Pacific,"20.9762770, 86.0444190",21.0,Mesco Kalinga Steel Ltd [100.0%],N/A,Odisha,Kalinganagar,exact,BF; BOF,https://www.gem.wiki/Mesco_Steel_Kalinganagar_plant,20.976277,86.044419,2005.0,,770.0,,,,BF-BOF (coal-based),1200.0,0.0,0.0,2300.0,1200.0,1200.0,0.0,operating,operating; cancelled
P100000120801,Metalfer Sremska Mitrovica steel plant,Metalfer Steel Mill Sremska Mitrovica doo,Serbia,Europe,"44.9772130, 19.6460100",18.0,Metalfer doo [100.0%],N/A,Vojvodina,Sremska Mitrovica,exact,EAF,https://www.gem.wiki/Metalfer_Sremska_Mitrovica_steel_plant,44.977213,19.64601,2008.0,629.0,0.0,0.0,0.0,0.0,EAF / IF (electric),500.0,0.0,0.0,0.0,0.0,0.0,500.0,operating,operating
P100000120828,Metalloinvest Mikhailovsky HBI plant,Mikhailovsky HBI LLC,Russia,Eurasia,"52.3604480, 35.3973140",,Mikhaylovskiy GOK im. Andreya Vladimirovicha Varicheva JSC [45.0%]; YueSeM Holding Company LLC,N/A,Kursk Oblast,Zheleznogorsk,approximate,DRI,https://www.gem.wiki/Metalloinvest_Mikhailovsky_HBI_plant,52.360448,35.397314,2028.0,400.0,,,,,DRI (ironmaking only),0.0,0.0,0.0,0.0,,,,construction,construction
P100000120812,Metalloinvest OEMK steel plant,Oskol'skiy Elektrometallurgicheskiy Kombinat Imeni Alekseya Alekseyevicha Ugarova JSC,Russia,Eurasia,"51.1427380, 37.9405320",42.0,YueSeM Holding Company LLC,N/A,Belgorod,Stary Oskol,exact,DRI; EAF,https://www.gem.wiki/Metalloinvest_OEMK_steel_plant,51.142738,37.940532,1984.0,9099.0,,,4500.0,,DRI-EAF,3500.0,1200.0,0.0,0.0,3180.0,0.0,3500.0,operating,operating; announced
P100001023449,Metallurgical Cluster Gallaaral steel plant,Triangul Metals Tebinbulak JSC,Uzbekistan,Eurasia,"40.0128190, 67.5734960",0.0,Triangul Metals Tebinbulak JSC [100.0%],N/A,Jizzakh region,unknown,approximate,EAF,https://www.gem.wiki/Metallurgical_Cluster_Gallaaral_steel_plant,40.012819,67.573496,2026.0,2000.0,0.0,0.0,0.0,0.0,EAF / IF (electric),0.0,1500.0,0.0,0.0,,,,announced,announced
P100000120909,Metallurgical Plant Kametstal,Kamet-Steel PrJSC,Ukraine,Europe,"48.5280190, 34.6409150",139.0,Metinvest BV [100.0%],N/A,Dnipropetrovsk,Kamianske,exact,BF; BOF,https://www.gem.wiki/Metallurgical_Plant_Kametstal,48.528019,34.640915,1887.0,8865.0,5600.0,1030.0,0.0,0.0,BF-BOF (coal-based),3500.0,0.0,0.0,0.0,4349.0,3500.0,0.0,operating,operating
P100000120962,Metallus Faircrest steel plant,Metallus Inc,United States,North America,"40.7553880, -81.4393690",109.0,Metallus Inc [100.0%],N/A,Ohio,Canton,exact,EAF,https://www.gem.wiki/Metallus_Faircrest_steel_plant,40.755388,-81.439369,1917.0,350.0,0.0,0.0,0.0,0.0,EAF / IF (electric),1088.0,0.0,0.0,0.0,0.0,0.0,1088.0,operating,operating
P100000120963,Metallus Harrison steel plant,Metallus Inc,United States,North America,"40.7784660, -81.3968890",110.0,Metallus Inc [100.0%],N/A,Ohio,Canton,exact,EAF,https://www.gem.wiki/Metallus_Harrison_steel_plant,40.778466,-81.396889,1916.0,600.0,0.0,0.0,0.0,0.0,EAF / IF (electric),0.0,0.0,1110.0,0.0,,,,mothballed,mothballed
P100000120917,Metinvest EAF steel plant,Metinvest Holding LLC,Ukraine,Europe,"49.0393890, 31.3326280",,Metinvest BV [100.0%],N/A,unknown,unknown,approximate,EAF,https://www.gem.wiki/Metinvest_EAF_steel_plant,49.039389,31.332628,,,0.0,0.0,0.0,0.0,EAF / IF (electric),0.0,0.0,0.0,4500.0,,,,cancelled,cancelled
P100000120914,Metinvest Ilyich Iron and Steel Works,Mariupolskyi Metalurgiinyi Kombinat Imeni Illicha PrAT,Ukraine,Europe,"47.1402768, 37.5943416",129.0,SCM Holdings Ltd [71.2%]; unknown [5.0%]; Smart Holding (Cyprus) Ltd,N/A,Donetsk,Mariupol,exact,BF; BOF,https://www.gem.wiki/Metinvest_Ilyich_Iron_and_Steel_Works,47.1402768,37.5943416,1897.0,14032.0,12340.0,0.0,0.0,0.0,BF-BOF (coal-based),0.0,0.0,4299.0,0.0,,,,mothballed,mothballed
P100000121211,Metinvest Piombino steel plant,Metinvest Adria SpA,Italy,Europe,"42.9365200, 10.5377940",,Metinvest BV [75.0%]; Danieli & C Officine Meccaniche SpA [25.0%],N/A,Province of Livorno,Piombino,exact,DRI; EAF,https://www.gem.wiki/Metinvest_Piombino_steel_plant,42.93652,10.537794,2027.0,1500.0,0.0,0.0,0.0,0.0,DRI-EAF,0.0,3000.0,0.0,0.0,,,,construction,construction
P100000120916,Metinvest Zaporizhstal steel plant,Zaporiz'kyi Metalurhiinyi Kombinat Zaporizhstal' PJSC,Ukraine,Europe,"47.8683800, 35.1617730",93.0,Metinvest BV [47.0%]; Global Steel Investments Ltd [36.8%]; Eastrade Ltd [11.2%],N/A,Zaporizhzhia,Zaporizhzhia,exact,BF; Steel other/unspecified; BOF,https://www.gem.wiki/Metinvest_Zaporizhstal_steel_plant,47.86838,35.161773,1933.0,8000.0,6300.0,0.0,0.0,0.0,BF-BOF (coal-based),4102.0,0.0,0.0,3200.0,4371.0,0.0,0.0,operating,operating; cancelled
P100000120865,Millcon Steel Rayong steel plant,Millcon Steel PCL,Thailand,Asia Pacific,"12.8195440, 101.1529540",28.0,Millcon Steel PCL [100.0%],N/A,Rayong,Nikhom Phatthana,exact,EAF,https://www.gem.wiki/Millcon_Steel_Rayong_steel_plant,12.819544,101.152954,1998.0,493.0,,,,,EAF / IF (electric),800.0,0.0,0.0,0.0,0.0,0.0,800.0,operating,operating
P100001046616,Mintal Group DRI plant,Mintal Group Co Ltd,China,Asia Pacific,"41.7915000, 109.8653670",,Beijing Dow Investment Holding Co Ltd [81.3%]; Minmetals Development Co Ltd [15.7%]; unknown [3.0%],N/A,Inner Mongolia,unknown,exact,DRI,https://www.gem.wiki/Mintal_Group_DRI_plant,41.7915,109.865367,,,0.0,0.0,0.0,0.0,DRI (ironmaking only),0.0,0.0,0.0,0.0,,,,announced,announced
P100000120339,Minyuan Iron and Steel Group Co Ltd,Minyuan Iron and Steel Group Co Ltd,China,Asia Pacific,"34.0133690, 116.4225990",23.0,natural person(s) [66.7%]; Fujian Mingfa Investment Co Ltd [33.3%],N/A,Henan,Yongcheng,exact,BF; BOF,https://www.gem.wiki/Minyuan_Iron_and_Steel_Group_Co_Ltd,34.013369,116.422599,2003.0,2568.0,,,,,BF-BOF (coal-based),2700.0,0.0,0.0,1650.0,2510.0,2700.0,0.0,operating,operating; retired
P100000121038,Mitsui-Kobe Duqm DRI plant,Mitsui-Kobe Steel JV,Oman,Middle East,"19.5295940, 57.6157300",,Kobe Steel Ltd; Mitsui & Co Ltd,N/A,Al Wusta,Duqm,approximate,DRI,https://www.gem.wiki/Mitsui-Kobe_Duqm_DRI_plant,19.529594,57.61573,2027.0,,,0.0,,0.0,DRI (ironmaking only),0.0,0.0,0.0,0.0,,,,announced,announced
P100000120601,Miyaneh Steel East Azerbaijan steel plant,Mianeh Steel,Iran,Middle East,"37.3788100, 47.7366890",9.0,Iranian Mines & Mining Industries Development & Renovation Organization,Full,East Azerbaijan,Mianeh,exact,DRI; EAF,https://www.gem.wiki/Miyaneh_Steel_East_Azerbaijan_steel_plant,37.37881,47.736689,2017.0,610.0,,0.0,,0.0,DRI (ironmaking only),0.0,800.0,0.0,0.0,800.0,0.0,0.0,operating,operating; construction
P100000120880,MMK Türkiye Metallurgical Payas steel plant,MMK Metalurji Sanayi Ticaret ve Liman Isletmeciligi AŞ,Türkiye,Europe,"36.7689750, 36.2138420",15.0,Magnitogorskiy Metallurgicheskiy Kombinat PJSC [100.0%],N/A,Hatay,Payas,exact,EAF,https://www.gem.wiki/MMK_Türkiye_Metallurgical_Payas_steel_plant,36.768975,36.213842,2011.0,1219.0,0.0,0.0,0.0,0.0,EAF / IF (electric),2300.0,0.0,0.0,0.0,0.0,0.0,2300.0,operating,operating
P100000121197,Mobarakeh Saba Steel Chamgordan plant,Mobarakeh Steel Co,Iran,Middle East,"32.4078700, 51.3389850",20.0,Iranian Mines & Mining Industries Development & Renovation Organization,Full,Isfahan,Chamgordan,exact,DRI; EAF,https://www.gem.wiki/Mobarakeh_Saba_Steel_Chamgordan_plant,32.40787,51.338985,2006.0,,,0.0,,0.0,DRI-EAF,1600.0,0.0,0.0,0.0,1500.0,0.0,1600.0,operating,operating
P100000120584,Mobarakeh Steel Complex Isfahan,Mobarakeh Steel Co,Iran,Middle East,"32.2440000, 51.4263000",35.0,Iranian Mines & Mining Industries Development & Renovation Organization,Full,Isfahan,Mobarakeh,exact,DRI; EAF,https://www.gem.wiki/Mobarakeh_Steel_Complex_Isfahan,32.244,51.4263,1991.0,12092.0,5600.0,0.0,7200.0,0.0,DRI-EAF,0.0,0.0,7400.0,0.0,,,,mothballed,mothballed
P100000120581,Mobarakeh Steel Hormuzgan Steel Company plant,Mobarakeh Steel Co,Iran,Middle East,"27.1614260, 56.1005800",15.0,Iranian Mines & Mining Industries Development & Renovation Organization,Full,Hormuzgan,Bandar Abbas,exact,DRI; EAF,https://www.gem.wiki/Mobarakeh_Steel_Hormuzgan_Steel_Company_plant,27.161426,56.10058,2011.0,1500.0,,0.0,,0.0,DRI-EAF,1500.0,1500.0,0.0,0.0,1650.0,0.0,1500.0,operating,operating; announced
P100000120612,Mobarakeh Steel Sefid Dasht Steel Complex,Mobarakeh Steel Co,Iran,Middle East,"32.1966900, 51.1841560",10.0,Iranian Mines & Mining Industries Development & Renovation Organization,Full,Chaharmahal and Bakhtiari Province,Shahre Kord,exact,DRI; EAF,https://www.gem.wiki/Mobarakeh_Steel_Sefid_Dasht_Steel_Complex,32.19669,51.184156,2016.0,700.0,,0.0,,0.0,DRI-EAF,1000.0,0.0,0.0,0.0,802.0,0.0,1000.0,operating,operating
P100000121239,Mono Steel Gandhidham plant,Mono Steel (India) Ltd,India,Asia Pacific,"23.3122650, 70.2019530",36.0,Mono Steel (India) Ltd [100.0%],N/A,Gujarat,Gandhidham,exact,BF; DRI; IF,https://www.gem.wiki/Mono_Steel_Gandhidham_plant,23.312265,70.201953,1990.0,,,,,,Mixed (BF-BOF + electric),770.0,0.0,0.0,0.0,255.0,0.0,0.0,operating,operating
P100000120763,Moon Iron & Steel Company Sohar plant,Moon Iron and Steel Company SAOC,Oman,Middle East,"24.4094370, 56.5201340",6.0,Gulf Investment Corp; Oman Development Fund Company SAOC; Sultan Special Force Pension Fund,Partial,Al Batinah North,Sohar,exact,EAF,https://www.gem.wiki/Moon_Iron_&_Steel_Company_Sohar_plant,24.409437,56.520134,2020.0,,0.0,0.0,0.0,0.0,EAF / IF (electric),0.0,0.0,1200.0,0.0,,,,mothballed,mothballed
P100000120778,Mount Zynai Zamboanga Sibugay steel plant,Mount Zynai 0304 Mining Corp,Philippines,Asia Pacific,"7.7169940, 122.9986710",0.0,Mount Zynai 0304 Mining Corp [100.0%],N/A,Mindanao,Zamboanga Sibugay,approximate,Iron other/unspecified; Steel other/unspecified,https://www.gem.wiki/Mount_Zynai_Zamboanga_Sibugay_steel_plant,7.716994,122.998671,2026.0,20000.0,,,,0.0,Other / unspecified,0.0,1500.0,0.0,0.0,,,,construction,construction
P100000120567,MSP Steel & Power Raigarh plant,MSP Steel & Power Ltd,India,Asia Pacific,"21.8767300, 83.5544950",24.0,MSP Steel & Power Ltd [100.0%],Partial,Chhattisgarh,Raigarh,exact,DRI; IF; BF,https://www.gem.wiki/MSP_Steel_&_Power_Raigarh_plant,21.87673,83.554495,2002.0,1073.0,900.0,,1250.0,300.0,DRI-EAF,385.0,788.0,0.0,0.0,375.0,0.0,0.0,operating,operating; announced
P100000121231,Mughal Iron & Steel Industries Lahore plant,Mughal Iron & Steel Industries Ltd,Pakistan,Asia Pacific,"31.6530350, 74.1831490",27.0,Mughal Iron & Steel Industries Ltd [100.0%],N/A,Punjab,Lahore,exact,IF,https://www.gem.wiki/Mughal_Iron_&_Steel_Industries_Lahore_plant,31.653035,74.183149,1999.0,2080.0,,0.0,,0.0,EAF / IF (electric),583.0,0.0,0.0,0.0,0.0,0.0,0.0,operating,operating
P100001062087,Mukand Sumi Special Steel Hospet steel plant,Mukand Sumi Special Steel Ltd,India,Asia Pacific,"15.3289760, 76.2586130",4.55,Jamnalal Sons Pvt Ltd [51.0%]; Sumitomo Corp [49.0%],N/A,Karnataka,Kanakapur,exact,BF; Steel other/unspecified,https://www.gem.wiki/Mukand_Sumi_Special_Steel_Hospet_steel_plant,15.328976,76.258613,2021.0,,,,,,BF-BOF (coal-based),450.0,250.0,0.0,0.0,450.0,0.0,0.0,operating,operating; announced
P100000121156,Myingyan Myanmar steel plant,Myanmar Economic Corp,Myanmar,Asia Pacific,"21.3776520, 95.3720790",,Myanmar Economic Corp [100.0%],Full,Mandalay,Sar Khar,exact,EAF; DRI,https://www.gem.wiki/Myingyan_Myanmar_steel_plant,21.377652,95.372079,,354.0,,,,,EAF / IF (electric),400.0,0.0,0.0,0.0,0.0,0.0,400.0,operating,operating; construction
P100001025672,N R Ispat and Power Raigarh steel plant,NR Ispat and Power Pvt Ltd,India,Asia Pacific,"22.0130860, 83.3303720",18.0,NR Ispat and Power Pvt Ltd [100.0%],N/A,Chhattisgarh,Gourmudi,exact,DRI; IF,https://www.gem.wiki/N_R_Ispat_and_Power_Raigarh_steel_plant,22.013086,83.330372,2008.0,,,0.0,,0.0,DRI-EAF,297.0,415.0,0.0,0.0,456.0,0.0,0.0,operating,operating; announced
P100000120813,Nadezhdinski Metallurgical Plant,UMK-Stal LLC,Russia,Eurasia,"59.5938540, 60.5911960",130.0,Nokomis Select Inc [33.0%]; Tretiy Kod CJSC [32.8%]; Satelait JSC [17.7%]; Assets-M JSC [17.0%],N/A,Sverdlovsk,Serov,exact,BF; EAF,https://www.gem.wiki/Nadezhdinski_Metallurgical_Plant,59.593854,60.591196,1896.0,4400.0,660.0,,,,Mixed (BF-BOF + electric),756.0,0.0,0.0,0.0,365.0,0.0,756.0,operating,operating; mothballed
P100000120678,Nakayama Steel Products Osaka plant,Nakayama Steel Products Co Ltd,Japan,Asia Pacific,"34.6997620, 135.4301190",75.81,Godo Steel Ltd; Kyoei Steel Ltd; MM Construction Materials Co Ltd,N/A,Osaka,Nishijima,exact,EAF,https://www.gem.wiki/Nakayama_Steel_Products_Osaka_plant,34.699762,135.430119,1950.0,195.0,0.0,0.0,0.0,0.0,EAF / IF (electric),600.0,0.0,0.0,0.0,0.0,0.0,600.0,operating,operating
P100000120679,Nakayama Steel Works Osaka,Nakayama Steel Works Ltd,Japan,Asia Pacific,"34.6281620, 135.4596880",97.0,Nakayama Steel Works Ltd [100.0%],N/A,Osaka,Funamachi,exact,EAF,https://www.gem.wiki/Nakayama_Steel_Works_Osaka,34.628162,135.459688,1929.0,434.0,0.0,0.0,0.0,0.0,EAF / IF (electric),600.0,1200.0,0.0,0.0,0.0,0.0,600.0,operating,operating; announced
P100000120190,Nanjing Iron and Steel Co Ltd,Nanjing Iron & Steel Co Ltd,China,Asia Pacific,"32.2007970, 118.7463150",68.0,Nanjing Iron & Steel Co Ltd [100.0%],N/A,Jiangsu,Nanjing,exact,BF; BOF,https://www.gem.wiki/Nanjing_Iron_and_Steel_Co_Ltd,32.200797,118.746315,1958.0,4839.0,,,,,BF-BOF (coal-based),10000.0,0.0,0.0,0.0,8600.0,10000.0,0.0,operating,operating
P100000120165,Nanyang Hanye Special Steel Co Ltd,Nanyang Hanye SPECIAL STREET Co Ltd,China,Asia Pacific,"33.2693240, 111.5346350",23.0,Henan Longcheng Group Co Ltd [100.0%],N/A,Henan,Nanyang,exact,BF; BOF,https://www.gem.wiki/Nanyang_Hanye_Special_Steel_Co_Ltd,33.269324,111.534635,2003.0,3411.0,,,,,BF-BOF (coal-based),3000.0,0.0,0.0,0.0,2244.0,3000.0,0.0,operating,operating
P100000120585,Natanz Steel Company Isfahan plant,Natanz Steel Co,Iran,Middle East,"33.4285930, 51.9822730",25.0,Natanz Steel Co [100.0%],N/A,Isfahan,Natanz,exact,EAF; DRI; IF,https://www.gem.wiki/Natanz_Steel_Company_Isfahan_plant,33.428593,51.982273,2001.0,750.0,,0.0,2000.0,0.0,EAF / IF (electric),733.0,850.0,0.0,0.0,0.0,0.0,733.0,operating,operating; announced
P100000120780,National Steel Complex Limited Karachi steel plant,National Steel Complex Ltd,Pakistan,Asia Pacific,"24.7947790, 67.3530320",13.13,Ciena Group,N/A,Sindh,Karachi,exact,EAF; DRI,https://www.gem.wiki/National_Steel_Complex_Limited_Karachi_steel_plant,24.794779,67.353032,2013.0,,,0.0,,0.0,DRI-EAF,0.0,1280.0,0.0,0.0,,,,announced,announced; mothballed
P100000120540,Neelachal Ispat Nigam steel plant,Neelachal Ispat Nigam Ltd,India,Asia Pacific,"20.9986410, 86.0191020",44.0,Tata Steel Long Products Ltd [92.7%]; Tata Steel Ltd [5.2%]; small shareholder(s) [2.1%],Partial,Odisha,Kalinganagar,exact,BF; BOF,https://www.gem.wiki/Neelachal_Ispat_Nigam_steel_plant,20.998641,86.019102,1982.0,1400.0,1710.0,880.0,,,BF-BOF (coal-based),1100.0,8400.0,0.0,0.0,1100.0,1100.0,0.0,operating,operating; construction; announced
P100001080714,Nemo Industries Ironworks I,Nemo Industries Inc,United States,North America,"30.092838753017322, -90.9539266739139",,Nemo Industries Inc [100.0%],N/A,Louisiana,Donaldsonville,approximate,DRI; EAF,https://www.gem.wiki/Nemo_Industries_Ironworks_I,30.09283875301732,-90.9539266739139,2030.0,350.0,,0.0,,0.0,DRI-EAF,0.0,,0.0,0.0,,,,announced,announced
P100000120611,Neyriz Ghadir Steel Company Fars plant,Neyriz Ghadir Steel Co,Iran,Middle East,"29.1680870, 54.6214870",8.0,Ghadir Investment Company PJSC [65.0%]; Iranian Mines & Mining Industries Development & Renovation Organization [35.0%],Partial,Fars,Neyriz,exact,DRI; EAF,https://www.gem.wiki/Neyriz_Ghadir_Steel_Company_Fars_plant,29.168087,54.621487,2018.0,1100.0,,0.0,2500.0,0.0,DRI-EAF,1000.0,0.0,0.0,0.0,800.0,0.0,1000.0,operating,operating
P100000121165,Nilachal Iron & Power Gamharia steel plant,Nilachal Iron & Power Ltd,India,Asia Pacific,"22.8748630, 86.0636460",24.0,Nilachal Iron & Power Ltd [100.0%],N/A,Jharkhand,Gamharia,exact,DRI; IF,https://www.gem.wiki/Nilachal_Iron_&_Power_Gamharia_steel_plant,22.874863,86.063646,2002.0,1552.0,,0.0,,0.0,DRI-EAF,99.0,200.0,0.0,0.0,379.0,0.0,0.0,operating,operating; construction; announced; cancelled
P100000120400,Ningbo Haoyang New Materials Techonology Co Ltd,Ningbo Haoyang New MATERIALS Techonology Co Ltd,China,Asia Pacific,"30.2671130, 121.0525030",6.39,Ningbo Haoyang New MATERIALS Techonology Co Ltd [100.0%],N/A,Zhejiang,Binhai New Town,exact,EAF,https://www.gem.wiki/Ningbo_Haoyang_New_Materials_Techonology_Co_Ltd,30.267113,121.052503,2019.0,400.0,0.0,0.0,0.0,0.0,EAF / IF (electric),500.0,0.0,0.0,0.0,0.0,0.0,500.0,operating,operating
P100000120305,Ningbo Iron and Steel Co Ltd,Ningbo Iron & Steel Co Ltd,China,Asia Pacific,"29.9187760, 121.8764230",23.1,Hang Zhou Iron & Steel Co Ltd [100.0%],N/A,Zhejiang,unknown,exact,BF; BOF,https://www.gem.wiki/Ningbo_Iron_and_Steel_Co_Ltd,29.918776,121.876423,2003.0,2979.0,4402.0,756.0,,,BF-BOF (coal-based),3999.0,0.0,0.0,0.0,4260.0,3999.0,0.0,operating,operating; retired
P100000121148,Ningxia Boyu Hongxing Special Steel Group Co,Ningxia Boyu Hongxing Special Steel Group Co Ltd,China,Asia Pacific,"39.2738320, 106.7514600",19.14,Ningxia Boyu Hongxing Special Steel Group Co Ltd [100.0%],N/A,Ningxia,unknown,exact,BF; BOF,https://www.gem.wiki/Ningxia_Boyu_Hongxing_Special_Steel_Group_Co,39.273832,106.75146,2000.0,,,,,,BF-BOF (coal-based),0.0,0.0,0.0,1520.0,,,,retired,retired
P100000120232,Ningxia Iron and Steel Group Co Ltd,Ningxia Iron and Steel (Group) Co Ltd,China,Asia Pacific,"37.5030540, 105.0783480",68.0,Ningxia Haofeng Weiye Steel Co Ltd [79.0%]; natural person(s) [21.0%],N/A,Ningxia,Meili Industrial Park,exact,BF; BOF,https://www.gem.wiki/Ningxia_Iron_and_Steel_Group_Co_Ltd,37.503054,105.078348,1958.0,944.0,,,,,BF-BOF (coal-based),1800.0,0.0,0.0,0.0,2590.0,1800.0,0.0,operating,operating; retired
P100000121052,Ningxia Jianlong Special Steel Co Ltd,Ningxia Jianlong Special Steel Co Ltd,China,Asia Pacific,"39.2154520, 106.6882940",13.84,Beijing Jianlong Investment Co Ltd [90.2%]; unknown [9.8%],N/A,Ningxia,Hongguozi Industrial Park,exact,BF; BOF,https://www.gem.wiki/Ningxia_Jianlong_Special_Steel_Co_Ltd,39.215452,106.688294,2012.0,2249.0,6000.0,1300.0,,,BF-BOF (coal-based),3500.0,0.0,0.0,0.0,3501.0,3500.0,0.0,operating,operating
P100000120411,Ningxia Xinghua Iron and Steel Co Ltd,Ningxia Xinghua Iron and Steel Co Ltd,China,Asia Pacific,"39.3095710, 106.7909300",4.22,Fujian Longgang New Materials Co Ltd [100.0%],N/A,Ningxia,Shizuishan Industrial Park,exact,BF; BOF,https://www.gem.wiki/Ningxia_Xinghua_Iron_and_Steel_Co_Ltd,39.309571,106.79093,2021.0,719.0,,,,,BF-BOF (coal-based),1500.0,0.0,0.0,0.0,1370.0,1500.0,0.0,operating,operating
P100000120859,Nippon Chonburi steel plant,G J Steel PCL,Thailand,Asia Pacific,"13.0546680, 101.0788420",31.0,G J Steel PCL [100.0%],N/A,Chonburi,Sriracha,exact,EAF,https://www.gem.wiki/Nippon_Chonburi_steel_plant,13.054668,101.078842,1995.0,804.0,0.0,0.0,0.0,0.0,EAF / IF (electric),1500.0,0.0,0.0,0.0,0.0,0.0,1500.0,operating,operating
P100000120664,Nippon East Japan Works (Kashima) steel plant,Nippon Steel Corp,Japan,Asia Pacific,"35.9343700, 140.6810190",58.0,Nippon Steel Corp [100.0%],N/A,Ibaraki,Kashima,exact,BF; BOF,https://www.gem.wiki/Nippon_East_Japan_Works_(Kashima)_steel_plant,35.93437,140.681019,1968.0,3042.0,,920.0,,,BF-BOF (coal-based),5918.0,0.0,0.0,1243.0,4896.0,5918.0,0.0,operating,operating; operating pre-retirement; retired
P100000120659,Nippon East Japan Works (Kimitsu) steel plant,Nippon Steel Corp,Japan,Asia Pacific,"35.3609120, 139.8819530",61.0,Nippon Steel Corp [100.0%],N/A,Chiba,Kimitsu,exact,BF; BOF,https://www.gem.wiki/Nippon_East_Japan_Works_(Kimitsu)_steel_plant,35.360912,139.881953,1965.0,3547.0,13200.0,1800.0,,,BF-BOF (coal-based),10001.0,0.0,0.0,0.0,9200.0,10001.0,0.0,operating,operating
P100000120666,"Nippon Kansai Works (Wakayama Area, Wakayama) steel plant",Nippon Steel Corp,Japan,Asia Pacific,"34.2335190, 135.1354430",84.0,Nippon Steel Corp [100.0%],N/A,Kansai,Wakayama,exact,BF; BOF; EAF,"https://www.gem.wiki/Nippon_Kansai_Works_(Wakayama_Area,_Wakayama)_steel_plant",34.233519,135.135443,1942.0,5051.0,,,,,Mixed (BF-BOF + electric),3043.0,0.0,0.0,0.0,2500.0,2760.0,283.0,operating,operating; retired
P100000120662,"Nippon Kyushu Works (Oita Area, Oita) steel plant",Nippon Steel Corp,Japan,Asia Pacific,"33.2608290, 131.6455270",54.72,Nippon Steel Corp [100.0%],N/A,Oita,Oita,exact,BF; BOF,"https://www.gem.wiki/Nippon_Kyushu_Works_(Oita_Area,_Oita)_steel_plant",33.260829,131.645527,1971.0,2083.0,7358.0,,,,BF-BOF (coal-based),9999.0,0.0,0.0,0.0,10564.0,9999.0,0.0,operating,operating
P100000120665,"Nippon Kyushu Works (Yawata Area, Kokura) steel plant",Nippon Steel Corp,Japan,Asia Pacific,"33.8977100, 130.8824350",69.0,Nippon Steel Corp [100.0%],N/A,Fukuoka,Kitakyushu,exact,BF; BOF,"https://www.gem.wiki/Nippon_Kyushu_Works_(Yawata_Area,_Kokura)_steel_plant",33.89771,130.882435,1957.0,1789.0,,,,,BF-BOF (coal-based),0.0,0.0,0.0,2000.0,,,,retired,retired
P100000120663,"Nippon Kyushu Works (Yawata Area, Tobata) steel plant",Nippon Steel Corp,Japan,Asia Pacific,"33.9118030, 130.8380140",125.0,Nippon Steel Corp [100.0%],N/A,Fukuoka,Kitakyushu,exact,BF; EAF; BOF,"https://www.gem.wiki/Nippon_Kyushu_Works_(Yawata_Area,_Tobata)_steel_plant",33.911803,130.838014,1901.0,1789.0,,,,,BF-BOF (coal-based),3726.0,2000.0,0.0,0.0,4543.0,3726.0,0.0,operating,operating; operating pre-retirement; announced
P100000120661,Nippon Nagoya steel plant,Nippon Steel Corp,Japan,Asia Pacific,"35.0275750, 136.8705520",65.0,Nippon Steel Corp [100.0%],N/A,Aichi,Tokai,exact,BF; BOF,https://www.gem.wiki/Nippon_Nagoya_steel_plant,35.027575,136.870552,1961.0,3183.0,,800.0,,,BF-BOF (coal-based),6000.0,0.0,0.0,0.0,9466.0,6000.0,0.0,operating,operating
P100000120858,Nippon Rayong Steel plant,G Steel PCL,Thailand,Asia Pacific,"12.7937860, 101.2445920",27.0,Nippon Steel Corp [60.2%]; small shareholder(s) [12.8%]; natural person(s) [12.4%]; UOB Kay Hian Pte Ltd [7.5%]; Superior Overseas (Thailand) Co Ltd [7.0%],N/A,Rayong,Nonglalog,exact,EAF,https://www.gem.wiki/Nippon_Rayong_Steel_plant,12.793786,101.244592,1999.0,662.0,0.0,0.0,0.0,,EAF / IF (electric),1800.0,0.0,0.0,0.0,0.0,0.0,1800.0,operating,operating
P100000120667,Nippon Sanyo Special Steel,Sanyo Special Steel Co Ltd,Japan,Asia Pacific,"34.7880740, 134.6720460",91.0,Nippon Steel Corp [53.1%]; Mitsubishi UFJ Financial Group Inc [3.2%]; Nippon Life Insurance Co [2.3%]; Sumitomo Mitsui Trust Holdings Inc [2.0%]; Mizuho Financial Group Inc [1.6%]; Resona Bank Ltd [1.0%]; Meiji Yasuda Life Insurance Co [0.7%]; Norinchukin Bank [0.7%]; small shareholder(s) [0.6%]; The Dai-ichi Life Insurance Co Ltd [0.5%]; Asahi Mutual Life Insurance Co [0.3%],N/A,Hyogo,Himeji,exact,EAF,https://www.gem.wiki/Nippon_Sanyo_Special_Steel,34.788074,134.672046,1935.0,1623.0,0.0,0.0,0.0,0.0,EAF / IF (electric),1596.0,0.0,0.0,0.0,0.0,0.0,1596.0,operating,operating
P100000120658,Nippon Setouchi Works (Hirohata Area) steel plant,Nippon Steel Corp,Japan,Asia Pacific,"34.7868790, 134.6253010",87.0,Nippon Steel Corp [100.0%],N/A,Hyogo,Himeji,exact,DRI; EAF; BOF,https://www.gem.wiki/Nippon_Setouchi_Works_(Hirohata_Area)_steel_plant,34.786879,134.625301,1939.0,1351.0,,0.0,,0.0,Mixed (BF-BOF + electric),3536.0,500.0,0.0,0.0,570.0,2816.0,720.0,operating,operating; operating pre-retirement; announced
P100000120657,Nippon Setouchi Works (Kure Area) steel plant,Nippon Steel Corp,Japan,Asia Pacific,"34.2211720, 132.5401040",72.74,Nippon Steel Corp [100.0%],N/A,Hiroshima,Kure,exact,BF; BOF,https://www.gem.wiki/Nippon_Setouchi_Works_(Kure_Area)_steel_plant,34.221172,132.540104,1951.0,2816.0,,,,,BF-BOF (coal-based),0.0,0.0,0.0,3500.0,,,,retired,retired
P100001041253,Nippon Stainless Steel Yamaguchi Works (Hikari Area) steel plant,Nippon Steel Stainless Steel Corp,Japan,Asia Pacific,"33.9646610, 131.9354030",71.0,Nippon Steel Stainless Steel Corp [100.0%],N/A,Yamaguchi,Hikari,exact,EAF,https://www.gem.wiki/Nippon_Stainless_Steel_Yamaguchi_Works_(Hikari_Area)_steel_plant,33.964661,131.935403,1955.0,,0.0,0.0,0.0,0.0,EAF / IF (electric),500.0,0.0,0.0,0.0,0.0,0.0,500.0,operating,operating
P100001041252,Nippon Stainless Steel Yamaguchi Works (Shunan Area) steel plant,Nippon Steel Stainless Steel Corp,Japan,Asia Pacific,"34.0590090, 131.7772210",68.0,Nippon Steel Stainless Steel Corp [100.0%],N/A,Yamaguchi,Shunan,exact,EAF,https://www.gem.wiki/Nippon_Stainless_Steel_Yamaguchi_Works_(Shunan_Area)_steel_plant,34.059009,131.777221,1958.0,,0.0,0.0,0.0,0.0,EAF / IF (electric),866.0,0.0,433.0,0.0,0.0,0.0,866.0,operating,operating; mothballed
P100000120976,NLMK Indiana steel plant,NLMK Indiana LLC,United States,North America,"41.6259120, -87.1599890",34.0,Novolipetsk Steel PJSC,N/A,Indiana,Portage,exact,EAF,https://www.gem.wiki/NLMK_Indiana_steel_plant,41.625912,-87.159989,1992.0,1100.0,0.0,0.0,0.0,0.0,EAF / IF (electric),770.0,0.0,0.0,0.0,0.0,0.0,770.0,operating,operating
P100000120808,NLMK Lipetsk steel plant,Novolipetsk Steel PJSC,Russia,Eurasia,"52.5573720, 39.6295740",92.0,Novolipetsk Steel PJSC [100.0%],N/A,Lipetsk,Lipetsk,exact,BF; BOF,https://www.gem.wiki/NLMK_Lipetsk_steel_plant,52.557372,39.629574,1934.0,27000.0,15000.0,2745.0,0.0,0.0,BF-BOF (coal-based),14400.0,0.0,0.0,0.0,14200.0,14400.0,0.0,operating,operating
P100000121250,NLMK Stoilensky iron plant,Stoylenskiy Gorno-Obogatitel'nyi Kombinat JSC,Russia,Eurasia,"51.2439640, 37.7834980",,Novolipetsk Steel PJSC [100.0%],N/A,Belgorod,Stary Oskol,exact,DRI,https://www.gem.wiki/NLMK_Stoilensky_iron_plant,51.243964,37.783498,2028.0,1300.0,,,9000.0,,DRI (ironmaking only),0.0,0.0,0.0,0.0,,,,announced,announced
P100000120548,NMDC Karnataka steel plant,NMDC Steel Ltd,India,Asia Pacific,"15.1862880, 76.9165910",,NMDC Steel Ltd [100.0%],Partial,Karnataka,Bellary Taluk,approximate,BOF,https://www.gem.wiki/NMDC_Karnataka_steel_plant,15.186288,76.916591,2030.0,,,,,0.0,BF-BOF (coal-based),0.0,0.0,0.0,3000.0,,,,cancelled,cancelled
P100000120523,NMDC Nagarnar steel plant,NMDC Steel Ltd,India,Asia Pacific,"19.0931901, 82.1700000",2.47,NMDC Steel Ltd [100.0%],Partial,Chhattisgarh,Nagarnar,exact,BF; BOF,https://www.gem.wiki/NMDC_Nagarnar_steel_plant,19.0931901,82.17,2023.0,5596.0,4663.0,1763.0,2000.0,0.0,BF-BOF (coal-based),3000.0,0.0,0.0,0.0,3321.0,3000.0,0.0,operating,operating
P100000120936,North American Stainless Ghent steel plant,North American Stainless Inc,United States,North America,"38.7254180, -85.0760150",36.0,Acerinox SA [100.0%],N/A,Kentucky,Ghent,exact,EAF,https://www.gem.wiki/North_American_Stainless_Ghent_steel_plant,38.725418,-85.076015,1990.0,1670.0,0.0,0.0,0.0,0.0,EAF / IF (electric),1600.0,0.0,0.0,0.0,0.0,0.0,1600.0,operating,operating
P100000120660,North Nippon Muroran Works steel plant,Nippon Steel Corp,Japan,Asia Pacific,"42.3418730, 140.9978030",117.0,Nippon Steel Corp [100.0%],N/A,Hokkaidō,Muroran,exact,BF; BOF; EAF,https://www.gem.wiki/North_Nippon_Muroran_Works_steel_plant,42.341873,140.997803,1909.0,1026.0,,,,,Mixed (BF-BOF + electric),2200.0,0.0,0.0,0.0,1240.0,1500.0,700.0,operating,operating
P100001064486,North West Steel Industries Ariq plant,North West Steel Industries Co,Iran,Middle East,"37.127089, 46.173450",9.0,North West Steel Industries Co [100.0%],N/A,East Azerbaijan,Malekan,exact,DRI; EAF,https://www.gem.wiki/North_West_Steel_Industries_Ariq_plant,37.127089,46.17345,2017.0,1000.0,,0.0,,0.0,DRI-EAF,800.0,0.0,0.0,0.0,800.0,0.0,800.0,operating,operating
P100000120420,Nová Hut Ostrava steel plant,Nová Huť sro,Czech Republic,Europe,"49.7921390, 18.3098750",74.0,SPV NH Ostrava sro [100.0%],N/A,Moravia-Silesia,Ostrava-Kunčice,exact,EAF; BF; BOF,https://www.gem.wiki/Nová_Hut_Ostrava_steel_plant,49.792139,18.309875,1952.0,6000.0,,1200.0,0.0,0.0,Mixed (BF-BOF + electric),0.0,3500.0,0.0,3600.0,,,,construction,construction; retired
P100000121234,Novasco Hagondange steel plant,Novasco BV,France,Europe,"49.2414920, 6.1526310",113.83,Greybull Capital,N/A,Moselle,Hagondange,exact,EAF,https://www.gem.wiki/Novasco_Hagondange_steel_plant,49.241492,6.152631,1912.0,450.0,0.0,0.0,0.0,0.0,EAF / IF (electric),0.0,0.0,0.0,825.0,,,,retired,retired
P100000121158,Novorossiysk Rolling Plant Rostov,Novorossiysk Rolling Plant LLC,Russia,Eurasia,"47.7404570, 40.1894450",19.0,Novostal LLC [98.9%],N/A,Rostov,Shakhty,exact,EAF,https://www.gem.wiki/Novorossiysk_Rolling_Plant_Rostov,47.740457,40.189445,2007.0,1546.0,0.0,0.0,0.0,0.0,EAF / IF (electric),830.0,270.0,0.0,0.0,0.0,0.0,830.0,operating,operating; announced
P100000120895,Nu-Iron Unlimited Point Lisas DRI plant,Nu-Iron Unlimited,Trinidad and Tobago,Central & South America,"10.3991380, -61.4863260",19.14,Nucor Corp [100.0%],N/A,Couva,Point Lisas,exact,DRI,https://www.gem.wiki/Nu-Iron_Unlimited_Point_Lisas_DRI_plant,10.399138,-61.486326,2006.0,8000.0,,0.0,,0.0,DRI (ironmaking only),0.0,0.0,0.0,0.0,2000.0,0.0,0.0,operating,operating
P100000120938,Nucor Steel Berkeley plant,Nucor Corp,United States,North America,"33.0043190, -79.8809550",30.0,Nucor Corp [100.0%],N/A,South Carolina,Huger,exact,EAF,https://www.gem.wiki/Nucor_Steel_Berkeley_plant,33.004319,-79.880955,1996.0,975.0,0.0,0.0,0.0,0.0,EAF / IF (electric),2956.0,0.0,0.0,0.0,0.0,0.0,2956.0,operating,operating
P100000121155,Nucor Steel Birmingham plant,Nucor Corp,United States,North America,"33.5455350, -86.8053930",43.0,Nucor Corp [100.0%],N/A,Alabama,Birmingham,exact,EAF,https://www.gem.wiki/Nucor_Steel_Birmingham_plant,33.545535,-86.805393,1983.0,250.0,0.0,0.0,0.0,0.0,EAF / IF (electric),500.0,0.0,0.0,0.0,0.0,0.0,500.0,operating,operating
P100000120953,Nucor Steel Brandenburg plant,Nucor Corp,United States,North America,"37.9999454, -86.1398738",4.0,Nucor Corp [100.0%],N/A,Kentucky,Brandenburg,exact,EAF,https://www.gem.wiki/Nucor_Steel_Brandenburg_plant,37.9999454,-86.1398738,2022.0,400.0,0.0,0.0,0.0,0.0,EAF / IF (electric),1450.0,0.0,0.0,0.0,0.0,0.0,1450.0,operating,operating
P100000120939,Nucor Steel Crawfordsville plant,Nucor Corp,United States,North America,"39.9763790, -86.8307270",37.0,Nucor Corp [100.0%],N/A,Indiana,Crawfordsville,exact,EAF,https://www.gem.wiki/Nucor_Steel_Crawfordsville_plant,39.976379,-86.830727,1989.0,850.0,0.0,0.0,0.0,0.0,EAF / IF (electric),2304.0,0.0,0.0,0.0,0.0,0.0,2304.0,operating,operating
P100000120940,Nucor Steel Darlington plant,Nucor Corp,United States,North America,"34.3756280, -79.8951650",57.0,Nucor Corp [100.0%],N/A,South Carolina,Darlington,exact,EAF,https://www.gem.wiki/Nucor_Steel_Darlington_plant,34.375628,-79.895165,1969.0,470.0,0.0,0.0,0.0,0.0,EAF / IF (electric),910.0,0.0,0.0,0.0,0.0,0.0,910.0,operating,operating
P100000120945,Nucor Steel Decatur plant,Nucor Steel Decatur LLC,United States,North America,"34.6396300, -87.0857380",29.0,Nucor Corp [100.0%],N/A,Alabama,Trinity,exact,EAF,https://www.gem.wiki/Nucor_Steel_Decatur_plant,34.63963,-87.085738,1997.0,696.0,0.0,0.0,0.0,0.0,EAF / IF (electric),3100.0,0.0,0.0,0.0,0.0,0.0,3100.0,operating,operating
P100000120946,Nucor Steel Gallatin plant,Nucor Corp,United States,North America,"38.7598780, -84.9962040",31.0,Nucor Corp [100.0%],N/A,Kentucky,Ghent,exact,EAF,https://www.gem.wiki/Nucor_Steel_Gallatin_plant,38.759878,-84.996204,1995.0,700.0,0.0,0.0,0.0,0.0,EAF / IF (electric),2722.0,0.0,0.0,0.0,0.0,0.0,2722.0,operating,operating
P100000120941,Nucor Steel Hertford plant,Nucor Corp,United States,North America,"36.3530060, -76.8114710",26.0,Nucor Corp [100.0%],N/A,North Carolina,Cofield,exact,EAF,https://www.gem.wiki/Nucor_Steel_Hertford_plant,36.353006,-76.811471,2000.0,500.0,0.0,0.0,0.0,0.0,EAF / IF (electric),1542.0,0.0,0.0,0.0,0.0,0.0,1542.0,operating,operating
P100000120942,Nucor Steel Hickman plant,Nucor Corp,United States,North America,"35.9011620, -89.7761900",34.0,Nucor Corp [100.0%],N/A,Arkansas,Armorel,exact,EAF,https://www.gem.wiki/Nucor_Steel_Hickman_plant,35.901162,-89.77619,1992.0,926.0,0.0,0.0,0.0,0.0,EAF / IF (electric),2450.0,0.0,0.0,0.0,0.0,0.0,2450.0,operating,operating
P100000120948,Nucor Steel Jewett plant,Nucor Corp,United States,North America,"31.3518530, -96.1654360",51.0,Nucor Corp [100.0%],N/A,Texas,Jewett,exact,EAF,https://www.gem.wiki/Nucor_Steel_Jewett_plant,31.351853,-96.165436,1975.0,400.0,0.0,0.0,0.0,0.0,EAF / IF (electric),907.0,0.0,0.0,0.0,0.0,0.0,907.0,operating,operating
P100000120947,Nucor Steel Kankakee plant,Nucor Steel Kankakee Inc,United States,North America,"41.1807340, -87.8561960",65.0,Nucor Corp [100.0%],N/A,Illinois,Bourbonnais,exact,EAF,https://www.gem.wiki/Nucor_Steel_Kankakee_plant,41.180734,-87.856196,1961.0,350.0,0.0,0.0,0.0,0.0,EAF / IF (electric),794.0,0.0,0.0,0.0,0.0,0.0,794.0,operating,operating
P100000121000,Nucor Steel Kingman plant,Nucor Steel Kingman LLC,United States,North America,"35.1431920, -114.0895680",0.39,Nucor Corp [100.0%],N/A,Arizona,Kingman,exact,EAF,https://www.gem.wiki/Nucor_Steel_Kingman_plant,35.143192,-114.089568,2025.0,140.0,0.0,0.0,0.0,0.0,EAF / IF (electric),572.0,0.0,0.0,0.0,0.0,0.0,572.0,operating,operating
P100000120987,Nucor Steel Louisiana,Nucor Steel Louisiana LLC,United States,North America,"30.0766930, -90.8599530",13.0,Nucor Corp [100.0%],N/A,Louisiana,Convent,exact,DRI,https://www.gem.wiki/Nucor_Steel_Louisiana,30.076693,-90.859953,2013.0,170.0,,0.0,,0.0,DRI (ironmaking only),0.0,0.0,0.0,0.0,2500.0,0.0,0.0,operating,operating
P100000120944,Nucor Steel Memphis plant,Nucor Steel Memphis Inc,United States,North America,"35.0483950, -90.1630330",18.0,Nucor Corp [100.0%],N/A,Tennessee,Memphis,exact,EAF,https://www.gem.wiki/Nucor_Steel_Memphis_plant,35.048395,-90.163033,2008.0,450.0,0.0,0.0,0.0,0.0,EAF / IF (electric),891.0,0.0,0.0,0.0,0.0,0.0,891.0,operating,operating
P100000120943,Nucor Steel Norfolk plant,Nucor Corp,United States,North America,"42.0789080, -97.3608540",47.0,Nucor Corp [100.0%],N/A,Nebraska,Norfolk,exact,EAF,https://www.gem.wiki/Nucor_Steel_Norfolk_plant,42.078908,-97.360854,1979.0,500.0,0.0,0.0,0.0,0.0,EAF / IF (electric),1088.0,0.0,0.0,0.0,0.0,0.0,1088.0,operating,operating
P100000121221,Nucor Steel Pacific Northwest steel plant,Nucor Corp,United States,North America,"47.5695970, -122.3673950",,Nucor Corp [100.0%],N/A,unknown,unknown,approximate,EAF,https://www.gem.wiki/Nucor_Steel_Pacific_Northwest_steel_plant,47.569597,-122.367395,,,0.0,0.0,0.0,0.0,EAF / IF (electric),0.0,0.0,0.0,650.0,,,,cancelled,cancelled
P100000120951,Nucor Steel Plymouth plant,Nucor Corp,United States,North America,"41.8827890, -112.1967430",45.0,Nucor Corp [100.0%],N/A,Utah,Plymouth,exact,EAF,https://www.gem.wiki/Nucor_Steel_Plymouth_plant,41.882789,-112.196743,1981.0,100.0,0.0,0.0,0.0,0.0,EAF / IF (electric),908.0,0.0,0.0,0.0,0.0,0.0,908.0,operating,operating
P100000120952,Nucor Steel Seattle plant,Nucor Steel Seattle Inc,United States,North America,"47.5695970, -122.3673950",122.0,Nucor Corp,N/A,Washington,Seattle,exact,EAF,https://www.gem.wiki/Nucor_Steel_Seattle_plant,47.569597,-122.367395,1904.0,320.0,0.0,0.0,0.0,0.0,EAF / IF (electric),855.0,0.0,0.0,0.0,0.0,0.0,855.0,operating,operating
P100000120950,Nucor Steel Tuscaloosa plant,Nucor Steel Tuscaloosa Inc,United States,North America,"33.2347610, -87.5084980",41.0,Nucor Corp [100.0%],N/A,Alabama,Tuscaloosa,exact,EAF,https://www.gem.wiki/Nucor_Steel_Tuscaloosa_plant,33.234761,-87.508498,1985.0,345.0,0.0,0.0,0.0,0.0,EAF / IF (electric),1200.0,0.0,0.0,0.0,0.0,0.0,1200.0,operating,operating
P100000120988,Nucor Steel West Virginia steel plant,Nucor Corp,United States,North America,"38.6477290, -82.1758750",,Nucor Corp [100.0%],N/A,West Virginia,Mason County,exact,EAF,https://www.gem.wiki/Nucor_Steel_West_Virginia_steel_plant,38.647729,-82.175875,2027.0,800.0,0.0,0.0,0.0,0.0,EAF / IF (electric),0.0,3000.0,0.0,0.0,,,,construction,construction
P100000120949,Nucor-Yamato Steel Blytheville plant,Nucor Yamato Steel Co,United States,North America,"35.9414210, -89.7138190",38.0,Nucor Corp [51.0%]; Yamato Kogyo Co Ltd [49.0%],N/A,Arkansas,Blytheville,exact,EAF,https://www.gem.wiki/Nucor-Yamato_Steel_Blytheville_plant,35.941421,-89.713819,1988.0,750.0,0.0,0.0,0.0,0.0,EAF / IF (electric),3174.0,0.0,0.0,0.0,0.0,0.0,3174.0,operating,operating
P100000120831,OMK Vyksa Casting and Rolling Complex,Vyksunskiy Metallurgicheskiy Zavod AO,Russia,Eurasia,"55.3828150, 42.1889540",268.99,Nezavisimaya Registratorskaya Kompaniya R.O.S.T. JSC,N/A,Nizhny Novgorod,Vyksa,exact,EAF,https://www.gem.wiki/OMK_Vyksa_Casting_and_Rolling_Complex,55.382815,42.188954,1757.0,17105.0,0.0,0.0,0.0,0.0,EAF / IF (electric),1400.0,0.0,0.0,0.0,0.0,0.0,1400.0,operating,operating
P100000120975,Optimus Steel Beaumont plant,Optimus Steel LLC,United States,North America,"30.0820100, -94.0746940",50.0,Aceros Turia Inc,N/A,Texas,Beaumont,exact,EAF,https://www.gem.wiki/Optimus_Steel_Beaumont_plant,30.08201,-94.074694,1976.0,311.0,0.0,0.0,0.0,0.0,EAF / IF (electric),750.0,0.0,0.0,0.0,0.0,0.0,750.0,operating,operating
P100000120631,Ori Martin Brescia steel plant,ORI Martin - Acciaieria e Ferriera di Brescia SpA,Italy,Europe,"45.5660540, 10.2147000",93.0,ORI Martin Holding SRL,N/A,Province of Brescia,Brescia,exact,EAF,https://www.gem.wiki/Ori_Martin_Brescia_steel_plant,45.566054,10.2147,1933.0,480.0,0.0,0.0,0.0,0.0,EAF / IF (electric),650.0,0.0,0.0,0.0,0.0,0.0,650.0,operating,operating
P100000120930,Orion Pueblo steel plant,Orion Steel Group LLC,United States,North America,"38.2257700, -104.6078950",145.0,Atlas Holdings LLC,N/A,Colorado,Pueblo,exact,EAF,https://www.gem.wiki/Orion_Pueblo_steel_plant,38.22577,-104.607895,1881.0,434.0,0.0,0.0,0.0,0.0,EAF / IF (electric),1100.0,0.0,0.0,0.0,0.0,0.0,1100.0,operating,operating
P100000120060,Orion Regina Steel plant,Orion Steel Group LLC,Canada,North America,"50.5149900, -104.6305890",65.0,Atlas Holdings LLC,N/A,Saskatchewan,Regina,exact,EAF,https://www.gem.wiki/Orion_Regina_Steel_plant,50.51499,-104.630589,1961.0,1200.0,0.0,0.0,0.0,0.0,EAF / IF (electric),1300.0,0.0,0.0,0.0,0.0,0.0,1300.0,operating,operating
P100000121188,Orissa Alloy Steel Kharagpur Plant,Orissa Metaliks Pvt Ltd,India,Asia Pacific,"22.3642580, 87.3090470",5.0,small shareholder(s) [28.7%]; Cimmco Vinimay Pvt Ltd [16.6%]; Rashmi Iron Industries Pvt Ltd [9.1%]; Newera Commotrade Pvt Ltd [6.6%]; Rashmi Infrastructure Pvt Ltd [6.0%]; Bholebaba Consultants LLP [5.8%]; Rashmi Cement Ltd [5.7%]; Daffodil Plaza Pvt Ltd [5.7%]; Optimist Commosale Pvt Ltd [5.5%]; Rashidhan Sales Pvt Ltd [5.2%]; Rashmi Metaliks Ltd [5.0%]; natural person(s) [0.1%],N/A,West Bengal,Kharagpur,exact,DRI; IF; BF,https://www.gem.wiki/Orissa_Alloy_Steel_Kharagpur_Plant,22.364258,87.309047,2021.0,3000.0,840.0,500.0,11000.0,,DRI-EAF,550.0,1243.0,0.0,0.0,744.0,0.0,0.0,operating,operating; construction; announced
P100000121187,Orissa Metaliks Kharagpur steel plant,Orissa Metaliks Pvt Ltd,India,Asia Pacific,"22.3783550, 87.2817730",9.0,small shareholder(s) [28.7%]; Cimmco Vinimay Pvt Ltd [16.6%]; Rashmi Iron Industries Pvt Ltd [9.1%]; Newera Commotrade Pvt Ltd [6.6%]; Rashmi Infrastructure Pvt Ltd [6.0%]; Bholebaba Consultants LLP [5.8%]; Rashmi Cement Ltd [5.7%]; Daffodil Plaza Pvt Ltd [5.7%]; Optimist Commosale Pvt Ltd [5.5%]; Rashidhan Sales Pvt Ltd [5.2%]; Rashmi Metaliks Ltd [5.0%]; natural person(s) [0.1%],N/A,West Bengal,Kharagpur,exact,BF; DRI; IF,https://www.gem.wiki/Orissa_Metaliks_Kharagpur_steel_plant,22.378355,87.281773,2017.0,,,60.0,2200.0,,Mixed (BF-BOF + electric),900.0,0.0,0.0,0.0,1229.0,0.0,0.0,operating,operating
P100000120566,Orissa Metaliks Markuta steel plant,Orissa Metaliks Pvt Ltd,India,Asia Pacific,"21.8567470, 83.9662440",18.0,small shareholder(s) [28.7%]; Cimmco Vinimay Pvt Ltd [16.6%]; Rashmi Iron Industries Pvt Ltd [9.1%]; Newera Commotrade Pvt Ltd [6.6%]; Rashmi Infrastructure Pvt Ltd [6.0%]; Bholebaba Consultants LLP [5.8%]; Rashmi Cement Ltd [5.7%]; Daffodil Plaza Pvt Ltd [5.7%]; Optimist Commosale Pvt Ltd [5.5%]; Rashidhan Sales Pvt Ltd [5.2%]; Rashmi Metaliks Ltd [5.0%]; natural person(s) [0.1%],N/A,Odisha,Markuta,exact,BF; DRI; IF; BOF,https://www.gem.wiki/Orissa_Metaliks_Markuta_steel_plant,21.856747,83.966244,2008.0,1100.0,460.0,240.0,600.0,,Mixed (BF-BOF + electric),600.0,1860.0,0.0,0.0,1170.0,0.0,0.0,operating,operating; announced
P100000120563,Orissa Sponge Iron and Steel plant,Orissa Sponge Iron and Steel Ltd,India,Asia Pacific,"21.8019940, 85.5675100",31.0,Orissa Sponge Iron and Steel Ltd [100.0%],Partial,Odisha,Palaspanga,exact,DRI; IF,https://www.gem.wiki/Orissa_Sponge_Iron_and_Steel_plant,21.801994,85.56751,1995.0,186.0,,,,0.0,DRI-EAF,101.0,600.0,0.0,0.0,250.0,0.0,0.0,operating,operating; announced
P100000121189,Orissa Steel and Power Jhargram steel plant,Orissa Steel & Power Pvt Ltd,India,Asia Pacific,"22.3591000, 87.0171840",,Rashmi Cement Ltd [100.0%],N/A,West Bengal,Jhargram,exact,DRI; EAF; IF,https://www.gem.wiki/Orissa_Steel_and_Power_Jhargram_steel_plant,22.3591,87.017184,,,,0.0,6400.0,0.0,DRI-EAF,0.0,1804.0,0.0,0.0,,,,announced,announced
P100000120677,Osaka Steel Sakai Works,Osaka Steel Co Ltd,Japan,Asia Pacific,"34.5982200, 135.4543900",76.0,Osaka Steel Co Ltd [100.0%],N/A,Osaka,Sakai,exact,EAF,https://www.gem.wiki/Osaka_Steel_Sakai_Works,34.59822,135.45439,1950.0,328.0,0.0,0.0,0.0,0.0,EAF / IF (electric),4650.0,0.0,0.0,0.0,0.0,0.0,4650.0,operating,operating
P100000120799,Otelu Rosu steel plant,UMB Steel SRL,Romania,Europe,"45.5129490, 22.3398960",230.0,UMB Steel SRL [100.0%],N/A,Caras-Severin,Otelu Rosu,exact,EAF,https://www.gem.wiki/Otelu_Rosu_steel_plant,45.512949,22.339896,1796.0,600.0,0.0,0.0,0.0,0.0,EAF / IF (electric),0.0,0.0,850.0,0.0,,,,mothballed,mothballed
P100000120849,Outokumpu Avesta steel plant,Outokumpu Stainless AB,Sweden,Europe,"60.1488210, 16.1728080",96.0,Solidium Oy [15.5%]; small shareholder(s),Partial,Dalarna,Avesta,exact,EAF,https://www.gem.wiki/Outokumpu_Avesta_steel_plant,60.148821,16.172808,1930.0,700.0,0.0,0.0,0.0,0.0,EAF / IF (electric),500.0,0.0,0.0,0.0,0.0,0.0,500.0,operating,operating
P100000120954,Outokumpu Stainless USA steel plant,Outokumpu Stainless USA LLC,United States,North America,"31.1481790, -87.9886600",19.0,Solidium Oy [15.5%]; small shareholder(s),Partial,Alabama,Calvert,exact,EAF,https://www.gem.wiki/Outokumpu_Stainless_USA_steel_plant,31.148179,-87.98866,2007.0,972.0,0.0,0.0,0.0,0.0,EAF / IF (electric),1000.0,0.0,0.0,0.0,0.0,0.0,1000.0,operating,operating
P100000120469,Outokumpu Tornio steel plant,Outokumpu Stainless AB,Finland,Europe,"65.7671150, 24.1764720",50.0,Solidium Oy [15.5%]; small shareholder(s),Partial,Lapland,Tornio,exact,EAF,https://www.gem.wiki/Outokumpu_Tornio_steel_plant,65.767115,24.176472,1976.0,1700.0,0.0,0.0,0.0,0.0,EAF / IF (electric),1200.0,0.0,0.0,0.0,0.0,0.0,1200.0,operating,operating
P100000120848,Ovako Hofors steel plant,Ovako AB,Sweden,Europe,"60.5486820, 16.3028150",110.0,Asahi Mutual Life Insurance Co; Meiji Yasuda Life Insurance Co; Mitsubishi UFJ Financial Group Inc; Mizuho Financial Group Inc; Nippon Life Insurance Co; Nippon Steel Corp; Norinchukin Bank; Resona Bank Ltd; small shareholder(s); Sumitomo Mitsui Trust Holdings Inc; The Dai-ichi Life Insurance Co Ltd,N/A,Gävleborgs,Hofors,exact,EAF,https://www.gem.wiki/Ovako_Hofors_steel_plant,60.548682,16.302815,1916.0,1400.0,0.0,0.0,0.0,0.0,EAF / IF (electric),500.0,0.0,0.0,0.0,0.0,0.0,500.0,operating,operating
P100000120470,Ovako Imatra steel plant,Ovako AB,Finland,Europe,"61.1494660, 28.7987740",91.0,Asahi Mutual Life Insurance Co; Meiji Yasuda Life Insurance Co; Mitsubishi UFJ Financial Group Inc; Mizuho Financial Group Inc; Nippon Life Insurance Co; Nippon Steel Corp; Norinchukin Bank; Resona Bank Ltd; small shareholder(s); Sumitomo Mitsui Trust Holdings Inc; The Dai-ichi Life Insurance Co Ltd,N/A,Imatra,Terästehtaantie,exact,EAF,https://www.gem.wiki/Ovako_Imatra_steel_plant,61.149466,28.798774,1935.0,600.0,0.0,0.0,0.0,0.0,EAF / IF (electric),575.0,0.0,0.0,0.0,0.0,0.0,575.0,operating,operating
P100000120883,Ozkan Iron and Steel Aliaga plant,Ozkan Demir Celik Sanayi AŞ,Türkiye,Europe,"38.7370050, 26.9508240",16.0,Ozkan Demir Celik Sanayi AŞ [100.0%],N/A,İzmir,Aliağa,exact,EAF,https://www.gem.wiki/Ozkan_Iron_and_Steel_Aliaga_plant,38.737005,26.950824,2010.0,425.0,0.0,0.0,0.0,0.0,EAF / IF (electric),1200.0,0.0,0.0,0.0,0.0,0.0,1200.0,operating,operating
P100000121198,Ozmert Algeria steel plant,Ozmert Algeria SARL,Algeria,Africa,"35.4785800, -0.6213900",3.0,Ozmert Algeria SARL [100.0%],N/A,Tebessa,Tebessa,exact,DRI; EAF,https://www.gem.wiki/Ozmert_Algeria_steel_plant,35.47858,-0.62139,2023.0,1500.0,,0.0,,0.0,DRI-EAF,390.0,0.0,0.0,0.0,500.0,0.0,390.0,operating,operating
P100000120781,Pakistan Steel Mills Karachi,Pakistan Steel Mills Corp Pvt Ltd,Pakistan,Asia Pacific,"24.8099770, 67.3524400",43.41,Pakistan Steel Mills Corp Pvt Ltd [100.0%],Full,Sindh,Karachi,exact,BF; BOF,https://www.gem.wiki/Pakistan_Steel_Mills_Karachi,24.809977,67.35244,1981.0,9350.0,,960.0,,,BF-BOF (coal-based),0.0,0.0,0.0,3000.0,,,,retired,retired
P100000121080,Pangang Group Jiangyou Changcheng Special Steel Co Ltd,Pan Gang Group Sichuan Changcheng Special Steel Co Ltd,China,Asia Pacific,"31.7635170, 104.7614410",36.76,Ansteel Group Co Ltd [100.0%],N/A,Sichuan,unknown,exact,EAF,https://www.gem.wiki/Pangang_Group_Jiangyou_Changcheng_Special_Steel_Co_Ltd,31.763517,104.761441,1989.0,2950.0,0.0,0.0,0.0,0.0,EAF / IF (electric),669.0,0.0,0.0,0.0,0.0,0.0,669.0,operating,operating
P100000120277,Pangang Group Panzhihua Steel Vanadium Co Ltd,Panzhihua Steel Group Panzhihua Steel Vanadium Co Ltd,China,Asia Pacific,"26.5652650, 101.6737370",61.0,Ansteel Group Co Ltd [100.0%],N/A,Sichuan,Xiangyang,exact,BF; BOF,https://www.gem.wiki/Pangang_Group_Panzhihua_Steel_Vanadium_Co_Ltd,26.565265,101.673737,1965.0,8939.0,13000.0,3450.0,,,BF-BOF (coal-based),5900.0,0.0,0.0,0.0,6310.0,5900.0,0.0,operating,operating
P100000120278,Pangang Group Xichang Steel and Vanadium Co Ltd,Pangang Group Xichang Steel and Vanadium Co Ltd,China,Asia Pacific,"27.7479900, 102.2051700",14.66,Ansteel Group Co Ltd [100.0%],N/A,Sichuan,Jingjiu,exact,BF; BOF,https://www.gem.wiki/Pangang_Group_Xichang_Steel_and_Vanadium_Co_Ltd,27.74799,102.20517,2011.0,2624.0,,,,,BF-BOF (coal-based),3900.0,0.0,0.0,0.0,4290.0,3900.0,0.0,operating,operating
P100000120774,Panhua Group Mindanao steel plant,Panhua Group Co Ltd,Philippines,Asia Pacific,"8.5266660, 124.7557110",,Panhua Group Co Ltd [100.0%],N/A,Mindanao,Misamis Oriental,approximate,BOF; Iron other/unspecified,https://www.gem.wiki/Panhua_Group_Mindanao_steel_plant,8.526666,124.755711,,30000.0,,,,,BF-BOF (coal-based),0.0,0.0,0.0,10000.0,,,,cancelled,cancelled
P100000120775,Panhua Group Sarangani steel plant,Panhua Group Co Ltd,Philippines,Asia Pacific,"5.8665500, 125.0787510",0.0,Panhua Group Co Ltd [100.0%],N/A,Sarangani,Maasim,exact,BF; BOF,https://www.gem.wiki/Panhua_Group_Sarangani_steel_plant,5.86655,125.078751,2025.0,30000.0,2880.0,1200.0,,,BF-BOF (coal-based),2000.0,0.0,0.0,0.0,1790.0,2000.0,0.0,operating,operating
P100000120387,Panshi Jianlong Iron and Steel Co Ltd,Jilinheng Precision Casting Technology Co Ltd,China,Asia Pacific,"43.1965370, 126.0006300",15.96,Beijing Jianlong Investment Co Ltd [90.2%]; unknown [9.8%],N/A,Jilin,Mingcheng,exact,BF; BOF,https://www.gem.wiki/Panshi_Jianlong_Iron_and_Steel_Co_Ltd,43.196537,126.00063,2010.0,2090.0,,,,,BF-BOF (coal-based),1100.0,0.0,0.0,0.0,1100.0,1100.0,0.0,operating,operating
P100000120586,Pasargad Steel Complex Fars,Pasargad Steel Complex Co,Iran,Middle East,"29.1910190, 52.8454050",13.0,Pasargad Steel Complex Co [100.0%],N/A,Fars,Kavar,exact,DRI; EAF,https://www.gem.wiki/Pasargad_Steel_Complex_Fars,29.191019,52.845405,2013.0,,,0.0,3400.0,0.0,DRI-EAF,1500.0,0.0,0.0,0.0,1800.0,0.0,1500.0,operating,operating; cancelled
P100000120017,Pavgord Zenica steel plant,Pavgord doo,Bosnia and Herzegovina,Europe,"44.2244460, 17.8998150",134.0,Pavgord doo [100.0%],N/A,Zenica-Doboj,Zenica,exact,BF; BOF; EAF,https://www.gem.wiki/Pavgord_Zenica_steel_plant,44.224446,17.899815,1892.0,1900.0,1875.0,0.0,0.0,0.0,Mixed (BF-BOF + electric),1940.0,0.0,0.0,0.0,1100.0,1140.0,800.0,operating,operating
P100000120745,Perfect Channel Gurun steel plant,Perfect Channel Sdn Bhd,Malaysia,Asia Pacific,"5.7788710, 100.4990700",,Konsortia Etiqa Sdn Bhd [99.9%],N/A,Kedah,Gurun,exact,EAF; IF,https://www.gem.wiki/Perfect_Channel_Gurun_steel_plant,5.778871,100.49907,,,,0.0,,0.0,EAF / IF (electric),0.0,1000.0,0.0,0.0,,,,announced,announced
P100001064435,Persian Gulf Negin Steel Khaf plant,Persian Gulf Negin Steel,Iran,Middle East,"34.4759320, 60.2921460",,Persian Gulf Negin Steel [100.0%],N/A,Razavi Khorasan,Khaf,exact,DRI,https://www.gem.wiki/Persian_Gulf_Negin_Steel_Khaf_plant,34.475932,60.292146,,,,0.0,,0.0,DRI (ironmaking only),0.0,0.0,0.0,0.0,,,,construction,construction; announced
P100000120610,Persian Gulf Saba Steel,Persian Gulf Saba Steel,Iran,Middle East,"27.1890760, 56.1056330",9.0,Civil Pension Fund Investment Co,N/A,Hormuzgan,Bandar Abbas,exact,DRI; EAF,https://www.gem.wiki/Persian_Gulf_Saba_Steel,27.189076,56.105633,2017.0,4000.0,,0.0,,0.0,DRI (ironmaking only),0.0,4500.0,0.0,0.0,1500.0,0.0,0.0,operating,operating; construction; announced
P100000120804,Pervouralsk Pipe Plant,Chelyabinskiy Truboprokatnyi Zavod JSC,Russia,Eurasia,"56.9020500, 59.9921980",92.0,Trubnaya Metallurgicheskaya Kompaniya PJSC [100.0%],N/A,Sverdlovsk,Pervouralsk,exact,EAF,https://www.gem.wiki/Pervouralsk_Pipe_Plant,56.90205,59.992198,1934.0,7485.0,0.0,0.0,0.0,0.0,EAF / IF (electric),950.0,0.0,0.0,0.0,0.0,0.0,950.0,operating,operating
P100000120741,Perwaja Kemaman Steel plant,Perwaja Steel Sdn Bhd,Malaysia,Asia Pacific,"4.2643640, 103.4617280",42.0,Perwaja Holdings Bhd [100.0%],N/A,Terengganu,Kemaman,exact,DRI; EAF,https://www.gem.wiki/Perwaja_Kemaman_Steel_plant,4.264364,103.461728,1984.0,1500.0,,,,,DRI-EAF,0.0,0.0,1500.0,0.0,,,,mothballed,mothballed
P100001061348,PGS Geraldton Green Iron Plant,Progressive Green Solutions JV,Australia,Asia Pacific,"-28.7072500, 114.9001630",,Progressive Green Solutions JV [100.0%],N/A,Mid West,Geraldton,approximate,DRI,https://www.gem.wiki/PGS_Geraldton_Green_Iron_Plant,-28.70725,114.900163,2030.0,,0.0,0.0,30000.0,0.0,DRI (ironmaking only),0.0,0.0,0.0,0.0,,,,announced,announced
P100000120212,Pingxiang Pinggang Anyuan Iron and Steel Co Ltd,Anyuan Iron & Steel Co Ltd,China,Asia Pacific,"27.6455500, 113.9021260",72.0,Beijing Fangda International Industrial Investment Group Co Ltd [60.9%]; unknown [21.5%]; Jiangxi Pxsteel Industrial Co Ltd [10.3%]; Gongqingcheng Huaershun Investment Center LP [7.3%],N/A,Jiangxi,Pingxiang Economic Development Zone,exact,BF; BOF,https://www.gem.wiki/Pingxiang_Pinggang_Anyuan_Iron_and_Steel_Co_Ltd,27.64555,113.902126,1954.0,7234.0,,,,,BF-BOF (coal-based),2650.0,0.0,0.0,0.0,2500.0,2650.0,0.0,operating,operating
P100000120627,Pittini Acciaierie di Verona steel plant,Acciaierie di Verona SpA,Italy,Europe,"45.4288200, 11.0008610",124.0,Pittini Group SpA,N/A,Province of Verona,Verona,exact,EAF,https://www.gem.wiki/Pittini_Acciaierie_di_Verona_steel_plant,45.42882,11.000861,1902.0,350.0,0.0,0.0,0.0,0.0,EAF / IF (electric),1250.0,0.0,0.0,0.0,0.0,0.0,1250.0,operating,operating
P100000120628,Pittini Ferriere Nord Osoppo steel plant,Ferriere Nord SpA,Italy,Europe,"46.2321990, 13.0791040",51.0,Fin.Fer. SpA,N/A,Province of Udine,Osoppo,exact,EAF,https://www.gem.wiki/Pittini_Ferriere_Nord_Osoppo_steel_plant,46.232199,13.079104,1975.0,1500.0,0.0,0.0,0.0,0.0,EAF / IF (electric),2200.0,0.0,0.0,0.0,0.0,0.0,2200.0,operating,operating
P100000120629,Pittini Siderpotenza Potenza steel plant,Siderpotenza SpA,Italy,Europe,"40.6393560, 15.8278420",63.0,Fin.Fer. SpA,N/A,Province of Potenza,Potenza,exact,EAF,https://www.gem.wiki/Pittini_Siderpotenza_Potenza_steel_plant,40.639356,15.827842,1963.0,270.0,0.0,0.0,0.0,0.0,EAF / IF (electric),700.0,0.0,0.0,0.0,0.0,0.0,700.0,operating,operating
P100000121013,Pomina Steel 3 Phu My plant,Pomina Steel JSC,Vietnam,Asia Pacific,"10.5770420, 107.0403240",14.0,Pomina Steel JSC [100.0%],N/A,Ba Ria Vung Tau,Phu My Town,exact,BF; EAF,https://www.gem.wiki/Pomina_Steel_3_Phu_My_plant,10.577042,107.040324,2012.0,,,,,,Mixed (BF-BOF + electric),1000.0,0.0,0.0,0.0,1000.0,0.0,1000.0,operating,operating
P100000121012,Pomina Steel Phu My plant,Pomina Steel JSC,Vietnam,Asia Pacific,"10.6015680, 107.0454910",27.0,Pomina Steel JSC [100.0%],N/A,Ba Ria Vung Tau,Phu My Town,exact,EAF,https://www.gem.wiki/Pomina_Steel_Phu_My_plant,10.601568,107.045491,1999.0,,0.0,0.0,0.0,0.0,EAF / IF (electric),500.0,0.0,0.0,0.0,0.0,0.0,500.0,operating,operating
P100000120699,POSCO Gwangyang steel plant,POSCO Holdings Inc,South Korea,Asia Pacific,"34.9200860, 127.7486500",39.0,POSCO Holdings Inc [100.0%],Partial,South Jeolla,Gwangyang,exact,BF; BOF; DRI; EAF,https://www.gem.wiki/POSCO_Gwangyang_steel_plant,34.920086,127.74865,1987.0,4080.0,8826.0,2850.0,,54.0,BF-BOF (coal-based),22999.0,2500.0,0.0,0.0,24750.0,22999.0,0.0,operating,operating; construction; announced
P100000120700,POSCO Pohang steel plant,POSCO Holdings Inc,South Korea,Asia Pacific,"36.0093100, 129.3945080",53.0,POSCO Holdings Inc [100.0%],Partial,North Gyeongsang,Pohang,exact,BF; BOF; DRI; EAF; Iron other/unspecified,https://www.gem.wiki/POSCO_Pohang_steel_plant,36.00931,129.394508,1973.0,6920.0,,1500.0,,0.0,Mixed (BF-BOF + electric),18758.0,2500.0,0.0,0.0,17209.0,17401.0,1357.0,operating,operating; announced; mothballed
P100000121161,POSCO Port Hedland Iron Project,Port Hedland Iron Pty Ltd,Australia,Asia Pacific,"-20.3958320, 118.5379750",,POSCO Holdings Inc [100.0%],Partial,Western Australia,Boodarie Strategic Industrial Area,exact,DRI,https://www.gem.wiki/POSCO_Port_Hedland_Iron_Project,-20.395832,118.537975,2028.0,400.0,,0.0,700.0,0.0,DRI (ironmaking only),0.0,0.0,0.0,0.0,,,,announced,announced
P100000121020,POSCO Vietnam Phu My steel plant,Posco Vietnam Co Ltd,Vietnam,Asia Pacific,"10.5603160, 107.0268400",11.0,POSCO Holdings Inc [100.0%],Partial,Ba Ria Vung Tau,Phu My Town,exact,EAF,https://www.gem.wiki/POSCO_Vietnam_Phu_My_steel_plant,10.560316,107.02684,2015.0,388.0,0.0,0.0,0.0,0.0,EAF / IF (electric),1000.0,0.0,0.0,0.0,0.0,0.0,1000.0,operating,operating
P100000120206,Posco Zhangjiagang Stainless Steel Co Ltd,Guangdong Guangqing Metal Technology Co Ltd,China,Asia Pacific,"31.9802370, 120.5714550",19.59,Guangdong Guangqing Metal Technology Co Ltd [100.0%],N/A,Jiangsu,unknown,exact,EAF,https://www.gem.wiki/Posco_Zhangjiagang_Stainless_Steel_Co_Ltd,31.980237,120.571455,2006.0,1794.0,0.0,0.0,0.0,0.0,EAF / IF (electric),1100.0,0.0,0.0,0.0,0.0,0.0,1100.0,operating,operating
P100000120558,Prakash Industries Janjgir steel plant,Prakash Industries Ltd,India,Asia Pacific,"22.0046940, 82.6716660",33.0,Prakash Industries Ltd [100.0%],N/A,Chhattisgarh,Janjgir,exact,DRI; IF,https://www.gem.wiki/Prakash_Industries_Janjgir_steel_plant,22.004694,82.671666,1993.0,2404.0,1650.0,0.0,,,DRI-EAF,1190.0,0.0,0.0,0.0,1200.0,0.0,0.0,operating,operating
P100000121190,Prakash Sponge Iron and Power Challakere steel plant,Prakash Sponge Iron and Power Pvt Ltd,India,Asia Pacific,"14.1529120, 76.6658240",,Prakash Sponge Iron and Power Pvt Ltd [100.0%],N/A,Karnataka,Challakere,exact,DRI; EAF; IF,https://www.gem.wiki/Prakash_Sponge_Iron_and_Power_Challakere_steel_plant,14.152912,76.665824,,,,0.0,,0.0,DRI (ironmaking only),0.0,765.0,0.0,0.0,90.0,0.0,0.0,operating,operating; announced
P100000120755,Premium Steel Warri plant,Premium Steel and Mines Ltd,Nigeria,Africa,"5.4807630, 5.7698390",44.0,Premium Steel and Mines Ltd [100.0%],N/A,Delta State,Warri,exact,DRI; EAF,https://www.gem.wiki/Premium_Steel_Warri_plant,5.480763,5.769839,1982.0,800.0,,0.0,,0.0,DRI-EAF,0.0,0.0,1000.0,0.0,,,,mothballed,mothballed
P100000120809,Promsort Kaluga steel plant,Promsort LLC,Russia,Eurasia,"55.2336750, 36.6791920",13.0,natural person(s) [50.0%]; Sortoprokat-Tsentr LLC [49.0%]; small shareholder(s) [1.0%],N/A,Kaluga,Vorsino village,exact,EAF,https://www.gem.wiki/Promsort_Kaluga_steel_plant,55.233675,36.679192,2013.0,1200.0,0.0,0.0,0.0,0.0,EAF / IF (electric),1500.0,0.0,0.0,0.0,0.0,0.0,1500.0,operating,operating
P100000120810,Promsort Ural steel plant,Promsort LLC,Russia,Eurasia,"56.8496660, 59.9084140",21.0,natural person(s) [50.0%]; Sortoprokat-Tsentr LLC [49.0%]; small shareholder(s) [1.0%],N/A,Sverdlovsk,Revda,exact,EAF,https://www.gem.wiki/Promsort_Ural_steel_plant,56.849666,59.908414,2005.0,2400.0,0.0,0.0,0.0,0.0,EAF / IF (electric),2000.0,0.0,0.0,0.0,0.0,0.0,2000.0,operating,operating
P100001049317,PT Ispat Indo steel plant,LNM Group,Indonesia,Asia Pacific,"-7.3551286, 112.7037297",50.0,LNM Group [100.0%],N/A,East Java,unknown,exact,EAF,https://www.gem.wiki/PT_Ispat_Indo_steel_plant,-7.3551286,112.7037297,1976.0,,0.0,0.0,0.0,0.0,EAF / IF (electric),700.0,0.0,0.0,0.0,0.0,0.0,700.0,operating,operating
P100001061892,PT Xinheng Metal Morowali steel plant,PT Xinheng Metal Indonesia,Indonesia,Asia Pacific,"-2.8305740, 122.1574480",,TSINGSHAN Holding Group Co Ltd [22.5%]; unknown [13.7%]; Shanghai Decent Investment (Group) Co Ltd [13.2%]; Zhejiang Qingshan Business Management Co Ltd [6.4%]; POSCO Holdings Inc,Partial,Central Sulawesi,Morowali Regency,approximate,Steel other/unspecified,https://www.gem.wiki/PT_Xinheng_Metal_Morowali_steel_plant,-2.830574,122.157448,,,0.0,0.0,0.0,0.0,Other / unspecified,0.0,2000.0,0.0,0.0,,,,announced,announced
P100000120710,Qarmet steel plant,Qazaqstan Steel Group LLP,Kazakhstan,Eurasia,"50.0317660, 72.9948630",66.0,Qazaqstan Steel Group LLP [100.0%],N/A,Karaganda,Temirtau,exact,BF; BOF,https://www.gem.wiki/Qarmet_steel_plant,50.031766,72.994863,1960.0,35000.0,5000.0,2446.0,,,BF-BOF (coal-based),6000.0,0.0,0.0,0.0,6450.0,6000.0,0.0,operating,operating; retired
P100000120712,QazSpetsSteel Aktobe steel plant,QazSpetsSteel LLC,Kazakhstan,Eurasia,"50.2864080, 57.1683820",,QazSpetsSteel LLC [100.0%],N/A,Aktobe,Aktobe,approximate,Iron other/unspecified; Steel other/unspecified,https://www.gem.wiki/QazSpetsSteel_Aktobe_steel_plant,50.286408,57.168382,,1500.0,,,,,Other / unspecified,0.0,0.0,0.0,800.0,,,,cancelled,cancelled
P100000120594,Qeshm Steel Development Hormuzgan plant,Qeshm Steel Development Co,Iran,Middle East,"26.8264940, 55.9577080",,Qeshm Steel Development Co [100.0%],N/A,Hormuzgan,Qeshm Free Zone,approximate,DRI; EAF,https://www.gem.wiki/Qeshm_Steel_Development_Hormuzgan_plant,26.826494,55.957708,,,,0.0,5000.0,0.0,DRI-EAF,0.0,3000.0,0.0,0.0,,,,announced,announced
P100000120110,Qian an Jiujiang Wire Co Ltd,Qian'an City Jiujiang Wire Co Ltd,China,Asia Pacific,"39.9522090, 118.5594440",24.0,Qian'an City Jiujiang Wire Co Ltd [100.0%],N/A,Hebei,Tangshan,exact,BF; BOF; EAF,https://www.gem.wiki/Qian_an_Jiujiang_Wire_Co_Ltd,39.952209,118.559444,2002.0,12181.0,16000.0,,4800.0,,Mixed (BF-BOF + electric),7079.0,0.0,0.0,3458.0,8540.0,5579.0,1500.0,operating,operating; retired; cancelled
P100000120100,Qian an Zhayi Steel Group Co Ltd,Qian'an Zhayi Steel Group Co Ltd,China,Asia Pacific,"40.0440260, 118.5520010",22.0,Qian'an Zhayi Steel Group Co Ltd [100.0%],N/A,Hebei,Tangshan,exact,EAF; BF; BOF,https://www.gem.wiki/Qian_an_Zhayi_Steel_Group_Co_Ltd,40.044026,118.552001,2004.0,16.0,,,,,EAF / IF (electric),1500.0,0.0,0.0,1500.0,0.0,0.0,1500.0,operating,operating; retired
P100000120239,Qingdao Special Iron and Steel Co Ltd,Qingdao Special Iron and Steel Co Ltd,China,Asia Pacific,"35.6296000, 119.7223350",13.0,Citic Pacific Special Steel Group Co Ltd [100.0%],N/A,Shandong,Boli,exact,BF; BOF; EAF,https://www.gem.wiki/Qingdao_Special_Iron_and_Steel_Co_Ltd,35.6296,119.722335,2013.0,4660.0,,,,,Mixed (BF-BOF + electric),4170.0,1150.0,0.0,0.0,4200.0,3200.0,970.0,operating,operating; announced
P100001063756,Qinglong Manchu Autonomous County Delong Foundry Development Co Ltd,Qinglong Manzhu Autonomous County Delong Casting Industry Development Co Ltd,China,Asia Pacific,"40.427008, 119.219855",15.87,Qinglong Manzhu Autonomous County Delong Casting Industry Development Co Ltd [100.0%],N/A,Hebei,"Qinhuangdao,",exact,BF; BOF,https://www.gem.wiki/Qinglong_Manchu_Autonomous_County_Delong_Foundry_Development_Co_Ltd,40.427008,119.219855,2010.0,1011.0,1850.0,,1200.0,,BF-BOF (coal-based),1350.0,0.0,0.0,0.0,1040.0,1350.0,0.0,operating,operating
P100000120372,Qinhuangdao Baigong Steel Co Ltd,Qinhuangdao Baigong Steel Co Ltd,China,Asia Pacific,"39.7487730, 118.8194720",20.0,Tangshan Universal Industrial Development Co Ltd [100.0%],N/A,Hebei,Qinhuangdao,exact,BF; BOF; EAF,https://www.gem.wiki/Qinhuangdao_Baigong_Steel_Co_Ltd,39.748773,118.819472,2006.0,2303.0,4200.0,,,,Mixed (BF-BOF + electric),2260.0,0.0,0.0,750.0,1820.0,1900.0,360.0,operating,operating; retired
P100000120152,Qinhuangdao Hongxing Iron and Steel Co Ltd,Qinhuangdao Hongxing Iron & Steel Co Ltd,China,Asia Pacific,"39.7007210, 118.8714770",24.0,Qinhuangdao Hongxing Iron & Steel Co Ltd [100.0%],N/A,Hebei,Qinhuangdao,exact,BF; BOF,https://www.gem.wiki/Qinhuangdao_Hongxing_Iron_and_Steel_Co_Ltd,39.700721,118.871477,2002.0,3581.0,7850.0,,2000.0,,BF-BOF (coal-based),3450.0,0.0,0.0,3600.0,3420.0,3450.0,0.0,operating,operating; retired
P100001064261,Qinyang Hongda Iron & Steel Co Ltd,Qinyang Hongda Iron & Steel Co Ltd,China,Asia Pacific,"35.1848490, 112.9022480",23.0,Qinyang Hongda Iron & Steel Co Ltd [100.0%],N/A,Henan,Jiaozuo,exact,EAF,https://www.gem.wiki/Qinyang_Hongda_Iron_&_Steel_Co_Ltd,35.184849,112.902248,2003.0,300.0,0.0,0.0,0.0,0.0,EAF / IF (electric),500.0,2000.0,0.0,0.0,0.0,0.0,500.0,operating,operating; construction
P100000120304,Quzhou Yuanli Metal Products Co Ltd,Quzhou Yuanli METAL Products Co Ltd,China,Asia Pacific,"28.8934070, 118.8671250",35.0,Zhejiang Yuanli METAL PRODUCT Group Co Ltd [81.5%]; Zhejiang Yuanli Metal Products Group Co Ltd Trade Union Committee [18.5%],N/A,Zhejiang,Economic Development Zone,exact,BF; BOF,https://www.gem.wiki/Quzhou_Yuanli_Metal_Products_Co_Ltd,28.893407,118.867125,1991.0,6370.0,,,,,BF-BOF (coal-based),5000.0,3450.0,0.0,0.0,4702.0,5000.0,0.0,operating,operating; operating pre-retirement; announced; retired
P100000120837,Rajhi Al Assemah Steel Jeddah plant,Rajhi Steel Industries Co Ltd,Saudi Arabia,Middle East,"21.2904020, 39.1834440",20.0,Saudi Iron and Steel Co [100.0%],Full,Makkah,Jeddah,exact,EAF,https://www.gem.wiki/Rajhi_Al_Assemah_Steel_Jeddah_plant,21.290402,39.183444,2006.0,60.0,,,,0.0,EAF / IF (electric),850.0,0.0,0.0,0.0,0.0,0.0,850.0,operating,operating
P100000120553,Ramsarup Industries Kharagpur steel plant,Ramsarup Industries Ltd,India,Asia Pacific,"22.9774770, 88.4574430",19.0,Shyam Metalics and Energy Ltd,N/A,West Bengal,Kharagpur,exact,BF; DRI; EAF,https://www.gem.wiki/Ramsarup_Industries_Kharagpur_steel_plant,22.977477,88.457443,2007.0,,,,,,BF-BOF (coal-based),0.0,690.0,0.0,0.0,930.0,0.0,0.0,operating,operating; construction
P100001025938,Rashmi Green Hydrogen Steel Kharagpur steel plant,Rashmi Green Hydrogen Steel Pvt Ltd,India,Asia Pacific,"22.3314890, 87.3980850",,Rashmi Green Hydrogen Steel Pvt Ltd [100.0%],N/A,West Bengal,Kharagpur,exact,BF; BOF,https://www.gem.wiki/Rashmi_Green_Hydrogen_Steel_Kharagpur_steel_plant,22.331489,87.398085,,3000.0,4000.0,1000.0,1200.0,,BF-BOF (coal-based),0.0,2600.0,0.0,0.0,,,,construction,construction; announced
P100000120556,Rashmi Metaliks Jamuria steel plant,Rashmi Metaliks Ltd,India,Asia Pacific,"23.7063430, 87.0777400",,Rashmi Metaliks Ltd [100.0%],N/A,West Bengal,Jamuria,approximate,BOF; EAF; Iron other/unspecified,https://www.gem.wiki/Rashmi_Metaliks_Jamuria_steel_plant,23.706343,87.07774,,,,,,0.0,Mixed (BF-BOF + electric),0.0,2500.0,0.0,0.0,,,,construction,construction
P100000120555,Rashmi Metaliks Kharagpur steel plant,Rashmi Metaliks Ltd,India,Asia Pacific,"22.3606640, 87.2959320",22.0,Rashmi Metaliks Ltd [100.0%],N/A,West Bengal,Kharagpur,exact,BF; IF,https://www.gem.wiki/Rashmi_Metaliks_Kharagpur_steel_plant,22.360664,87.295932,2004.0,,600.0,,2100.0,,Mixed (BF-BOF + electric),498.0,332.0,0.0,0.0,500.0,0.0,0.0,operating,operating; announced
P100000120955,Republic Steel Canton plant,Republic Steel Corp,United States,North America,"40.8041140, -81.3340020",140.0,Grupo Simec SAB de CV,N/A,Ohio,Canton,exact,EAF,https://www.gem.wiki/Republic_Steel_Canton_plant,40.804114,-81.334002,1886.0,500.0,0.0,0.0,0.0,0.0,EAF / IF (electric),0.0,0.0,0.0,820.0,,,,retired,retired
P100000120956,Republic Steel Lorain steel plant,Republic Steel Corp,United States,North America,"41.4503580, -82.1311250",126.0,Grupo Simec SAB de CV,N/A,Ohio,Lorain,exact,BF; EAF,https://www.gem.wiki/Republic_Steel_Lorain_steel_plant,41.450358,-82.131125,1895.0,60.0,,,,,Mixed (BF-BOF + electric),0.0,0.0,907.0,0.0,,,,mothballed,mothballed
P100000120531,RINL Vizag Steel plant,Rashtriya Ispat Nigam Ltd,India,Asia Pacific,"17.6128460, 83.1919180",37.0,Rashtriya Ispat Nigam Ltd [100.0%],Full,Andhra Pradesh,Visakhapatnam,exact,BF; BOF,https://www.gem.wiki/RINL_Vizag_Steel_plant,17.612846,83.191918,1989.0,12794.0,10101.0,4200.0,0.0,0.0,BF-BOF (coal-based),7300.0,0.0,0.0,0.0,7500.0,7300.0,0.0,operating,operating
P100000120064,Rio Tinto Fer et Titane steel plant,Rio Tinto Iron and Titanium Canada Inc,Canada,North America,"46.0443670, -73.1384740",76.0,Rio Tinto PLC [100.0%],N/A,Quebec,Sorel-Tracy,exact,BOF,https://www.gem.wiki/Rio_Tinto_Fer_et_Titane_steel_plant,46.044367,-73.138474,1950.0,1450.0,0.0,0.0,0.0,0.0,BF-BOF (coal-based),600.0,0.0,0.0,0.0,0.0,600.0,0.0,operating,operating
P100000120641,Riva Acciaio Caronno Pertusella steel plant,Riva Acciaio SpA,Italy,Europe,"45.5981870, 9.0354470",69.0,Riva Forni Elettrici SpA,N/A,Province of Varese,Caronno Pertusella,exact,EAF,https://www.gem.wiki/Riva_Acciaio_Caronno_Pertusella_steel_plant,45.598187,9.035447,1957.0,200.0,0.0,0.0,0.0,0.0,EAF / IF (electric),780.0,0.0,0.0,0.0,0.0,0.0,780.0,operating,operating
P100000120642,Riva Acciaio Lesegno steel plant,Riva Acciaio SpA,Italy,Europe,"44.3880230, 7.9449980",65.0,Riva Forni Elettrici SpA,N/A,Province of Cuneo,Lesegno,exact,EAF,https://www.gem.wiki/Riva_Acciaio_Lesegno_steel_plant,44.388023,7.944998,1961.0,300.0,0.0,0.0,0.0,0.0,EAF / IF (electric),600.0,0.0,0.0,0.0,0.0,0.0,600.0,operating,operating
P100000120481,Riva Alpa Gargenville steel plant,ALPA - Aciéries et Laminoirs de Paris SAS,France,Europe,"48.9835150, 1.7624500",52.0,Riva Forni Elettrici SpA,N/A,Île-de-France,Gargenville,exact,EAF,https://www.gem.wiki/Riva_Alpa_Gargenville_steel_plant,48.983515,1.76245,1974.0,186.0,0.0,0.0,0.0,0.0,EAF / IF (electric),700.0,0.0,0.0,0.0,0.0,0.0,700.0,operating,operating
P100000120430,Riva Brandenburg Electric Steel Works,BES Brandenburger Elektrostahlwerke GmbH,Germany,Europe,"52.4026170, 12.4961350",114.0,unknown [6.0%]; Riva Forni Elettrici SpA,N/A,Brandenburg,Brandenburg an der Havel,exact,EAF,https://www.gem.wiki/Riva_Brandenburg_Electric_Steel_Works,52.402617,12.496135,1912.0,860.0,0.0,0.0,0.0,0.0,EAF / IF (electric),1800.0,0.0,0.0,0.0,0.0,0.0,1800.0,operating,operating
P100000120431,Riva Hennigsdorfer Electric Steel Works,HES Hennigsdorfer Elektrostahlwerke GmbH,Germany,Europe,"52.6509030, 13.2126830",109.0,unknown [6.0%]; Riva Forni Elettrici SpA,N/A,Brandenburg,Hennigsdorf,exact,EAF,https://www.gem.wiki/Riva_Hennigsdorfer_Electric_Steel_Works,52.650903,13.212683,1917.0,670.0,0.0,0.0,0.0,0.0,EAF / IF (electric),1000.0,0.0,0.0,0.0,0.0,0.0,1000.0,operating,operating
P100000120720,Riva Industries Jorf Lasfar steel plant,Riva Industries,Morocco,Africa,"33.1654380, -8.5883000",5.0,Meski Invest,N/A,Casablanca-Settat,El Jadida,exact,EAF,https://www.gem.wiki/Riva_Industries_Jorf_Lasfar_steel_plant,33.165438,-8.5883,2021.0,1100.0,,0.0,,0.0,EAF / IF (electric),800.0,0.0,0.0,0.0,0.0,0.0,800.0,operating,operating
P100000120480,Riva Iton Seine Bonnieres Sur Seine steel plant,Iton Seine SAS,France,Europe,"49.0336780, 1.5610220",110.0,Riva Forni Elettrici SpA,N/A,Île-de-France,Bonnieres Sur Seine,exact,EAF,https://www.gem.wiki/Riva_Iton_Seine_Bonnieres_Sur_Seine_steel_plant,49.033678,1.561022,1916.0,186.0,0.0,0.0,0.0,0.0,EAF / IF (electric),550.0,0.0,0.0,0.0,0.0,0.0,550.0,operating,operating
P100000120478,Riva Sam Montereau steel plant,Sam Montereau SAS,France,Europe,"48.3872110, 2.9810910",53.0,Riva Forni Elettrici SpA,N/A,Île-de-France,Montereau-Fault-Yonne,exact,EAF,https://www.gem.wiki/Riva_Sam_Montereau_steel_plant,48.387211,2.981091,1973.0,186.0,0.0,0.0,0.0,0.0,EAF / IF (electric),720.0,0.0,0.0,0.0,0.0,0.0,720.0,operating,operating
P100000120479,Riva Sam Neuves-Maisons steel plant,Societe des Aciers d'Armature pour le Beton SAS,France,Europe,"48.6114820, 6.1118640",154.0,Riva Forni Elettrici SpA,N/A,Grand Est,Neuves-Maisons,exact,EAF,https://www.gem.wiki/Riva_Sam_Neuves-Maisons_steel_plant,48.611482,6.111864,1872.0,328.0,0.0,0.0,0.0,0.0,EAF / IF (electric),850.0,0.0,0.0,0.0,0.0,0.0,850.0,operating,operating
P100000120457,Riva Siderurgica Sevillana steel plant,Siderurgica Sevillana SA,Spain,Europe,"37.3629680, -5.8868650",72.0,Riva Forni Elettrici SpA,N/A,Sevilla,Alcalá de Guadaira,exact,EAF,https://www.gem.wiki/Riva_Siderurgica_Sevillana_steel_plant,37.362968,-5.886865,1954.0,356.0,0.0,0.0,0.0,0.0,EAF / IF (electric),1300.0,0.0,0.0,0.0,0.0,0.0,1300.0,operating,operating
P100000120240,Rizhao Steel Holding Group Co Ltd,Rizhao Steel Holding Group Co Ltd,China,Asia Pacific,"35.1653500, 119.3666720",22.77,Jinghua Rigang Holding Group Co Ltd [98.8%]; unknown [1.2%],N/A,Shandong,Rizhao,exact,BF; BOF; DRI,https://www.gem.wiki/Rizhao_Steel_Holding_Group_Co_Ltd,35.16535,119.366672,2003.0,5973.0,,,,,BF-BOF (coal-based),11300.0,10350.0,0.0,1700.0,10200.0,11300.0,0.0,operating,operating; construction; announced; retired
P100001025819,Rungta Mines Chaliyama steel plant,Rungta Mines Ltd,India,Asia Pacific,"22.5883590, 85.9057240",,Rungta Mines Ltd [100.0%],N/A,Jharkhand,Chaliyama,exact,DRI; IF; BF; Steel other/unspecified,https://www.gem.wiki/Rungta_Mines_Chaliyama_steel_plant,22.588359,85.905724,,1830.0,,,,,DRI-EAF,696.0,6327.0,0.0,0.0,618.0,0.0,0.0,operating,operating; announced
P100000120569,Rungta Mines Dhenkanal steel plant,Rungta Mines Ltd,India,Asia Pacific,"20.7645240, 85.2993180",5.0,Rungta Mines Ltd [100.0%],N/A,Odisha,Jhadabandh,exact,DRI; IF; BF; BOF; EAF,https://www.gem.wiki/Rungta_Mines_Dhenkanal_steel_plant,20.764524,85.299318,2021.0,,2827.0,1070.0,28750.0,,DRI-EAF,206.0,7205.0,0.0,0.0,261.0,0.0,0.0,operating,operating; construction; announced
P100000121186,Rungta Mines Kamanda steel plant,Rungta Mines Ltd,India,Asia Pacific,"21.9285110, 85.2239880",,Rungta Mines Ltd [100.0%],N/A,Odisha,Kamanda,exact,DRI; IF; BF; EAF,https://www.gem.wiki/Rungta_Mines_Kamanda_steel_plant,21.928511,85.223988,,2235.0,,,,,DRI-EAF,347.0,1428.0,0.0,0.0,635.0,0.0,0.0,operating,operating; announced
P100000121185,Rungta Mines Karakhendra steel plant,Rungta Mines Ltd,India,Asia Pacific,"22.1401740, 85.4146160",0.0,Rungta Mines Ltd [100.0%],N/A,Odisha,Karakhendra,exact,IF; BF; DRI; EAF,https://www.gem.wiki/Rungta_Mines_Karakhendra_steel_plant,22.140174,85.414616,2026.0,1260.0,554.0,280.0,1474.0,,EAF / IF (electric),126.0,554.0,0.0,0.0,0.0,0.0,0.0,operating,operating; construction; announced
P100001025818,Rungta Mines Karakolha sponge iron plant,Rungta Mines Ltd,India,Asia Pacific,"22.1323700, 85.4170310",20.0,Rungta Mines Ltd [100.0%],N/A,Odisha,Karakolha,exact,DRI; IF,https://www.gem.wiki/Rungta_Mines_Karakolha_sponge_iron_plant,22.13237,85.417031,2006.0,1444.0,,0.0,,0.0,DRI (ironmaking only),0.0,580.0,0.0,0.0,180.0,0.0,0.0,operating,operating; announced
P100000120477,Saarstahl Ascoval Saint-Saulve steel plant,Saarstahl AG,France,Europe,"50.3981710, 3.5617120",51.0,Montan-Stiftung-Saar [74.9%]; unknown [26.1%],N/A,Hauts-de-France,Saint-Saulve,exact,EAF,https://www.gem.wiki/Saarstahl_Ascoval_Saint-Saulve_steel_plant,50.398171,3.561712,1975.0,300.0,0.0,0.0,0.0,0.0,EAF / IF (electric),730.0,0.0,0.0,0.0,0.0,0.0,730.0,operating,operating
P100000120432,Saarstahl Völklingen steel plant,Saarstahl AG,Germany,Europe,"49.2476350, 6.8486620",153.0,Montan-Stiftung-Saar [74.9%]; unknown [26.1%],N/A,Saarland,Völklingen,exact,EAF; BOF,https://www.gem.wiki/Saarstahl_Völklingen_steel_plant,49.247635,6.848662,1873.0,800.0,0.0,0.0,0.0,0.0,BF-BOF (coal-based),2700.0,1900.0,0.0,0.0,0.0,2700.0,0.0,operating pre-retirement,operating pre-retirement; announced
P100000121245,Sabalan Iron and Steel Complex,Daric Investment Holding Co,Iran,Middle East,"38.5016800, 47.7579690",,Daric Investment Holding Co [100.0%],N/A,Ardabil,Meshginshahr,exact,DRI; EAF,https://www.gem.wiki/Sabalan_Iron_and_Steel_Complex,38.50168,47.757969,,,,0.0,,0.0,DRI-EAF,0.0,500.0,0.0,0.0,,,,construction,construction
P100000120833,SABIC Hadeed Al Jubail steel plant,Saudi Iron and Steel Co,Saudi Arabia,Middle East,"27.0184110, 49.5763560",47.0,Saudi Iron and Steel Co [100.0%],Full,Eastern Province,Al Jubail,exact,DRI; EAF,https://www.gem.wiki/SABIC_Hadeed_Al_Jubail_steel_plant,27.018411,49.576356,1979.0,,,0.0,,0.0,DRI-EAF,6000.0,0.0,0.0,0.0,5300.0,0.0,6000.0,operating,operating
P100000120602,Sabzevar Steel Complex Razavi Khorasan,Sabzevar Pars Steel Complex,Iran,Middle East,"36.5895200, 57.5717190",8.0,Sabzevar Pars Steel Complex [100.0%],N/A,Razavi Khorasan,Jovein,exact,DRI; EAF,https://www.gem.wiki/Sabzevar_Steel_Complex_Razavi_Khorasan,36.58952,57.571719,2018.0,700.0,,0.0,,0.0,DRI (ironmaking only),0.0,800.0,0.0,0.0,800.0,0.0,0.0,operating,operating; construction; announced
P100000121243,Saeb Steel Complex,Daric Investment Holding Co,Iran,Middle East,"37.4550700, 45.9443220",,Daric Investment Holding Co [100.0%],N/A,East Azerbaijan,Ajabshir,exact,DRI; EAF,https://www.gem.wiki/Saeb_Steel_Complex,37.45507,45.944322,,,,0.0,,0.0,DRI-EAF,0.0,550.0,0.0,0.0,,,,construction,construction
P100000120549,SAIL Alloy steel plant,Steel Authority of India Ltd,India,Asia Pacific,"23.5228820, 87.2759350",61.13,Steel Authority of India Ltd [100.0%],Partial,West Bengal,Durgapur,exact,EAF,https://www.gem.wiki/SAIL_Alloy_steel_plant,23.522882,87.275935,1965.0,630.0,0.0,0.0,0.0,0.0,EAF / IF (electric),501.0,0.0,0.0,0.0,0.0,0.0,501.0,operating,operating
P100000120525,SAIL Bhilai steel plant,Steel Authority of India Ltd,India,Asia Pacific,"21.1851570, 81.3942070",67.0,Steel Authority of India Ltd [100.0%],Partial,Chhattisgarh,Bhilai,exact,BF; BOF; Iron other/unspecified,https://www.gem.wiki/SAIL_Bhilai_steel_plant,21.185157,81.394207,1959.0,16407.0,9235.0,3940.0,,,BF-BOF (coal-based),6999.0,7000.0,0.0,0.0,7501.0,6999.0,0.0,operating,operating; operating pre-retirement; announced
P100000120526,SAIL Bokaro steel plant,Steel Authority of India Ltd,India,Asia Pacific,"23.6716770, 86.1068700",54.0,Steel Authority of India Ltd [100.0%],Partial,Jharkhand,Bokaro Steel City,exact,BF; BOF; Steel other/unspecified,https://www.gem.wiki/SAIL_Bokaro_steel_plant,23.671677,86.10687,1972.0,11798.0,6900.0,4212.0,,,BF-BOF (coal-based),4652.0,13000.0,0.0,0.0,5775.0,4652.0,0.0,operating,operating; announced
P100000120527,SAIL Durgapur steel plant,Steel Authority of India Ltd,India,Asia Pacific,"23.5484300, 87.2452470",67.0,Steel Authority of India Ltd [100.0%],Partial,West Bengal,Durgapur,exact,BF; BOF,https://www.gem.wiki/SAIL_Durgapur_steel_plant,23.54843,87.245247,1959.0,7855.0,3300.0,1700.0,0.0,,BF-BOF (coal-based),2499.0,2229.0,0.0,0.0,2700.0,2499.0,0.0,operating,operating; operating pre-retirement; announced
P100000120524,SAIL IISCO steel plant,Steel Authority of India Ltd,India,Asia Pacific,"23.6732360, 86.9261790",108.0,Steel Authority of India Ltd [100.0%],Partial,West Bengal,Barddhaman,exact,BF; BOF,https://www.gem.wiki/SAIL_IISCO_steel_plant,23.673236,86.926179,1918.0,5945.0,3880.0,880.0,0.0,,BF-BOF (coal-based),2499.0,4599.0,0.0,0.0,2700.0,2499.0,0.0,operating,operating; announced
P100000120550,SAIL Paradip steel plant,Steel Authority of India Ltd,India,Asia Pacific,"20.3174550, 86.6090010",,Steel Authority of India Ltd [100.0%],Partial,Odisha,Paradip,approximate,BOF; Iron other/unspecified,https://www.gem.wiki/SAIL_Paradip_steel_plant,20.317455,86.609001,,,,,,0.0,BF-BOF (coal-based),0.0,3000.0,0.0,0.0,,,,announced,announced
P100001081803,SAIL Ranchi DRI plant,Steel Authority of India Ltd,India,Asia Pacific,"23.3356313803427, 85.31236535745192",,Steel Authority of India Ltd [100.0%],Partial,Jharkhand,Ranchi,approximate,DRI,https://www.gem.wiki/SAIL_Ranchi_DRI_plant,23.3356313803427,85.31236535745192,2027.0,,,0.0,,0.0,DRI (ironmaking only),0.0,0.0,0.0,0.0,,,,announced,announced
P100000120528,SAIL Rourkela steel plant,Steel Authority of India Ltd,India,Asia Pacific,"22.2108040, 84.8689500",67.0,Steel Authority of India Ltd [100.0%],Partial,Odisha,Rourkela,exact,BF; BOF,https://www.gem.wiki/SAIL_Rourkela_steel_plant,22.210804,84.86895,1959.0,12938.0,6776.0,768.0,2000.0,,BF-BOF (coal-based),4200.0,6012.0,0.0,0.0,4500.0,4200.0,0.0,operating,operating; operating pre-retirement; announced
P100000120424,Salzgitter Flachstahl steel plant,Salzgitter Flachstahl GmbH,Germany,Europe,"52.1617940, 10.4093710",25.0,Salzgitter AG,Partial,Lower Saxony,Salzgitter,exact,DRI; EAF; BF; BOF,https://www.gem.wiki/Salzgitter_Flachstahl_steel_plant,52.161794,10.409371,2001.0,5906.0,,,,,BF-BOF (coal-based),5200.0,1900.0,0.0,0.0,4880.0,5200.0,0.0,operating pre-retirement,operating pre-retirement; construction; announced
P100000120433,Salzgitter Peiner Träger Peine steel plant,Peiner Traeger GmbH,Germany,Europe,"52.3139350, 10.2584820",168.0,Salzgitter AG,Partial,Lower Saxony,Peine,exact,EAF,https://www.gem.wiki/Salzgitter_Peiner_Träger_Peine_steel_plant,52.313935,10.258482,1858.0,800.0,0.0,0.0,0.0,0.0,EAF / IF (electric),1000.0,0.0,0.0,0.0,0.0,0.0,1000.0,operating,operating
P100000120076,Sansteel Minguang Co Ltd Fujian plant,Sansteel Minguang Co Ltd Fujian,China,Asia Pacific,"26.2611090, 117.6147090",25.0,Fujian Metallurgical Holding Co Ltd [53.4%]; unknown [46.6%],Partial,Fujian,Sanming,exact,BF; BOF,https://www.gem.wiki/Sansteel_Minguang_Co_Ltd_Fujian_plant,26.261109,117.614709,2001.0,12516.0,11715.0,532.0,1586.0,,BF-BOF (coal-based),6799.0,0.0,0.0,0.0,4853.0,6799.0,0.0,operating,operating; retired
P100000120615,Sarmad Iron and Steel Complex Abarkouh,Sarmad Iron and Steel Complex Abarkouh,Iran,Middle East,"31.2229890, 53.3927280",,Chadormello Mining and Industrial Co [52.0%]; Mines & Metals Development Investment Co [28.5%]; unknown,N/A,Yazd,Abarkouh,exact,DRI; EAF,https://www.gem.wiki/Sarmad_Iron_and_Steel_Complex_Abarkouh,31.222989,53.392728,,650.0,,0.0,,0.0,DRI-EAF,0.0,600.0,0.0,0.0,,,,construction,construction
P100000121237,Scaw Metals Group Germiston steel plant,Scaw Metals Group Pty Ltd,South Africa,Africa,"-26.2733160, 28.1637610",102.0,Barnes South Palace Holdings Pty Ltd [74.0%]; unknown [26.0%],N/A,Gauteng,Germiston,exact,DRI; EAF,https://www.gem.wiki/Scaw_Metals_Group_Germiston_steel_plant,-26.273316,28.163761,1924.0,2000.0,,0.0,,0.0,DRI-EAF,600.0,0.0,0.0,0.0,384.0,0.0,600.0,operating,operating
P100000120484,Se.ven GI Cardiff steel plant,Sev.en Global Investments AS,United Kingdom,Europe,"51.4797570, -3.1370560",20.0,Indenelem establishment [100.0%],N/A,Wales,Cardiff,exact,EAF,https://www.gem.wiki/Se.ven_GI_Cardiff_steel_plant,51.479757,-3.137056,2006.0,800.0,0.0,0.0,0.0,0.0,EAF / IF (electric),1200.0,0.0,0.0,0.0,0.0,0.0,1200.0,operating,operating
P100000120701,SeAH Besteel Gunsan steel plant,SeAH Besteel Holdings Corp,South Korea,Asia Pacific,"35.9685960, 126.6095240",29.0,SeAH Besteel Holdings Corp [100.0%],Partial,North Jeolla,Gunsan,exact,EAF,https://www.gem.wiki/SeAH_Besteel_Gunsan_steel_plant,35.968596,126.609524,1997.0,1592.0,0.0,0.0,0.0,0.0,EAF / IF (electric),2101.0,0.0,0.0,0.0,0.0,0.0,2101.0,operating,operating
P100000120702,SeAH Changwon Integrated Special Steel plant,SeAH Changwon Integrated Special Steel Corp,South Korea,Asia Pacific,"35.2041910, 128.6042770",60.0,SeAH Besteel Holdings Corp [100.0%],Partial,South Gyeongsang,Changwon,exact,EAF,https://www.gem.wiki/SeAH_Changwon_Integrated_Special_Steel_plant,35.204191,128.604277,1966.0,1229.0,0.0,0.0,0.0,0.0,EAF / IF (electric),1200.0,0.0,0.0,0.0,0.0,0.0,1200.0,operating,operating
P100000120706,SeAH Steel Pohang plant,SeAh Steel Holdings Corp,South Korea,Asia Pacific,"35.9911760, 129.3757910",48.0,SeAh Steel Holdings Corp [100.0%],Partial,North Gyeongsang,Pohang,exact,EAF,https://www.gem.wiki/SeAH_Steel_Pohang_plant,35.991176,129.375791,1978.0,,0.0,0.0,0.0,0.0,EAF / IF (electric),1200.0,0.0,0.0,0.0,0.0,0.0,1200.0,operating,operating
P100000120489,Sentuo Steel Tema plant,Sentuo Steel Ltd,Ghana,Africa,"5.6912670, -0.0010730",11.0,Fugian Overseas Chinese Industrial Group Corp [74.0%]; Social Security and National Insurance Trust (Ghana) [26.0%],Partial,Greater Accra,Tema,exact,EAF,https://www.gem.wiki/Sentuo_Steel_Tema_plant,5.691267,-0.001073,2015.0,1400.0,0.0,,0.0,,EAF / IF (electric),800.0,0.0,0.0,0.0,0.0,0.0,800.0,operating,operating
P100001063496,Setareh Simin Hormoz DRI plant,Setareh Simin Hormoz Co,Iran,Middle East,"27.192922, 56.114617",,Iranian Mines & Mining Industries Development & Renovation Organization [100.0%],Full,Hormuzgan,Bandar Abbas,exact,DRI; EAF,https://www.gem.wiki/Setareh_Simin_Hormoz_DRI_plant,27.192922,56.114617,,1500.0,,0.0,,0.0,DRI-EAF,0.0,3000.0,0.0,0.0,,,,construction,construction; announced
P100000120760,Sev.en GI Mo i Rana steel plant,Sev.en Global Investments AS,Norway,Europe,"66.3115190, 14.1675570",80.0,Indenelem establishment [100.0%],N/A,Mo i Rana,Verkstedløypa,exact,EAF,https://www.gem.wiki/Sev.en_GI_Mo_i_Rana_steel_plant,66.311519,14.167557,1946.0,344.0,0.0,0.0,0.0,0.0,EAF / IF (electric),770.0,0.0,0.0,0.0,0.0,0.0,770.0,operating,operating
P100000120818,Severstal Cherepovets steel plant,Severstal PJSC,Russia,Eurasia,"59.1439980, 37.8629500",71.0,Severstal PJSC [100.0%],N/A,Vologda,Cherepovets,exact,BF; BOF; EAF,https://www.gem.wiki/Severstal_Cherepovets_steel_plant,59.143998,37.86295,1955.0,29341.0,4000.0,4702.0,10000.0,,Mixed (BF-BOF + electric),12201.0,0.0,0.0,0.0,11800.0,9801.0,2400.0,operating,operating
P100000121056,Shaanxi Hanzhong Iron & Steel Group Company,Shaanxi Hanzhong Iron & Steel Group Co,China,Asia Pacific,"33.1324460, 106.6576460",25.33,Shaanxi Hanzhong Iron & Steel Group Co [100.0%],N/A,Shaanxi,Dingjunshan,exact,BF; EAF,https://www.gem.wiki/Shaanxi_Hanzhong_Iron_&_Steel_Group_Company,33.132446,106.657646,2000.0,3019.0,,600.0,,,Mixed (BF-BOF + electric),700.0,0.0,0.0,0.0,550.0,0.0,700.0,operating,operating
P100000120237,Shaanxi Huaxin Special Steel Group Co Ltd,Shaanxi Huaxin Special Steel Group Co Ltd,China,Asia Pacific,"34.5232780, 109.9860420",24.54,Shaanxi Huaxin Special Steel Group Co Ltd [100.0%],N/A,Shaanxi,Weinan,exact,EAF,https://www.gem.wiki/Shaanxi_Huaxin_Special_Steel_Group_Co_Ltd,34.523278,109.986042,2001.0,91.0,0.0,0.0,0.0,0.0,EAF / IF (electric),1200.0,0.0,0.0,0.0,0.0,0.0,1200.0,operating pre-retirement,operating pre-retirement
P100000120505,Shaanxi Iron and Steel Indonesia plant,Shaanxi Iron and Steel Group Co Ltd,Indonesia,Asia Pacific,"-3.4043260, 105.4092790",,Shaanxi Coal and Chemical Industry Co Ltd [95.9%]; unknown [4.1%],Partial,South Sumatra,Ogan Komering Ilir Regency,approximate,BF; BOF,https://www.gem.wiki/Shaanxi_Iron_and_Steel_Indonesia_plant,-3.404326,105.409279,,,,,,,BF-BOF (coal-based),0.0,0.0,0.0,7500.0,,,,cancelled,cancelled
P100000120234,Shaanxi Longmen Steel Co Ltd,Shaanxi LONG MEN IRON&STEEL Co Ltd,China,Asia Pacific,"35.6184660, 110.5757880",18.66,Shaanxi Coal and Chemical Industry Co Ltd [95.9%]; unknown [4.1%],Partial,Shaanxi,Longmen,exact,BF; BOF; EAF,https://www.gem.wiki/Shaanxi_Longmen_Steel_Co_Ltd,35.618466,110.575788,2007.0,9947.0,,,,,BF-BOF (coal-based),7200.0,2300.0,0.0,1050.0,7345.0,7200.0,0.0,operating,operating; operating pre-retirement; announced; cancelled
P100000120236,Shaanxi Lueyang Iron and Steel Co Ltd,Shaanxi Lueyang Iron and Steel Co Ltd,China,Asia Pacific,"33.3236780, 106.1672060",22.29,Shanghai Lingtuo Enterprise Management Center LP [52.1%]; Hanzhong Investment Holding Group Co Ltd [18.6%]; DongLing Group Incorporated Co [17.6%]; Lueyang County Economic and Trade Bureau [11.1%]; unknown [0.5%],Partial,Shaanxi,Chengguan,exact,BF; BOF,https://www.gem.wiki/Shaanxi_Lueyang_Iron_and_Steel_Co_Ltd,33.323678,106.167206,2003.0,1859.0,,,,,BF-BOF (coal-based),1900.0,1150.0,0.0,0.0,1000.0,1900.0,0.0,operating,operating; operating pre-retirement; announced
P100000120235,Shaanxi Steel Group Hanzhong Iron and Steel Co Ltd,Shangang Group Hanzhong Iron & Steel Co Ltd,China,Asia Pacific,"33.1331920, 106.6718590",16.65,Shaanxi Coal and Chemical Industry Co Ltd [85.8%]; Hanzhong Investment Holding Group Co Ltd [8.9%]; unknown [5.3%],Partial,Shaanxi,Dingjunshan,exact,BF; BOF,https://www.gem.wiki/Shaanxi_Steel_Group_Hanzhong_Iron_and_Steel_Co_Ltd,33.133192,106.671859,2009.0,3560.0,,,,,BF-BOF (coal-based),3000.0,0.0,0.0,0.0,4040.0,3000.0,0.0,operating,operating
P100000121164,Shadegan Steel Complex,Shadegan Steel Industry Co,Iran,Middle East,"30.5659790, 48.9398460",9.0,Iranian Mines & Mining Industries Development & Renovation Organization [35.0%],Full,Khouzestan,Bandar Imam Khomeini,exact,DRI; EAF,https://www.gem.wiki/Shadegan_Steel_Complex,30.565979,48.939846,2017.0,1700.0,,0.0,,0.0,DRI-EAF,1000.0,2600.0,0.0,0.0,805.0,0.0,1000.0,operating,operating; announced
P100000120162,Shagang Group Anyang Yongxing Special Steel Co Ltd,Shagang Group Anyang Yongxing Iron & Steel Co Ltd,China,Asia Pacific,"36.1435730, 114.1499640",33.0,Hengde International Co Ltd [27.4%]; Jiangsu Shagang Group Co Ltd [21.3%]; Zhangjiagang Free Trade Zone Rongrun Trade Co Ltd [16.8%]; unknown [12.4%]; Zhangjiagang Free Trade Zone Qianxing Investment Trade Co Ltd [10.5%]; Zhangjiagang Free Trade Zone Runyuan Stainless Steel Trade Co Ltd [6.4%]; Ningbo Meishan Free Trade Port Jincheng Shazhou Equity Investment Co Ltd [5.2%],N/A,Henan,Anyang,exact,BF; BOF,https://www.gem.wiki/Shagang_Group_Anyang_Yongxing_Special_Steel_Co_Ltd,36.143573,114.149964,1993.0,1982.0,,,,,BF-BOF (coal-based),2600.0,0.0,0.0,0.0,2728.0,2600.0,0.0,operating,operating; operating pre-retirement; construction; retired
P100000121191,Shakambhari Ispat and Power Purulia steel plant,Shakambhari Ispat & Power Ltd,India,Asia Pacific,"23.6138610, 86.7895270",25.0,Shakambhari Group,N/A,West Bengal,Raghunathpur,exact,DRI; IF; BF,https://www.gem.wiki/Shakambhari_Ispat_and_Power_Purulia_steel_plant,23.613861,86.789527,2001.0,1700.0,198.0,,198.0,,DRI-EAF,660.0,0.0,0.0,0.0,759.0,0.0,0.0,operating,operating; announced
P100000121244,Shams Iron and Steel Complex Tabriz,Daric Investment Holding Co,Iran,Middle East,"37.4466750, 45.9568910",,Daric Investment Holding Co [100.0%],N/A,East Azerbaijan,Ajabshir,exact,DRI; EAF,https://www.gem.wiki/Shams_Iron_and_Steel_Complex_Tabriz,37.446675,45.956891,,,,0.0,,0.0,DRI-EAF,0.0,1500.0,0.0,0.0,,,,construction,construction
P100000120243,Shandong Chuanyang Group Co Ltd,Shandong Chuanyang Group Co Ltd,China,Asia Pacific,"36.8947840, 117.8883660",19.69,Shandong Chuanyang Group Co Ltd [100.0%],N/A,Shandong,Changshan,exact,BF; BOF,https://www.gem.wiki/Shandong_Chuanyang_Group_Co_Ltd,36.894784,117.888366,2002.0,,,,,,BF-BOF (coal-based),0.0,0.0,0.0,2700.0,,,,retired,retired
P100000120249,Shandong Fulun Iron and Steel Co Ltd,Fulun Iron & Steel Co Ltd,China,Asia Pacific,"36.3084470, 117.5404250",22.63,Shandong Xiangxin Investment Holding Co Ltd [93.3%]; unknown [6.7%],N/A,Shandong,Yangli,exact,BF; BOF,https://www.gem.wiki/Shandong_Fulun_Iron_and_Steel_Co_Ltd,36.308447,117.540425,2003.0,3095.0,,1100.0,,,BF-BOF (coal-based),2700.0,0.0,0.0,0.0,5000.0,2700.0,0.0,operating,operating; operating pre-retirement
P100000120241,Shandong Guangfu Group Co Ltd,Shandong Guangfu Group Co Ltd,China,Asia Pacific,"36.8631450, 117.6169180",39.0,natural person(s) [89.3%]; Shandong Chaote High End Equipment Technology Co Ltd [10.7%],N/A,Shandong,Qingyang,exact,BF; BOF; EAF,https://www.gem.wiki/Shandong_Guangfu_Group_Co_Ltd,36.863145,117.616918,1983.0,,,1900.0,,,Mixed (BF-BOF + electric),0.0,0.0,0.0,3960.0,,,,retired,retired
P100000121150,Shandong Iron and Steel Co Ltd Laiwu Branch Aishan Street,Shandong Iron and Steel Co Ltd,China,Asia Pacific,"36.0877170, 117.8279270",5.0,Shandong Iron and Steel Co Ltd [100.0%],N/A,Shandong,unknown,exact,BF; BOF,https://www.gem.wiki/Shandong_Iron_and_Steel_Co_Ltd_Laiwu_Branch_Aishan_Street,36.087717,117.827927,2021.0,14822.0,,,,,BF-BOF (coal-based),3850.0,0.0,0.0,2300.0,3040.0,3850.0,0.0,operating,operating; cancelled
P100000120337,Shandong Iron and Steel Co Ltd Laiwu Branch Xinxing Road,Shandong Iron and Steel Co Ltd,China,Asia Pacific,"36.0885040, 117.8504790",9.75,Shandong Iron and Steel Co Ltd [100.0%],N/A,Shandong,unknown,exact,BF; BOF; EAF,https://www.gem.wiki/Shandong_Iron_and_Steel_Co_Ltd_Laiwu_Branch_Xinxing_Road,36.088504,117.850479,2012.0,,,,,,Mixed (BF-BOF + electric),0.0,0.0,0.0,6190.0,,,,retired,retired
P100000120312,Shandong Iron and Steel Group Rizhao Co Ltd,Shandong IRON&STEEL Group Rizhao Co Ltd,China,Asia Pacific,"35.1889690, 119.3837230",17.0,Shandong Iron and Steel Co Ltd [50.6%]; Shandong Iron and Steel Group Co Ltd [34.0%]; Shandong Guohui Investment Co Ltd [9.7%]; Shandong Caixin Asset Operation Co Ltd [4.9%]; unknown [0.8%],Partial,Shandong,Rizhao,exact,BF; BOF; EAF,https://www.gem.wiki/Shandong_Iron_and_Steel_Group_Rizhao_Co_Ltd,35.188969,119.383723,2009.0,5696.0,,,,,BF-BOF (coal-based),8500.0,1300.0,0.0,0.0,8100.0,8500.0,0.0,operating,operating; announced
P100000120414,Shandong Iron and Steel Group Yongfeng Lingang Co Ltd,Shandong Iron & Steel Group Yongfeng Lingang Corp,China,Asia Pacific,"35.1370610, 119.0683190",4.69,Qihe Zhongxin Investment Co Ltd [47.2%]; Shandong Iron and Steel Group Co Ltd [28.4%]; Yongfeng Group Co Ltd [12.2%]; Shandong Guohui Investment Co Ltd [8.1%]; Shandong Caixin Asset Operation Co Ltd [4.1%],Partial,Shandong,Pingshang,exact,BF; BOF,https://www.gem.wiki/Shandong_Iron_and_Steel_Group_Yongfeng_Lingang_Co_Ltd,35.137061,119.068319,2021.0,1341.0,,,,,BF-BOF (coal-based),5400.0,2750.0,0.0,0.0,5557.0,5400.0,0.0,operating,operating; announced
P100000120238,Shandong Iron and Steel Group Yongfeng Zibo Co Ltd,Shandong Iron Steel Group Yongfeng Zibo Co Ltd,China,Asia Pacific,"36.9060360, 118.1118330",4.74,Shandong Iron and Steel Group Co Ltd [35.0%]; Qihe Zhongxin Investment Co Ltd [34.7%]; Yongfeng Group Co Ltd [15.3%]; Shandong Guohui Investment Co Ltd [10.0%]; Shandong Caixin Asset Operation Co Ltd [5.0%],Partial,Shandong,Economic Development Zone,exact,BF; BOF,https://www.gem.wiki/Shandong_Iron_and_Steel_Group_Yongfeng_Zibo_Co_Ltd,36.906036,118.111833,2016.0,,,,,,BF-BOF (coal-based),0.0,0.0,0.0,2700.0,,,,retired,retired
P100001063692,Shandong Jinguan Metallurgical Technology Co Ltd,Shandong Jinguan Metallurgical Technology Co Ltd,China,Asia Pacific,"37.449126, 116.396787",22.79,Shandong Jinguan Metallurgical Technology Co Ltd [100.0%],N/A,Shandong,Miao,approximate,EAF,https://www.gem.wiki/Shandong_Jinguan_Metallurgical_Technology_Co_Ltd,37.449126,116.396787,2003.0,328.0,0.0,0.0,0.0,0.0,EAF / IF (electric),2810.0,0.0,0.0,0.0,0.0,0.0,2810.0,operating,operating; operating pre-retirement
P100000120255,Shandong Laigang Yongfeng Steel Co Ltd,Shandong Laigang Yongfeng Steel Corp,China,Asia Pacific,"36.7993000, 116.8026000",19.55,Qihe Zhongxin Investment Co Ltd [55.5%]; Shandong Iron and Steel Group Co Ltd [24.1%]; Yongfeng Group Co Ltd [10.1%]; Shandong Guohui Investment Co Ltd [6.9%]; Shandong Caixin Asset Operation Co Ltd [3.4%],Partial,Shandong,Qihe Economic Development Zone,exact,BF; BOF,https://www.gem.wiki/Shandong_Laigang_Yongfeng_Steel_Co_Ltd,36.7993,116.8026,2002.0,5773.0,,,,,BF-BOF (coal-based),0.0,0.0,0.0,2700.0,,,,retired,retired
P100000120251,Shandong Longsheng Iron and Steel Co Ltd,Shandong Longsheng Iron and Steel Co Ltd,China,Asia Pacific,"36.8911890, 118.1870410",18.07,Jinghua Rigang Holding Group Co Ltd [50.0%]; natural person(s) [30.4%]; unknown [19.7%],N/A,Shandong,Fenghuang,exact,BF; BOF,https://www.gem.wiki/Shandong_Longsheng_Iron_and_Steel_Co_Ltd,36.891189,118.187041,2003.0,,,,,,BF-BOF (coal-based),0.0,0.0,0.0,2000.0,,,,retired,retired
P100000120248,Shandong Luli Steel Co Ltd,Shandong Luli Steel Co Ltd,China,Asia Pacific,"36.9708750, 118.9554440",33.0,Luli Group Co Ltd [49.0%]; unknown [39.6%]; natural person(s) [11.4%],N/A,Shandong,Hou,exact,BF; BOF,https://www.gem.wiki/Shandong_Luli_Steel_Co_Ltd,36.970875,118.955444,1993.0,2369.0,,,,,BF-BOF (coal-based),1400.0,0.0,0.0,0.0,2680.0,1400.0,0.0,operating,operating
P100000120252,Shandong Minyuan Iron and Steel Co Ltd,Shandong Minyuan Steel & Iron Co Ltd,China,Asia Pacific,"36.7284090, 117.4265820",19.7,Shandong Minyuan Steel & Iron Co Ltd [100.0%],N/A,Shandong,unknown,exact,BF; BOF,https://www.gem.wiki/Shandong_Minyuan_Iron_and_Steel_Co_Ltd,36.728409,117.426582,2003.0,,,,,,BF-BOF (coal-based),0.0,0.0,0.0,1900.0,,,,retired,retired
P100000120247,Shandong Shouguang Juneng Special Steel Co Ltd,Shandong Shouguang Juneng SPECIAL Steel Co Ltd,China,Asia Pacific,"36.9391250, 118.7855980",23.21,natural person(s) [44.4%]; unknown [15.3%]; Shouguang Zhirun Investment Co Ltd [13.4%]; Shouguang Shengda Investment Co Ltd [10.4%]; Shouguang Shanyue Qingfeng Economic and Trade Co Ltd [8.3%]; Shouguang Zhitao Trading Co Ltd [3.2%]; Shouguang Xingchen Dahai Trading Co Ltd [2.5%]; Shouguang Yunxin Economic and Trade Co Ltd [2.5%],N/A,Shandong,unknown,exact,BF; BOF; EAF,https://www.gem.wiki/Shandong_Shouguang_Juneng_Special_Steel_Co_Ltd,36.939125,118.785598,2002.0,2953.0,,,,,Mixed (BF-BOF + electric),2850.0,0.0,0.0,0.0,1150.0,2350.0,500.0,operating,operating
P100001063638,Shandong Taigang Xinhai Stainless Steel Co Ltd,Shandong Taigang Xinhai Stainless Steel Co Ltd,China,Asia Pacific,"35.228556, 119.084178",10.07,Shandong Taigang Xinhai Stainless Steel Co Ltd [100.0%],N/A,Shandong,Lingang Economic Development Zone,approximate,BF; BOF,https://www.gem.wiki/Shandong_Taigang_Xinhai_Stainless_Steel_Co_Ltd,35.228556,119.084178,2016.0,,,,,,BF-BOF (coal-based),1860.0,0.0,0.0,0.0,400.0,1860.0,0.0,operating,operating
P100000120245,Shandong Taishan Steel Group Co Ltd,Shandong Taishan Steel Group Co Ltd,China,Asia Pacific,"36.2214100, 117.6277280",57.0,Guang Yang An Tai Holdings Ltd [91.0%]; Jinan Yanshan Investment Co Ltd [9.0%],N/A,Shandong,Jinan,exact,BOF; BF; EAF,https://www.gem.wiki/Shandong_Taishan_Steel_Group_Co_Ltd,36.22141,117.627728,1969.0,4532.0,,,,,Mixed (BF-BOF + electric),0.0,0.0,3150.0,2640.0,,,,mothballed pre-retirement,mothballed pre-retirement; cancelled
P100000121146,Shandong Xinhua Special Steel Group Co Ltd,Shandong Xinhua Special Steel Group Co Ltd,China,Asia Pacific,"36.2561750, 116.1798330",18.47,Shandong Xinhua Special Steel Group Co Ltd [100.0%],N/A,Shandong,Jianglou,exact,BF; BOF,https://www.gem.wiki/Shandong_Xinhua_Special_Steel_Group_Co_Ltd,36.256175,116.179833,2003.0,146.0,,,,,BF-BOF (coal-based),0.0,0.0,0.0,2700.0,,,,retired,retired
P100000120210,Shanghai Meishan Iron and Steel Co Ltd,Shanghai Meishan Iron & Steel Co Ltd,China,Asia Pacific,"31.9029690, 118.6166700",57.0,Baoshan Iron & Steel Co Ltd [77.0%]; China Development Bank Corp [9.1%]; The China Orient Asset Management Co Ltd [7.0%]; Nanjing State-Owned Assets Investment & Management Holding (Group) Co Ltd [6.8%],Partial,Jiangsu,unknown,exact,BF; BOF,https://www.gem.wiki/Shanghai_Meishan_Iron_and_Steel_Co_Ltd,31.902969,118.61667,1969.0,5051.0,,,,,BF-BOF (coal-based),7600.0,0.0,0.0,0.0,7300.0,7600.0,0.0,operating,operating
P100000120270,Shanxi Changxin Industrial Co Ltd,Shanxi Changxin Industry Co Ltd,China,Asia Pacific,"36.3265890, 113.1171810",37.0,Shanxi Changxin Industry Co Ltd [100.0%],N/A,Shanxi,unknown,exact,BF; BOF,https://www.gem.wiki/Shanxi_Changxin_Industrial_Co_Ltd,36.326589,113.117181,1989.0,193.0,,,,,BF-BOF (coal-based),1520.0,1475.0,0.0,0.0,1240.0,1520.0,0.0,operating pre-retirement,operating pre-retirement; announced
P100000121152,Shanxi Dongfang Hengliu Precision Casting Co,Shanxi Dongfang Hengliu Precision Casting Co,China,Asia Pacific,"36.0800510, 111.6477540",16.04,Shanxi Dongfang Hengliu Precision Casting Co [100.0%],N/A,Shanxi,Dayang,exact,BF; BOF,https://www.gem.wiki/Shanxi_Dongfang_Hengliu_Precision_Casting_Co,36.080051,111.647754,2002.0,1273.0,,,,,BF-BOF (coal-based),0.0,0.0,0.0,1200.0,,,,retired,retired
P100000120268,Shanxi Gaoyi Steel Co Ltd,Shanxi Gaoyi Steel Co Ltd,China,Asia Pacific,"35.5868410, 111.2584360",29.0,Shanxi Gaoyi Steel Co Ltd [100.0%],N/A,Shanxi,Yuncheng,exact,BF; BOF,https://www.gem.wiki/Shanxi_Gaoyi_Steel_Co_Ltd,35.586841,111.258436,1997.0,38876.0,,,,,BF-BOF (coal-based),2700.0,0.0,0.0,0.0,4001.0,2700.0,0.0,operating,operating; retired
P100000120266,Shanxi Hongda Iron and Steel Group Co Ltd,Shanxi HONGDA Iron and Steel Group Co Ltd,China,Asia Pacific,"35.7018950, 110.7868260",26.81,Shanxi HONGDA Iron and Steel Group Co Ltd [100.0%],N/A,Shanxi,Senglou,exact,BF; BOF,https://www.gem.wiki/Shanxi_Hongda_Iron_and_Steel_Group_Co_Ltd,35.701895,110.786826,1999.0,15.0,,,1300.0,,BF-BOF (coal-based),2300.0,0.0,0.0,2200.0,1250.0,2300.0,0.0,operating,operating; mothballed; retired
P100000120406,Shanxi Huaqiang Iron and Steel Co Ltd,Shanxi HUAQIANG Iron and Steel Co Ltd,China,Asia Pacific,"35.6708480, 111.3788870",22.84,Shanxi HUAQIANG Iron and Steel Co Ltd [100.0%],N/A,Shanxi,Zhangcun,exact,BF,https://www.gem.wiki/Shanxi_Huaqiang_Iron_and_Steel_Co_Ltd,35.670848,111.378887,2003.0,49.0,,,,,BF-BOF (coal-based),0.0,0.0,0.0,0.0,500.0,0.0,0.0,operating,operating
P100000120267,Shanxi Huaxinyuan Steel and Iron Group Co Ltd,Hejin Huaxinyuan Steel & Iron Co Ltd,China,Asia Pacific,"35.6055060, 110.6520560",23.12,Hejin Huaxinyuan Steel & Iron Co Ltd [100.0%],N/A,Shanxi,Yangcun,exact,BF; BOF,https://www.gem.wiki/Shanxi_Huaxinyuan_Steel_and_Iron_Group_Co_Ltd,35.605506,110.652056,2003.0,716.0,,,,,BF-BOF (coal-based),1150.0,0.0,0.0,1200.0,1190.0,1150.0,0.0,operating,operating; retired
P100000120274,Shanxi Jianlong Industrial Co Ltd,Shanxi Jianlong Industrial Co Ltd,China,Asia Pacific,"35.4174050, 111.3039190",25.91,Beijing Jianlong Investment Co Ltd [87.6%]; unknown [12.4%],N/A,Shanxi,Dong,exact,BF; BOF,https://www.gem.wiki/Shanxi_Jianlong_Industrial_Co_Ltd,35.417405,111.303919,2000.0,6775.0,,,,,BF-BOF (coal-based),4750.0,0.0,0.0,0.0,3736.0,4750.0,0.0,operating,operating; operating pre-retirement; construction; mothballed
P100000120316,Shanxi Jinnan Iron and Steel Group Co Ltd,Shanxi Jinnan Iron and Steel Group Co Ltd,China,Asia Pacific,"35.6785410, 111.5146500",12.0,Shanxi Jinnan Holding Group Co Ltd [100.0%],N/A,Shanxi,unknown,exact,BF; BOF,https://www.gem.wiki/Shanxi_Jinnan_Iron_and_Steel_Group_Co_Ltd,35.678541,111.51465,2014.0,1010.0,,,,,BF-BOF (coal-based),4800.0,1600.0,0.0,0.0,4740.0,4800.0,0.0,operating,operating; announced
P100000120262,Shanxi Liheng Steel Co Ltd,Shanxi Liheng Iron and Steel Co Ltd,China,Asia Pacific,"35.7015410, 111.4267100",17.0,Shanxi Liheng Iron and Steel Co Ltd [100.0%],N/A,Shanxi,Gaoxian,exact,BF; BOF,https://www.gem.wiki/Shanxi_Liheng_Steel_Co_Ltd,35.701541,111.42671,2002.0,,,3700.0,,,BF-BOF (coal-based),0.0,0.0,0.0,7000.0,,,,retired,retired
P100000120308,Shanxi Meijin Iron and Steel Co Ltd Dongyu Town,Shanxi Meijin Iron and Steel Co Ltd,China,Asia Pacific,"37.5713540, 112.2297910",22.32,Meijin Energy Group Co Ltd [50.0%]; China New Energy Group Ltd [48.0%]; unknown [2.0%],N/A,Shanxi,Dongyu,exact,BOF; BF,https://www.gem.wiki/Shanxi_Meijin_Iron_and_Steel_Co_Ltd_Dongyu_Town,37.571354,112.229791,2003.0,743.0,,,,,BF-BOF (coal-based),1700.0,0.0,0.0,0.0,2200.0,1700.0,0.0,operating,operating; operating pre-retirement
P100000121151,Shanxi Meijin Iron and Steel Co Ltd Yuanping City,Shanxi Meijin Iron and Steel Co Ltd,China,Asia Pacific,"38.7393000, 112.6890860",,Meijin Energy Group Co Ltd [50.0%]; China New Energy Group Ltd [48.0%]; unknown [2.0%],N/A,Shanxi,Taiyuan,approximate,BF; BOF,https://www.gem.wiki/Shanxi_Meijin_Iron_and_Steel_Co_Ltd_Yuanping_City,38.7393,112.689086,,,,,1200.0,,BF-BOF (coal-based),0.0,3090.0,0.0,0.0,,,,announced,announced
P100000120258,Shanxi Taigang Stainless Steel Co Ltd,Shanxi Taigang Stainless Steel Co Ltd,China,Asia Pacific,"37.9314880, 112.5393210",27.69,Shanxi Taigang Stainless Steel Co Ltd [100.0%],N/A,Shanxi,unknown,exact,BF; BOF; EAF,https://www.gem.wiki/Shanxi_Taigang_Stainless_Steel_Co_Ltd,37.931488,112.539321,1998.0,17434.0,,,,,Mixed (BF-BOF + electric),12460.0,0.0,0.0,0.0,8480.0,8800.0,3660.0,operating,operating
P100000120264,Shanxi Tongcai Industry and Trade Co Ltd,ShanXi TongCai Industry and Trade Co Ltd,China,Asia Pacific,"35.6943210, 111.4293810",24.0,Shanxi Jianbang Group Co Ltd [51.4%]; natural person(s) [48.6%],N/A,Shanxi,unknown,exact,BF; BOF; EAF,https://www.gem.wiki/Shanxi_Tongcai_Industry_and_Trade_Co_Ltd,35.694321,111.429381,2002.0,2073.0,,,,,Mixed (BF-BOF + electric),2780.0,0.0,0.0,2800.0,2980.0,2300.0,480.0,operating,operating; retired
P100000121087,Shanxi Tongde Xinghua Special Steel Co Ltd,Shanxi Tongde Xinghua Special Steel Co Ltd,China,Asia Pacific,"40.1835170, 113.3054620",20.21,Shanxi State-Owned Capital Investment and Operation Co Ltd [28.7%]; Datong Qijun Trading Co Ltd [26.0%]; Tianjin Bohai Runde Steel Group Co Ltd [25.0%]; China Cinda Asset Management Co Ltd [14.8%]; Jinneng Holding Group Co Ltd [3.2%]; unknown [2.3%],Partial,Shanxi,Gudian,exact,BF; BOF,https://www.gem.wiki/Shanxi_Tongde_Xinghua_Special_Steel_Co_Ltd,40.183517,113.305462,2005.0,3140.0,,,,,BF-BOF (coal-based),2500.0,0.0,0.0,0.0,1100.0,2500.0,0.0,operating,operating
P100000120261,Shanxi Xintai Iron and Steel Co Ltd,Shanxi Xintai Iron & Steel Co Ltd,China,Asia Pacific,"37.0750170, 111.9851480",20.73,Shanxi Antai Holding Group Co Ltd [100.0%],N/A,Shanxi,Yi'an,exact,BF; BOF,https://www.gem.wiki/Shanxi_Xintai_Iron_and_Steel_Co_Ltd,37.075017,111.985148,2005.0,1729.0,,,,,BF-BOF (coal-based),3000.0,0.0,0.0,0.0,2250.0,3000.0,0.0,operating,operating; operating pre-retirement; announced; mothballed
P100000120271,Shanxi Zhongsheng Iron and Steel Co Ltd,Shanxi Zhongsheng Iron and Steel Co Ltd,China,Asia Pacific,"35.7277760, 111.3301220",19.32,Shanxi Zhongsheng Iron and Steel Co Ltd [100.0%],N/A,Shanxi,Yonggu,exact,BF; BOF,https://www.gem.wiki/Shanxi_Zhongsheng_Iron_and_Steel_Co_Ltd,35.727776,111.330122,2006.0,104.0,,,,,BF-BOF (coal-based),0.0,1650.0,0.0,1700.0,1130.0,0.0,0.0,operating,operating; construction; retired
P100000120259,Shanxi Zhongyang Iron and Steel Co Ltd,Shanxi Zhongyang Iron & Steel Co Ltd,China,Asia Pacific,"37.3707960, 111.1611180",20.28,Shanxi Zhongyang Iron & Steel Co Ltd [100.0%],N/A,Shanxi,Lvliang,exact,BF; BOF,https://www.gem.wiki/Shanxi_Zhongyang_Iron_and_Steel_Co_Ltd,37.370796,111.161118,2005.0,7019.0,,1000.0,,,BF-BOF (coal-based),3600.0,0.0,0.0,1350.0,3600.0,3600.0,0.0,operating,operating; retired
P100001063176,"Shengli (Qingyuan) Steel Products Co., Ltd.",Shengli (Qingyuan) Steel Products Co Ltd,China,Asia Pacific,"23.5530410, 113.1199420",22.0,Shengli (Qingyuan) Steel Products Co Ltd [100.0%],N/A,Guangdong,Qingyuan,exact,EAF,"https://www.gem.wiki/Shengli_(Qingyuan)_Steel_Products_Co.,_Ltd.",23.553041,113.119942,2004.0,263.0,0.0,0.0,0.0,0.0,EAF / IF (electric),1000.0,0.0,0.0,0.0,0.0,0.0,1000.0,operating,operating
P100001045593,Shengli Vietnam Special Steel An Bai plant,Shengli Vietnam Special Steel Co Ltd,Vietnam,Asia Pacific,"20.6526570, 106.4402080",18.0,Guangdong Metals & Minerals Import & Export Group Corp; Shengli (Fujian) Investment Group Corp,N/A,Thai Binh,An Bai,exact,EAF,https://www.gem.wiki/Shengli_Vietnam_Special_Steel_An_Bai_plant,20.652657,106.440208,2008.0,1000.0,0.0,0.0,0.0,0.0,EAF / IF (electric),800.0,0.0,0.0,0.0,0.0,0.0,800.0,operating,operating
P100001063815,ShiGangJingCheng Equipment Development and Manufacturing Co Ltd,ShiGangJingCheng Equipment Development and Manufacturing Co Ltd,China,Asia Pacific,"40.626396, 122.388840",20.0,ShiGangJingCheng Equipment Development and Manufacturing Co Ltd [100.0%],N/A,Liaoning,unknown,exact,BOF; EAF,https://www.gem.wiki/ShiGangJingCheng_Equipment_Development_and_Manufacturing_Co_Ltd,40.626396,122.38884,2006.0,,,,,,Mixed (BF-BOF + electric),1900.0,0.0,0.0,0.0,0.0,1150.0,750.0,operating,operating
P100000120246,Shiheng Special Steel Group Co Ltd,Shiheng SPECIAL Steel Group Co Ltd,China,Asia Pacific,"36.2292010, 116.5339810",25.15,Shiheng Special Steel Holding Group Co Ltd [54.7%]; Hong Kong Wing Tai Holdings [22.0%]; unknown [15.9%]; Trade Union Committee of Shiheng Special Steel Group [7.4%],N/A,Shandong,Shiheng,exact,BF; BOF,https://www.gem.wiki/Shiheng_Special_Steel_Group_Co_Ltd,36.229201,116.533981,2000.0,7337.0,,1000.0,,,BF-BOF (coal-based),4650.0,0.0,0.0,2210.0,5040.0,4650.0,0.0,operating,operating; retired
P100001064067,Shijiazhuang Hongsen Melting & Casting Co Ltd,Shijiazhuang Hongsen Melting & Casting Co Ltd,China,Asia Pacific,"38.021527, 114.916959",19.47,Shijiazhuang Hongsen Melting & Casting Co Ltd [100.0%],N/A,Hebei,Shijiazhuang,exact,BF; EAF,https://www.gem.wiki/Shijiazhuang_Hongsen_Melting_&_Casting_Co_Ltd,38.021527,114.916959,2006.0,1000.0,,,,,Mixed (BF-BOF + electric),,0.0,0.0,0.0,516.0,0.0,,operating,operating
P100000120103,Shijiazhuang Iron and Steel Co Ltd,Shijiazhuang Iron and Steel Co Ltd,China,Asia Pacific,"38.0607350, 114.5603580",63.0,HBIS Group Co Ltd [74.7%]; HBIS International Holdings Ltd [24.9%]; unknown [0.4%],Partial,Hebei,Shijiazhuang,exact,BF; BOF; EAF,https://www.gem.wiki/Shijiazhuang_Iron_and_Steel_Co_Ltd,38.060735,114.560358,1957.0,,,,,,Mixed (BF-BOF + electric),0.0,0.0,0.0,2160.0,,,,retired,retired
P100000120322,Shijiazhuang Iron and Steel Co Ltd Special Steel Branch,Shijiazhuang Iron and Steel Co Ltd,China,Asia Pacific,"38.0750080, 114.0330430",6.0,HBIS Group Co Ltd [74.7%]; HBIS International Holdings Ltd [24.9%]; unknown [0.4%],Partial,Hebei,Shijiazhuang,exact,EAF,https://www.gem.wiki/Shijiazhuang_Iron_and_Steel_Co_Ltd_Special_Steel_Branch,38.075008,114.033043,2020.0,3576.0,0.0,0.0,0.0,0.0,EAF / IF (electric),2000.0,0.0,0.0,0.0,0.0,0.0,2000.0,operating,operating
P100000121046,Shiu Wing Tuen Mun Steel plant,Shiu Wing Steel Ltd,Hong Kong,Asia Pacific,"22.3694980, 113.9260950",1.0,Shiu Wing Steel Ltd [100.0%],N/A,Hong Kong,Tuen Mun,exact,EAF,https://www.gem.wiki/Shiu_Wing_Tuen_Mun_Steel_plant,22.369498,113.926095,,274.0,,,,,EAF / IF (electric),0.0,700.0,0.0,0.0,,,,announced,announced
P100000121073,Shiyan Fuyan Iron and Steel Co Ltd,Shiyan Fuyan Iron and Steel Co Ltd,China,Asia Pacific,"32.6503670, 110.6547940",23.0,Hubei Tiangang Recycling Industry Group Co Ltd [50.8%]; natural person(s) [49.2%],N/A,Hubei,Shiyan,exact,EAF,https://www.gem.wiki/Shiyan_Fuyan_Iron_and_Steel_Co_Ltd,32.650367,110.654794,2003.0,210.0,0.0,0.0,0.0,0.0,EAF / IF (electric),600.0,0.0,0.0,0.0,0.0,0.0,600.0,operating pre-retirement,operating pre-retirement
P100000121074,Shiyan Yunyang District Rongfeng Iron and Steel Co Ltd,Yun County Rongfeng Rolling Mill Factory,China,Asia Pacific,"32.7385980, 110.7932690",15.0,Yun County Rongfeng Rolling Mill Factory [100.0%],N/A,Hubei,Shiyan,exact,EAF,https://www.gem.wiki/Shiyan_Yunyang_District_Rongfeng_Iron_and_Steel_Co_Ltd,32.738598,110.793269,2011.0,196.0,0.0,0.0,0.0,0.0,EAF / IF (electric),700.0,0.0,0.0,0.0,0.0,0.0,700.0,operating,operating
P100000120275,Shougang Changzhi Iron and Steel Co Ltd,Shougang Changzhi IRON& Steel Co Ltd,China,Asia Pacific,"36.3564040, 113.0608090",29.94,Beijing State-owned Capital Management Center [90.0%]; Changzhi State-owned Industry Asset Operation Co Ltd [10.0%],Full,Shanxi,Changzhi,exact,BF; BOF,https://www.gem.wiki/Shougang_Changzhi_Iron_and_Steel_Co_Ltd,36.356404,113.060809,1996.0,7130.0,,,,,BF-BOF (coal-based),3600.0,0.0,0.0,0.0,2080.0,3600.0,0.0,operating,operating
P100001080914,Shougang Group Kazakhstan green steel plant,Fujian Hengwang Investment Co Ltd,Kazakhstan,Eurasia,"43.5016213, 73.6098137",,Fujian Hengwang Investment Co Ltd [100.0%],N/A,Jambyl,unknown,approximate,DRI; EAF,https://www.gem.wiki/Shougang_Group_Kazakhstan_green_steel_plant,43.5016213,73.6098137,2027.0,2500.0,,0.0,,0.0,DRI-EAF,0.0,3000.0,0.0,0.0,,,,announced,announced
P100000121067,Shougang Guiyang Special Steel Co Ltd,Shougang Guiyang SPECIAL Steel Co Ltd,China,Asia Pacific,"26.8735920, 106.7321500",68.0,Beijing State-owned Capital Management Center [70.0%]; Guizhou Qiansheng State-Owned Assets Management Co Ltd [29.7%]; unknown [0.3%],Partial,Guizhou,Guiyang,exact,EAF,https://www.gem.wiki/Shougang_Guiyang_Special_Steel_Co_Ltd,26.873592,106.73215,1958.0,1113.0,0.0,0.0,0.0,0.0,EAF / IF (electric),600.0,0.0,0.0,0.0,0.0,0.0,600.0,operating,operating
P100000120106,Shougang Jingtang United Iron and Steel Co Ltd,Shougang Jingtang United Iron & Steel Co Ltd,China,Asia Pacific,"38.9536640, 118.5033900",21.0,Beijing Shougang Co Ltd [100.0%],N/A,Hebei,Tangshan,exact,BF; BOF,https://www.gem.wiki/Shougang_Jingtang_United_Iron_and_Steel_Co_Ltd,38.953664,118.50339,2005.0,9104.0,,,,,BF-BOF (coal-based),13700.0,0.0,0.0,0.0,13500.0,13700.0,0.0,operating,operating
P100000120107,Shougang Qian an Iron and Steel Co Ltd,Beijing Shougang Co Ltd,China,Asia Pacific,"39.9767020, 118.5587880",24.0,Beijing Shougang Co Ltd [100.0%],N/A,Hebei,Tangshan,exact,BF; BOF; EAF,https://www.gem.wiki/Shougang_Qian_an_Iron_and_Steel_Co_Ltd,39.976702,118.558788,2002.0,5339.0,,,,,BF-BOF (coal-based),8300.0,1300.0,0.0,0.0,7850.0,8300.0,0.0,operating,operating; operating pre-retirement; construction
P100000120096,Shougang Shuicheng Iron and Steel Group Co Ltd,Shougang Shuicheng Iron & Steel (Group) Co Ltd,China,Asia Pacific,"26.5952290, 104.8774130",60.0,Beijing State-owned Capital Management Center [61.1%]; China Huarong Asset Management Co Ltd [16.2%]; China Cinda Asset Management Co Ltd [13.2%]; unknown [9.6%],Partial,Guizhou,Liupanshui,exact,BF; BOF,https://www.gem.wiki/Shougang_Shuicheng_Iron_and_Steel_Group_Co_Ltd,26.595229,104.877413,1966.0,8900.0,,,,,BF-BOF (coal-based),3501.0,0.0,0.0,0.0,3300.0,3501.0,0.0,operating,operating
P100001063585,Shougang Yili Iron & Steel Co Ltd,Shougang Yili Iron & Steel Co Ltd,China,Asia Pacific,"43.528516, 83.276706",68.0,Shougang Yili Iron & Steel Co Ltd [100.0%],N/A,Xinjiang,unknown,exact,BF,https://www.gem.wiki/Shougang_Yili_Iron_&_Steel_Co_Ltd,43.528516,83.276706,1958.0,2000.0,,,,,BF-BOF (coal-based),0.0,0.0,0.0,0.0,1645.0,0.0,0.0,operating,operating; retired
P100000121192,Shri Bajrang Power & Ispat Tilda steel plant,Shri Bajrang Power and Ispat Ltd,India,Asia Pacific,"21.4861900, 81.7716970",13.0,Banka Finance & Securities Pvt Ltd [15.9%]; Atlanta Securities Pvt Ltd [15.6%]; natural person(s) [6.3%]; Sukanya Merchandise Pvt Ltd [5.5%]; Bonus Dealcom Pvt Ltd [5.5%],N/A,Chhattisgarh,Tilda,exact,DRI; Steel other/unspecified; BF; BOF,https://www.gem.wiki/Shri_Bajrang_Power_&_Ispat_Tilda_steel_plant,21.48619,81.771697,2013.0,,1000.0,500.0,1400.0,0.0,DRI (ironmaking only),500.0,1100.0,0.0,0.0,600.0,0.0,0.0,operating,operating; announced
P100000121183,Shyam Metalics Jamuria steel plant,Shyam Metalics and Energy Ltd,India,Asia Pacific,"23.6937490, 87.1227110",13.0,Shyam Metalics and Energy Ltd [100.0%],N/A,West Bengal,Jamuria,exact,BF; DRI; IF; EAF,https://www.gem.wiki/Shyam_Metalics_Jamuria_steel_plant,23.693749,87.122711,2013.0,,1110.0,,3000.0,,Mixed (BF-BOF + electric),1144.0,400.0,0.0,0.0,2252.0,0.0,0.0,operating,operating; announced
P100000121184,Shyam Metalics Sambalpur steel plant,Shyam Metalics and Energy Ltd,India,Asia Pacific,"21.6803440, 84.0417900",20.0,Shyam Metalics and Energy Ltd [100.0%],N/A,Odisha,Pandoli,exact,DRI; IF; EAF; BF,https://www.gem.wiki/Shyam_Metalics_Sambalpur_steel_plant,21.680344,84.04179,2006.0,3060.0,,,3000.0,,DRI-EAF,1606.0,673.0,0.0,0.0,2054.0,0.0,0.0,operating,operating; announced; cancelled
P100000121182,Shyam Steel Mejia steel plant,Shyam Steel Manufacturing Ltd,India,Asia Pacific,"23.5641570, 87.0895520",,Shyam Steel Industries Ltd,N/A,West Bengal,Meija,exact,DRI; IF; EAF,https://www.gem.wiki/Shyam_Steel_Mejia_steel_plant,23.564157,87.089552,,,,0.0,,0.0,DRI-EAF,126.0,490.0,0.0,0.0,227.0,0.0,0.0,operating,operating; announced
P100000121181,Shyam Steel Raghunathpur steel plant,Shyam Steel Industries Ltd,India,Asia Pacific,"23.5902120, 86.7246030",2.0,Shyam Steel Industries Ltd [100.0%],N/A,West Bengal,Raghunathpur,approximate,DRI; IF; BF; BOF; EAF,https://www.gem.wiki/Shyam_Steel_Raghunathpur_steel_plant,23.590212,86.724603,2024.0,8000.0,1092.0,500.0,1200.0,,DRI-EAF,420.0,1540.0,0.0,0.0,420.0,0.0,0.0,operating,operating; announced
P100000121229,Shyeh Sheng Fuat Steel Kaohsiung steel plant,Shyeh Sheng Fuat Steel & Iron Works Co Ltd,Taiwan,Asia Pacific,"22.5593910, 120.3656132",60.0,Shyeh Sheng Fuat Steel & Iron Works Co Ltd [100.0%],N/A,Kaohsiung,Kaohsiung,exact,EAF,https://www.gem.wiki/Shyeh_Sheng_Fuat_Steel_Kaohsiung_steel_plant,22.559391,120.3656132,1966.0,430.0,0.0,0.0,0.0,0.0,EAF / IF (electric),720.0,0.0,0.0,0.0,0.0,0.0,720.0,operating,operating
P100000120860,Siam Yamato Steel Map Ta Phut plant,Siam Yamato Steel Co Ltd,Thailand,Asia Pacific,"12.6748980, 101.1470020",32.0,Yamato Kogyo Co Ltd [64.2%]; Mitsui & Co Ltd [20.0%]; Siam Cement PCL [10.0%]; Sumitomo Corp [5.8%],Partial,Rayong,Maptaphut,exact,EAF,https://www.gem.wiki/Siam_Yamato_Steel_Map_Ta_Phut_plant,12.674898,101.147002,1994.0,,0.0,0.0,0.0,0.0,EAF / IF (electric),600.0,0.0,0.0,0.0,0.0,0.0,600.0,operating,operating
P100000120861,Siam Yamato Steel Rayong plant,Siam Yamato Steel Co Ltd,Thailand,Asia Pacific,"12.7066420, 101.1117030",16.0,Yamato Kogyo Co Ltd [64.2%]; Mitsui & Co Ltd [20.0%]; Siam Cement PCL [10.0%]; Sumitomo Corp [5.8%],Partial,Rayong,Maptaphut,exact,EAF,https://www.gem.wiki/Siam_Yamato_Steel_Rayong_plant,12.706642,101.111703,2010.0,,0.0,0.0,0.0,0.0,EAF / IF (electric),500.0,0.0,0.0,0.0,0.0,0.0,500.0,operating,operating
P100000120377,Sichuan Dazhou Iron and Steel Group Co Ltd,Sichuan Dazhou Iron & Steel Group Co Ltd,China,Asia Pacific,"31.1894500, 107.4530990",28.89,Beijing Fangda International Industrial Investment Group Co Ltd [69.3%]; unknown [24.6%]; China Cinda Asset Management Co Ltd [6.1%],N/A,Sichuan,unknown,exact,BF; BOF,https://www.gem.wiki/Sichuan_Dazhou_Iron_and_Steel_Group_Co_Ltd,31.18945,107.453099,1997.0,3854.0,4300.0,2100.0,,,BF-BOF (coal-based),2300.0,0.0,0.0,2600.0,2428.0,2300.0,0.0,operating,operating; retired
P100000120075,Sichuan Desheng Group Vanadium and Titanium Co Ltd,"Sichuan De Sheng Group, Vanadium and Titanium Co Ltd",China,Asia Pacific,"29.3979800, 103.5425320",29.0,Haojun Development Group Co Ltd [49.0%]; natural person(s) [26.8%]; Yunnan Desheng Steel Co Ltd [14.0%]; Yunnan Desheng Logistics Co Ltd [10.2%],N/A,Chongqing,Leshan,exact,BF; BOF,https://www.gem.wiki/Sichuan_Desheng_Group_Vanadium_and_Titanium_Co_Ltd,29.39798,103.542532,1997.0,3309.0,2800.0,,,,BF-BOF (coal-based),3000.0,0.0,0.0,0.0,2250.0,3000.0,0.0,operating,operating; retired
P100000120375,Sichuan Gangchen Stainless Steel Co Ltd,Sichuan Gangchen Stainless Steel Co Ltd,China,Asia Pacific,"29.5010440, 103.6073650",6.23,Fujian Xinsheng Investment Co Ltd [85.0%]; Pingtan Longxin Investment Co Ltd [15.0%],N/A,Sichuan,Jianong,exact,EAF,https://www.gem.wiki/Sichuan_Gangchen_Stainless_Steel_Co_Ltd,29.501044,103.607365,2019.0,720.0,0.0,0.0,0.0,0.0,EAF / IF (electric),600.0,0.0,0.0,0.0,0.0,0.0,600.0,operating,operating
P100000121058,Sichuan Shehong Chuanzhong Construction Materials Co Ltd,Sichuan Shehong Chuanzhong Construction Materials Co Ltd,China,Asia Pacific,"30.8307260, 105.3676950",25.89,Sichuan Shehong Chuanzhong Construction Materials Co Ltd [100.0%],N/A,Sichuan,Quhe,exact,EAF,https://www.gem.wiki/Sichuan_Shehong_Chuanzhong_Construction_Materials_Co_Ltd,30.830726,105.367695,2000.0,306.0,0.0,0.0,0.0,0.0,EAF / IF (electric),550.0,0.0,0.0,0.0,0.0,0.0,550.0,operating,operating
P100000120320,Sichuan Shengquan Iron and Steel Group Co Ltd,Sichuan Shengquan Iron and Steel Group Co Ltd,China,Asia Pacific,"31.2559610, 104.1906120",7.46,Sichuan Shengquan Iron and Steel Group Co Ltd [100.0%],N/A,Sichuan,unknown,exact,EAF,https://www.gem.wiki/Sichuan_Shengquan_Iron_and_Steel_Group_Co_Ltd,31.255961,104.190612,2018.0,980.0,0.0,0.0,0.0,0.0,EAF / IF (electric),1000.0,0.0,0.0,800.0,0.0,0.0,1000.0,operating,operating; retired
P100000121059,Sichuan Yaan Anshan Iron and Steel Co Ltd,Sichuan Ya'an Anshan Iron and Steel Co Ltd,China,Asia Pacific,"30.0591330, 102.6259070",4.91,Sichuan Ya'an Anshan Iron and Steel Co Ltd [100.0%],N/A,Sichuan,Xiaohe,exact,EAF,https://www.gem.wiki/Sichuan_Yaan_Anshan_Iron_and_Steel_Co_Ltd,30.059133,102.625907,2021.0,119.0,0.0,0.0,0.0,0.0,EAF / IF (electric),830.0,0.0,0.0,0.0,0.0,0.0,830.0,operating,operating
P100000120884,Siddik Kardesler Dilovasi steel plant,Sıddık Kardeşler Haddecilik Sanayi Ticaret LŞ,Türkiye,Europe,"40.8008330, 29.5120080",10.0,Sıddık Kardeşler Haddecilik Sanayi Ticaret LŞ [100.0%],N/A,Kocaeli,Dilovası,exact,EAF,https://www.gem.wiki/Siddik_Kardesler_Dilovasi_steel_plant,40.800833,29.512008,2016.0,369.0,0.0,0.0,0.0,0.0,EAF / IF (electric),690.0,0.0,0.0,0.0,0.0,0.0,690.0,operating,operating
P100000120465,Sidenor Aceros Especiales Basauri steel plant,Sidenor Aceros Especiales SLU,Spain,Europe,"43.2272820, -2.8846760",59.0,Clerbil SL,N/A,Vizcaya,Basauri,exact,EAF,https://www.gem.wiki/Sidenor_Aceros_Especiales_Basauri_steel_plant,43.227282,-2.884676,1967.0,263.0,0.0,0.0,0.0,0.0,EAF / IF (electric),740.0,0.0,0.0,0.0,0.0,0.0,740.0,operating,operating
P100000120493,Sidenor Steel Industry Thessaloniki plant,Sidenor Steel Industry SA,Greece,Europe,"40.7044580, 22.8165420",64.0,Viohalco SA,N/A,Macedonia,Thessaloniki,exact,EAF,https://www.gem.wiki/Sidenor_Steel_Industry_Thessaloniki_plant,40.704458,22.816542,1962.0,483.0,0.0,0.0,0.0,0.0,EAF / IF (electric),800.0,0.0,0.0,0.0,0.0,0.0,800.0,operating,operating
P100000120440,Sider El Hadjar Annaba steel plant,Groupe Industriel Sider SpA,Algeria,Africa,"36.7959240, 7.7076330",57.0,Groupe Industriel Sider SpA [100.0%],Full,Annaba,Sidi Amar,exact,DRI; EAF; BF; BOF,https://www.gem.wiki/Sider_El_Hadjar_Annaba_steel_plant,36.795924,7.707633,1969.0,5748.0,,1200.0,,,Mixed (BF-BOF + electric),0.0,1700.0,750.0,0.0,,,,announced,announced; mothballed; mothballed pre-retirement
P100000121004,Sidor Ciudad Guayana steel plant,Siderurgica del Orinoco Alfredo Maneiro CA,Venezuela,Central & South America,"8.2590730, -62.8411260",64.0,Siderurgica del Orinoco Alfredo Maneiro CA [100.0%],Full,Bolívar,Guayana City,exact,DRI; EAF,https://www.gem.wiki/Sidor_Ciudad_Guayana_steel_plant,8.259073,-62.841126,1962.0,12676.0,,0.0,1825.0,0.0,DRI-EAF,1020.0,0.0,4080.0,0.0,1290.0,0.0,1020.0,operating,operating; mothballed
P100000120853,SIJ Acroni Jesenice steel plant,SIJ Acroni doo,Slovenia,Europe,"46.4239940, 14.0946450",66.0,Slovenska industrija jekla dd [25.0%]; Dilon doo,Partial,Jesenice,Koroška Bela,exact,EAF,https://www.gem.wiki/SIJ_Acroni_Jesenice_steel_plant,46.423994,14.094645,1960.0,1300.0,,0.0,,0.0,EAF / IF (electric),726.0,0.0,0.0,0.0,0.0,0.0,726.0,operating,operating
P100000120052,Simec Cariacica steel plant,GV do Brasil Industria e Comercio de Aço Ltda,Brazil,Central & South America,"-20.3429100, -40.3608640",84.0,Grupo Simec SAB de CV [100.0%],N/A,Espírito Santo,Cariacica,exact,EAF,https://www.gem.wiki/Simec_Cariacica_steel_plant,-20.34291,-40.360864,1942.0,579.0,0.0,0.0,0.0,0.0,EAF / IF (electric),600.0,1100.0,0.0,0.0,0.0,0.0,600.0,operating,operating; announced
P100000120051,Simec Pindamonhangaba steel plant,GV do Brasil Industria e Comercio de Aço Ltda,Brazil,Central & South America,"-22.9219120, -45.4132340",11.0,Grupo Simec SAB de CV [100.0%],N/A,São Paulo,Pindamonhangaba,exact,EAF,https://www.gem.wiki/Simec_Pindamonhangaba_steel_plant,-22.921912,-45.413234,2015.0,480.0,0.0,0.0,0.0,0.0,EAF / IF (electric),500.0,700.0,0.0,0.0,0.0,0.0,500.0,operating,operating; construction
P100000120711,Sin Yuan Steel Shymkent steel plant,Sin Yuan Steel LLP,Kazakhstan,Eurasia,"42.2722590, 69.7261000",6.0,unknown [100.0%]; natural person(s) [87.0%],N/A,Shymkent,Shymkent,exact,IF,https://www.gem.wiki/Sin_Yuan_Steel_Shymkent_steel_plant,42.272259,69.7261,2020.0,250.0,0.0,0.0,0.0,0.0,EAF / IF (electric),0.0,0.0,500.0,0.0,,,,mothballed,mothballed
P100000121176,Sinobras Marabá steel plant,Siderurgica Norte Brasil SA,Brazil,Central & South America,"-5.4142870, -49.0813050",19.0,WMA Participacoes SA [80.0%]; Aço Cearense Industrial Ltda [20.0%],N/A,Pará,Marabá,exact,BF; EAF; BOF,https://www.gem.wiki/Sinobras_Marabá_steel_plant,-5.414287,-49.081305,2007.0,1300.0,83.0,0.0,,,Mixed (BF-BOF + electric),504.0,500.0,0.0,0.0,175.0,0.0,504.0,operating,operating; announced
P100000120684,Sinosteel Kenya steel plant,Sinosteel Corp Ltd,Kenya,Africa,"0.4616970, 37.9912830",,Sinosteel Corp Ltd [100.0%],N/A,unknown,unknown,approximate,Iron other/unspecified; Steel other/unspecified,https://www.gem.wiki/Sinosteel_Kenya_steel_plant,0.461697,37.991283,,,,,,,Other / unspecified,0.0,0.0,0.0,1000.0,,,,cancelled,cancelled
P100000120598,Sirjan Iranian Steel Kerman Plant,Iranian Sirjan Steel Co,Iran,Middle East,"29.9280620, 56.7365390",13.0,Mabna Khavar Miyaneh Co; Pars Aryan Investment Co; Pasargad Arzesh Afarinan Co; Rahbord Sarmaye Iranian Co; small shareholder(s); Tejarat Pishegan Mihan Negar Pars Co,N/A,Kerman,Bardsir,exact,DRI; EAF,https://www.gem.wiki/Sirjan_Iranian_Steel_Kerman_Plant,29.928062,56.736539,2013.0,800.0,,0.0,2500.0,0.0,DRI-EAF,1000.0,1000.0,0.0,0.0,1000.0,0.0,1000.0,operating,operating; construction
P100001044904,SMS Group DRI Plant,SMS Group GmbH,Egypt,Africa,"26.7878720, 30.5724740",,Siemag Weiss GmbH & Co KG,N/A,unknown,unknown,approximate,DRI,https://www.gem.wiki/SMS_Group_DRI_Plant,26.787872,30.572474,,1000.0,,0.0,,0.0,DRI (ironmaking only),0.0,0.0,0.0,0.0,,,,announced,announced
P100000120794,SN MAIA Siderurgia Nacional steel plant,SN MAIA Siderurgia Nacional SA,Portugal,Europe,"41.2550850, -8.5552850",52.0,Bipadosa SL,N/A,Porto,Maia,exact,EAF,https://www.gem.wiki/SN_MAIA_Siderurgia_Nacional_steel_plant,41.255085,-8.555285,1974.0,296.0,0.0,0.0,0.0,0.0,EAF / IF (electric),600.0,0.0,0.0,0.0,0.0,0.0,600.0,operating,operating
P100000120793,SN SEIXAL Siderurgia Nacional steel plant,SN SEIXAL Siderurgia Nacional SA,Portugal,Europe,"38.6160230, -9.0685270",65.0,Bipadosa SL,N/A,Setúbal,Aldeia de Paio Pires,exact,EAF,https://www.gem.wiki/SN_SEIXAL_Siderurgia_Nacional_steel_plant,38.616023,-9.068527,1961.0,400.0,0.0,0.0,0.0,0.0,EAF / IF (electric),1100.0,0.0,0.0,0.0,0.0,0.0,1100.0,operating,operating
P100000120765,Sohar Steel plant,Sohar Steel LLC,Oman,Middle East,"24.4998690, 56.5991110",18.0,Templar Investments Ltd,N/A,Al Batinah North,Sohar,exact,EAF,https://www.gem.wiki/Sohar_Steel_plant,24.499869,56.599111,2008.0,150.0,0.0,0.0,0.0,0.0,EAF / IF (electric),700.0,0.0,0.0,0.0,0.0,0.0,700.0,operating,operating
P100000120834,Solb Steel Jizan plant,Solb Steel Co,Saudi Arabia,Middle East,"17.2984750, 42.3523380",17.0,Industries Qatar QPSC [40.4%]; Saudi Pan Kingdom for Trading Industry and Contracting Co Ltd,Partial,Jizan Region,Jizan,exact,EAF,https://www.gem.wiki/Solb_Steel_Jizan_plant,17.298475,42.352338,2009.0,2000.0,0.0,0.0,0.0,0.0,EAF / IF (electric),1200.0,0.0,0.0,0.0,0.0,0.0,1200.0,operating,operating
P100000120707,South Korea hydrogen DRI plant,unknown,South Korea,Asia Pacific,"36.6475110, 128.1310640",,unknown [100.0%],N/A,unknown,unknown,approximate,DRI,https://www.gem.wiki/South_Korea_hydrogen_DRI_plant,36.647511,128.131064,2030.0,,,0.0,,0.0,DRI (ironmaking only),0.0,0.0,0.0,0.0,,,,announced,announced
P100000121055,Southern Steel Prai Penang plant,Southern Steel Bhd,Malaysia,Asia Pacific,"5.3994530, 100.3821770",63.0,Southern Steel Bhd [100.0%],N/A,Penang,Prai,exact,EAF,https://www.gem.wiki/Southern_Steel_Prai_Penang_plant,5.399453,100.382177,1963.0,,0.0,0.0,0.0,0.0,EAF / IF (electric),1400.0,0.0,0.0,0.0,0.0,0.0,1400.0,operating,operating
P100000120492,Sovel Almyros steel plant,Sovel SA,Greece,Europe,"39.1696320, 22.8402160",25.0,Viohalco SA [28.6%],N/A,Thessaly,Almyros,exact,EAF,https://www.gem.wiki/Sovel_Almyros_steel_plant,39.169632,22.840216,2001.0,576.0,0.0,0.0,0.0,0.0,EAF / IF (electric),1350.0,0.0,0.0,0.0,0.0,0.0,1350.0,operating,operating
P100000120933,SSAB Americas Alabama steel plant,SSAB Americas Holding AB,United States,North America,"30.9417830, -88.0124370",25.0,SSAB AB [100.0%],Partial,Alabama,Axis,exact,EAF,https://www.gem.wiki/SSAB_Americas_Alabama_steel_plant,30.941783,-88.012437,2001.0,700.0,0.0,0.0,0.0,0.0,EAF / IF (electric),1250.0,0.0,0.0,0.0,0.0,0.0,1250.0,operating,operating
P100000120934,SSAB Americas Iowa steel plant,SSAB Americas Holding AB,United States,North America,"41.4820090, -90.8209210",29.0,SSAB AB [100.0%],Partial,Iowa,Muscatine,exact,EAF,https://www.gem.wiki/SSAB_Americas_Iowa_steel_plant,41.482009,-90.820921,1997.0,500.0,0.0,0.0,0.0,0.0,EAF / IF (electric),1200.0,0.0,0.0,,0.0,0.0,1200.0,operating,operating; cancelled
P100000120845,SSAB Luleå steel plant,SSAB AB,Sweden,Europe,"65.5597190, 22.2196990",85.0,SSAB AB [100.0%],Partial,Norrbotten,Luleå,exact,DRI; EAF; BF; BOF,https://www.gem.wiki/SSAB_Luleå_steel_plant,65.559719,22.219699,1941.0,1200.0,,,,,Mixed (BF-BOF + electric),2313.0,2500.0,0.0,0.0,2564.0,2300.0,13.0,operating,operating; operating pre-retirement; construction
P100000120844,SSAB Oxelösund steel plant,SSAB AB,Sweden,Europe,"58.6707890, 17.1277860",113.0,SSAB AB [100.0%],Partial,Södermanland,Oxelösund,exact,EAF; BF; BOF,https://www.gem.wiki/SSAB_Oxelösund_steel_plant,58.670789,17.127786,1913.0,2400.0,,,,,BF-BOF (coal-based),1500.0,1500.0,0.0,0.0,1550.0,1500.0,0.0,operating pre-retirement,operating pre-retirement; construction
P100000120468,SSAB Raahe steel plant,SSAB AB,Finland,Europe,"64.6511110, 24.4185440",62.0,SSAB AB [100.0%],Partial,North Ostrobothnia,Raahe,exact,EAF; BF; BOF,https://www.gem.wiki/SSAB_Raahe_steel_plant,64.651111,24.418544,1964.0,2500.0,0.0,,,,BF-BOF (coal-based),2600.0,2600.0,0.0,0.0,2600.0,2600.0,0.0,operating pre-retirement,operating pre-retirement; announced
P100000120065,Stahl Gerlafingen steel plant,Stahl Gerlafingen AG,Switzerland,Europe,"47.1719580, 7.5622870",108.0,Beltrame Holding SpA [79.4%]; unknown [21.6%],N/A,Solothurn,Gerlafingen,exact,EAF,https://www.gem.wiki/Stahl_Gerlafingen_steel_plant,47.171958,7.562287,1918.0,540.0,0.0,0.0,0.0,0.0,EAF / IF (electric),720.0,0.0,0.0,,0.0,0.0,720.0,operating,operating; retired
P100000120025,Star Consortium steel plant,Star Infrastructure Development Corp,Bangladesh,Asia Pacific,"22.7741910, 91.5746010",3.0,Star Infrastructure Development Corp [100.0%],N/A,Chittagong,Mirsarai,approximate,BF; BOF,https://www.gem.wiki/Star_Consortium_steel_plant,22.774191,91.574601,2023.0,,,,,,BF-BOF (coal-based),0.0,0.0,0.0,2000.0,,,,cancelled,cancelled
P100000120578,State Company for Iron & Steel Basra plant,State Company for Iron and Steel (Iraq),Iraq,Middle East,"30.2471634, 47.8324180",,State Company for Iron and Steel (Iraq) [100.0%],Full,Basra,Khor Al-Zubair,exact,EAF; DRI,https://www.gem.wiki/State_Company_for_Iron_&_Steel_Basra_plant,30.2471634,47.832418,,500.0,,0.0,,0.0,EAF / IF (electric),580.0,0.0,0.0,0.0,0.0,0.0,580.0,operating,operating; construction
P100000120829,StavStal Metallurgical Plant,StavStal' LLC,Russia,Eurasia,"44.6883230, 41.9273310",10.0,StavStal' LLC [100.0%],N/A,Stavropol Krai,Nevinnomyssk,exact,EAF,https://www.gem.wiki/StavStal_Metallurgical_Plant,44.688323,41.927331,2016.0,1000.0,0.0,0.0,0.0,0.0,EAF / IF (electric),500.0,0.0,0.0,0.0,0.0,0.0,500.0,operating,operating
P100000120957,Steel Dynamics Butler plant,Steel Dynamics Inc,United States,North America,"41.3706400, -84.9174540",30.0,Steel Dynamics Inc [100.0%],N/A,Indiana,Butler,exact,DRI; EAF,https://www.gem.wiki/Steel_Dynamics_Butler_plant,41.37064,-84.917454,1996.0,3150.0,,0.0,,0.0,DRI-EAF,3000.0,0.0,0.0,0.0,260.0,0.0,3000.0,operating,operating
P100000120958,Steel Dynamics Columbia City plant,Steel Dynamics Inc,United States,North America,"41.1216130, -85.3486020",24.0,Steel Dynamics Inc [100.0%],N/A,Indiana,Columbia City,exact,EAF,https://www.gem.wiki/Steel_Dynamics_Columbia_City_plant,41.121613,-85.348602,2002.0,3150.0,0.0,0.0,0.0,0.0,EAF / IF (electric),2000.0,0.0,0.0,0.0,0.0,0.0,2000.0,operating,operating
P100000120959,Steel Dynamics Columbus plant,Steel Dynamics Inc,United States,North America,"33.4475800, -88.5726830",19.0,Steel Dynamics Inc [100.0%],N/A,Mississippi,Columbus,exact,EAF,https://www.gem.wiki/Steel_Dynamics_Columbus_plant,33.44758,-88.572683,2007.0,700.0,0.0,0.0,0.0,0.0,EAF / IF (electric),3400.0,0.0,0.0,0.0,0.0,0.0,3400.0,operating,operating
P100000120973,Steel Dynamics Engineered Bar Products steel plant,Steel Dynamics Inc,United States,North America,"39.8755080, -86.4842140",22.0,Steel Dynamics Inc [100.0%],N/A,Indiana,Pittsboro,exact,EAF,https://www.gem.wiki/Steel_Dynamics_Engineered_Bar_Products_steel_plant,39.875508,-86.484214,2004.0,3015.0,0.0,0.0,0.0,0.0,EAF / IF (electric),950.0,0.0,0.0,0.0,0.0,0.0,950.0,operating,operating
P100000120972,Steel Dynamics Roanoke steel plant,Steel Dynamics Inc,United States,North America,"37.2729270, -79.9988280",71.0,Steel Dynamics Inc [100.0%],N/A,Virginia,Roanoke,exact,EAF,https://www.gem.wiki/Steel_Dynamics_Roanoke_steel_plant,37.272927,-79.998828,1955.0,3150.0,0.0,0.0,0.0,0.0,EAF / IF (electric),590.0,0.0,0.0,0.0,0.0,0.0,590.0,operating,operating
P100000120960,Steel Dynamics Sinton plant,Steel Dynamics Inc,United States,North America,"28.0518200, -97.4880400",4.0,Steel Dynamics Inc [100.0%],N/A,Texas,Sinton,exact,EAF,https://www.gem.wiki/Steel_Dynamics_Sinton_plant,28.05182,-97.48804,2022.0,700.0,0.0,0.0,0.0,0.0,EAF / IF (electric),2722.0,0.0,0.0,0.0,0.0,0.0,2722.0,operating,operating
P100000120772,SteelAsia Calaca steel plant,SteelAsia Manufacturing Corp,Philippines,Asia Pacific,"13.9223460, 120.8237960",27.0,SteelAsia Manufacturing Corp [100.0%],N/A,Southern Luzon,Calaca Batangas,exact,EAF,https://www.gem.wiki/SteelAsia_Calaca_steel_plant,13.922346,120.823796,1999.0,800.0,0.0,0.0,0.0,0.0,EAF / IF (electric),500.0,0.0,0.0,0.0,0.0,0.0,500.0,operating,operating
P100001054284,SteelAsia Candelaria steel plant,SteelAsia Manufacturing Corp,Philippines,Asia Pacific,"13.9077156, 121.4294936",,SteelAsia Manufacturing Corp [100.0%],N/A,Quezon,Candelaria,approximate,EAF,https://www.gem.wiki/SteelAsia_Candelaria_steel_plant,13.9077156,121.4294936,2027.0,1500.0,0.0,0.0,0.0,0.0,EAF / IF (electric),0.0,1000.0,0.0,0.0,,,,construction,construction
P100000120773,SteelAsia Compostela steel plant,SteelAsia Manufacturing Corp,Philippines,Asia Pacific,"10.4507800, 124.0064240",3.0,SteelAsia Manufacturing Corp [100.0%],N/A,Cebu,Compostela,exact,EAF,https://www.gem.wiki/SteelAsia_Compostela_steel_plant,10.45078,124.006424,2023.0,3000.0,0.0,0.0,0.0,0.0,EAF / IF (electric),1000.0,0.0,0.0,0.0,0.0,0.0,1000.0,operating,operating
P100000120770,SteelAsia Concepcion steel plant,SteelAsia Manufacturing Corp,Philippines,Asia Pacific,"15.3253070, 120.6553610",,SteelAsia Manufacturing Corp [100.0%],N/A,Luzon,Tarlac,approximate,EAF,https://www.gem.wiki/SteelAsia_Concepcion_steel_plant,15.325307,120.655361,2028.0,1000.0,,,,,EAF / IF (electric),0.0,1200.0,0.0,0.0,,,,construction,construction
P100001062172,SteelAsia Davao steel plant,SteelAsia Manufacturing Corp,Philippines,Asia Pacific,"7.2362420, 125.6309330",12.0,SteelAsia Manufacturing Corp [100.0%],N/A,Davao del Sur,Davao,exact,EAF,https://www.gem.wiki/SteelAsia_Davao_steel_plant,7.236242,125.630933,2014.0,,,,,,EAF / IF (electric),600.0,0.0,0.0,0.0,0.0,0.0,600.0,operating,operating
P100000120776,SteelAsia Lemery steel plant,SteelAsia Manufacturing Corp,Philippines,Asia Pacific,"13.9160940, 120.8864140",1.0,SteelAsia Manufacturing Corp [100.0%],N/A,Batangas,Lemery,approximate,EAF,https://www.gem.wiki/SteelAsia_Lemery_steel_plant,13.916094,120.886414,2025.0,600.0,0.0,0.0,0.0,0.0,EAF / IF (electric),0.0,4600.0,0.0,0.0,,,,construction,construction; announced
P100000120850,Stegra Boden steel plant,Stegra AB,Sweden,Europe,"65.8053890, 21.7591400",,BNP Paribas SA; European Investment Bank; ING Groep NV; Kreditanstalt für Wiederaufbau; small shareholder(s); Société Générale SA,Partial,Norrbotten,Boden,approximate,DRI; EAF,https://www.gem.wiki/Stegra_Boden_steel_plant,65.805389,21.75914,2027.0,1500.0,,0.0,,0.0,DRI-EAF,0.0,5000.0,0.0,0.0,,,,construction,construction; announced
P100000121222,Stegra Spain steel plant,Stegra AB,Spain,Europe,"40.4637000, -3.7492000",0.0,BNP Paribas SA; European Investment Bank; ING Groep NV; Kreditanstalt für Wiederaufbau; small shareholder(s); Société Générale SA,Partial,unknown,unknown,approximate,DRI,https://www.gem.wiki/Stegra_Spain_steel_plant,40.4637,-3.7492,,,,0.0,,0.0,DRI (ironmaking only),0.0,0.0,0.0,0.0,,,,announced,announced
P100000120031,Stomana Industry Pernik steel plant,Stomana Industry AD,Bulgaria,Europe,"42.5956290, 23.0930950",68.0,Viohalco SA [100.0%],N/A,Pernik,Pernik,exact,EAF,https://www.gem.wiki/Stomana_Industry_Pernik_steel_plant,42.595629,23.093095,1958.0,1200.0,0.0,0.0,0.0,0.0,EAF / IF (electric),1400.0,0.0,0.0,0.0,0.0,0.0,1400.0,operating,operating
P100000120449,Suez Steel Solb Misr Attaka plant,Suez Steel Company SAE,Egypt,Africa,"29.9278750, 32.4377440",26.0,LITAT Holding Co Ltd,N/A,Suez,Attaka,exact,DRI; EAF,https://www.gem.wiki/Suez_Steel_Solb_Misr_Attaka_plant,29.927875,32.437744,2000.0,1500.0,,0.0,5000.0,0.0,DRI-EAF,2080.0,0.0,0.0,0.0,1950.0,0.0,2080.0,operating,operating
P100000120032,Sulb Bahrain Al Hidd steel plant,Sulb Company BSCC,Bahrain,Middle East,"26.1981520, 50.6798930",14.0,Yamato Kogyo Co Ltd [49.0%]; Gulf Investment Corp [25.5%]; Industries Qatar QPSC [12.8%]; Gulf Cables & Electrical Industries Co KSC [5.1%]; National Industries Group Holding KSCP [5.1%]; Kuwait Foundry Company KSCP [2.6%],Partial,Muharraq,Al Hidd,exact,DRI; EAF,https://www.gem.wiki/Sulb_Bahrain_Al_Hidd_steel_plant,26.198152,50.679893,2012.0,,,0.0,12000.0,0.0,DRI-EAF,1300.0,0.0,0.0,0.0,1700.0,0.0,1300.0,operating,operating
P100000120764,Sun Metals Sur steel plant,Sun Metal Casting LLC,Oman,Middle East,"22.6329920, 59.4169710",12.0,Sun Metal Casting LLC [100.0%],N/A,Ash Sharqiyah South,Sur,approximate,EAF,https://www.gem.wiki/Sun_Metals_Sur_steel_plant,22.632992,59.416971,2014.0,,0.0,0.0,0.0,0.0,EAF / IF (electric),0.0,0.0,0.0,2500.0,,,,cancelled,cancelled
P100000120575,Sunflag Iron and Steel plant,Sunflag Iron and Steel Co Ltd,India,Asia Pacific,"21.2329290, 79.6323980",37.0,Sunflag Iron and Steel Co Ltd [100.0%],N/A,Maharashtra,Warthi,exact,BF; DRI; EAF; IF; Steel other/unspecified,https://www.gem.wiki/Sunflag_Iron_and_Steel_plant,21.232929,79.632398,1989.0,2691.0,364.0,,,,Mixed (BF-BOF + electric),525.0,500.0,0.0,0.0,562.0,0.0,525.0,operating,operating; announced
P100001025670,Surjagad Ispat Gadchiroli steel plant,Surjagad Ispat Pvt Ltd,India,Asia Pacific,"19.4872010, 79.9685510",0.0,Surjagad Ispat Pvt Ltd [100.0%],N/A,Maharashtra,Aheri,approximate,DRI; IF; Steel other/unspecified,https://www.gem.wiki/Surjagad_Ispat_Gadchiroli_steel_plant,19.487201,79.968551,2026.0,,,0.0,1200.0,0.0,DRI-EAF,0.0,2000.0,0.0,0.0,,,,announced,announced
P100000121193,Swadesh Metallics Simga steel plant,Swadesh Metallics Pvt Ltd,India,Asia Pacific,"21.6257060, 81.7052540",,Swadesh Metallics Pvt Ltd [100.0%],N/A,Chhattisgarh,Simga,approximate,BF; DRI; IF,https://www.gem.wiki/Swadesh_Metallics_Simga_steel_plant,21.625706,81.705254,,1900.0,400.0,,600.0,,Mixed (BF-BOF + electric),0.0,600.0,0.0,0.0,,,,announced,announced
P100000121227,Swiss Steel Emmenbrücke plant,Swiss Steel Holding AG,Switzerland,Europe,"47.3080550, 7.8735940",27.0,Swiss Steel Holding AG [100.0%],N/A,Lucerne,Emmen,exact,EAF,https://www.gem.wiki/Swiss_Steel_Emmenbrücke_plant,47.308055,7.873594,1999.0,490.0,0.0,0.0,0.0,0.0,EAF / IF (electric),650.0,0.0,0.0,0.0,0.0,0.0,650.0,operating,operating
P100001063500,Taishan Baofeng Iron & Steel Co Ltd,Taishan Baofeng Iron & Steel Co Ltd,China,Asia Pacific,"22.425677, 112.788855",23.0,Taishan Baofeng Iron & Steel Co Ltd [100.0%],N/A,Guangdong,Jiangmen,exact,EAF,https://www.gem.wiki/Taishan_Baofeng_Iron_&_Steel_Co_Ltd,22.425677,112.788855,2003.0,450.0,0.0,0.0,0.0,0.0,EAF / IF (electric),520.0,0.0,0.0,0.0,0.0,0.0,520.0,operating,operating
P100000120147,Tangshan Chunxing Special Steel Co Ltd,Tangshan Chunxing Special Steel Co Ltd,China,Asia Pacific,"39.6763260, 118.4279140",23.5,Tangshan Donghua Iron & Steel Enterprise Group Co Ltd [84.2%]; natural person(s) [15.8%],N/A,Hebei,Tangshan,exact,BF; BOF,https://www.gem.wiki/Tangshan_Chunxing_Special_Steel_Co_Ltd,39.676326,118.427914,2003.0,3.0,,,,,BF-BOF (coal-based),2400.0,0.0,0.0,0.0,1820.0,2400.0,0.0,operating pre-retirement,operating pre-retirement
P100000120122,Tangshan Delong Iron and Steel Co Ltd,Tangshan DELONG Steel Co Ltd,China,Asia Pacific,"39.1925600, 118.8995330",23.67,Qian'an City Jiujiang Wire Co Ltd [51.0%]; British Asia Pan Ruogen International Co Ltd [49.0%],N/A,Hebei,Tangshan,exact,BF; BOF,https://www.gem.wiki/Tangshan_Delong_Iron_and_Steel_Co_Ltd,39.19256,118.899533,2000.0,13.0,,,,,BF-BOF (coal-based),0.0,0.0,0.0,1920.0,,,,retired,retired
P100000120146,Tangshan Donghai Iron and Steel Group Co Ltd,Tangshan Donghai Iron and Steel Group Co Ltd,China,Asia Pacific,"39.7483730, 118.6247940",23.0,Tangshan Donghai Iron and Steel Group Co Ltd [100.0%],N/A,Hebei,Tangshan,exact,BF; BOF,https://www.gem.wiki/Tangshan_Donghai_Iron_and_Steel_Group_Co_Ltd,39.748373,118.624794,2003.0,4318.0,,,1200.0,,BF-BOF (coal-based),5499.0,0.0,0.0,0.0,6412.0,5499.0,0.0,operating,operating; retired; cancelled
P100000120108,Tangshan Donghua Iron and Steel Enterprise Group Co Ltd,Tangshan Donghua Iron & Steel Enterprise Group Co Ltd,China,Asia Pacific,"39.4683660, 118.2567740",17.0,Tangshan Donghua Iron & Steel Enterprise Group Co Ltd [100.0%],N/A,Hebei,Tangshan,exact,BF; BOF; EAF,https://www.gem.wiki/Tangshan_Donghua_Iron_and_Steel_Enterprise_Group_Co_Ltd,39.468366,118.256774,2009.0,7443.0,,,,,BF-BOF (coal-based),4750.0,1650.0,0.0,2700.0,8788.0,4750.0,0.0,operating,operating; operating pre-retirement; construction; retired
P100000120128,Tangshan Fengnan District Jing an Iron and Steel Co Ltd,Tangshan Fengnan District Jing'an Iron and Steel Co Ltd,China,Asia Pacific,"39.6009560, 118.3587260",24.0,Tangshan Fengnan District Jing'an Iron and Steel Co Ltd [100.0%],N/A,Hebei,Tangshan,exact,BF; BOF,https://www.gem.wiki/Tangshan_Fengnan_District_Jing_an_Iron_and_Steel_Co_Ltd,39.600956,118.358726,2002.0,2647.0,6000.0,1100.0,1200.0,,BF-BOF (coal-based),4125.0,1700.0,0.0,0.0,3500.0,4125.0,0.0,operating,operating; operating pre-retirement; construction
P100000120143,Tangshan Fengnan Kaiheng Iron and Steel Co Ltd,Tangshan Fengnan Kaiheng Iron & Steel Co Ltd,China,Asia Pacific,"39.4632000, 118.2471910",21.0,Tangshan Fengnan Kaiheng Iron & Steel Co Ltd [100.0%],N/A,Hebei,Tangshan,exact,BF; BOF,https://www.gem.wiki/Tangshan_Fengnan_Kaiheng_Iron_and_Steel_Co_Ltd,39.4632,118.247191,2002.0,2395.0,,,,,BF-BOF (coal-based),0.0,0.0,0.0,1800.0,,,,retired,retired
P100000120118,Tangshan Ganglu Iron and Steel Co Ltd,Tangshan Ganglu Iron & Steel Co Ltd,China,Asia Pacific,"40.1839130, 118.0739130",24.0,Guotao Co Ltd (Hong Kong) [76.3%]; Yushan (Beijing) Metallurgical Investment Co Ltd [23.7%],N/A,Hebei,Tangshan,exact,BF; BOF,https://www.gem.wiki/Tangshan_Ganglu_Iron_and_Steel_Co_Ltd,40.183913,118.073913,2002.0,6186.0,4956.0,,1495.0,,BF-BOF (coal-based),5614.0,1350.0,0.0,2787.0,6002.0,5614.0,0.0,operating,operating; operating pre-retirement; construction; retired
P100000120379,Tangshan Guotang Steel Co Ltd,Tangshan Guotang Steel Co Ltd,China,Asia Pacific,"39.2931470, 119.0469720",4.0,Guotao Co Ltd (Hong Kong) [61.0%]; Tangshan GUOYI SPECIAL Steel Co Ltd [20.0%]; Yushan (Beijing) Metallurgical Investment Co Ltd [19.0%],N/A,Hebei,Laoting,exact,BF; BOF,https://www.gem.wiki/Tangshan_Guotang_Steel_Co_Ltd,39.293147,119.046972,2022.0,3639.0,4750.0,1760.0,1200.0,,BF-BOF (coal-based),3000.0,0.0,0.0,0.0,2660.0,3000.0,0.0,operating,operating
P100000120144,Tangshan Guoyi Special Type Iron and Steel Co Ltd,Tangshan GUOYI SPECIAL Steel Co Ltd,China,Asia Pacific,"39.6591530, 118.4114880",16.0,Tangshan GUOYI SPECIAL Steel Co Ltd [100.0%],N/A,Hebei,Tangshan,exact,BF; BOF,https://www.gem.wiki/Tangshan_Guoyi_Special_Type_Iron_and_Steel_Co_Ltd,39.659153,118.411488,2006.0,,,,,,BF-BOF (coal-based),0.0,0.0,0.0,4050.0,,,,retired,retired
P100000120101,Tangshan Iron and Steel Group Co Ltd,TANG Shan Iron and Steel Group Co Ltd,China,Asia Pacific,"39.6485870, 118.2124870",77.0,HBIS Group Co Ltd [100.0%],Full,Hebei,Tangshan,exact,BF; BOF,https://www.gem.wiki/Tangshan_Iron_and_Steel_Group_Co_Ltd,39.648587,118.212487,1943.0,3362.0,,,,,BF-BOF (coal-based),0.0,0.0,0.0,6840.0,,,,retired,retired
P100000121159,Tangshan Iron and Steel Kim Chaek plant,Tanshan Iron and Steel,North Korea,Asia Pacific,"40.6752400, 129.2017450",,Tanshan Iron and Steel [100.0%],N/A,North Hamgyeong,Kim Chaek Industrial Park,approximate,Iron other/unspecified; Steel other/unspecified,https://www.gem.wiki/Tangshan_Iron_and_Steel_Kim_Chaek_plant,40.67524,129.201745,,,,,,,Other / unspecified,0.0,0.0,0.0,1500.0,,,,cancelled,cancelled
P100000120124,Tangshan Jianlong Special Steel Co Ltd,Tangshan Jianlong Steel SPECIAL Steel Co Ltd,China,Asia Pacific,"40.1676860, 117.9640040",20.0,Beijing Jianlong Investment Co Ltd [90.2%]; unknown [9.8%],N/A,Hebei,Tangshan,exact,BF; BOF,https://www.gem.wiki/Tangshan_Jianlong_Special_Steel_Co_Ltd,40.167686,117.964004,2000.0,3221.0,,,,,BF-BOF (coal-based),0.0,0.0,0.0,1700.0,,,,retired,retired
P100000120141,Tangshan Jinma Steel Group Co Ltd,Tangshan Jinma Iron & Steel Group Co Ltd,China,Asia Pacific,"39.7004990, 118.4567750",12.0,Tangshan Jinma Iron & Steel Group Co Ltd [100.0%],N/A,Hebei,Tangshan,exact,BF; BOF,https://www.gem.wiki/Tangshan_Jinma_Steel_Group_Co_Ltd,39.700499,118.456775,2009.0,3600.0,,,,,BF-BOF (coal-based),0.0,0.0,0.0,2400.0,,,,retired,retired
P100000120127,Tangshan Medium Thick Plate Co Ltd,Tangshan Heavy Plate Co Ltd,China,Asia Pacific,"39.2684520, 119.0248190",20.0,HBIS Co Ltd [51.0%]; Cambodia Rongfeng Investment Co Ltd [25.1%]; Hebei Wenfeng Industrial Group Co Ltd [23.9%],N/A,Hebei,Tangshan,exact,BF; BOF,https://www.gem.wiki/Tangshan_Medium_Thick_Plate_Co_Ltd,39.268452,119.024819,2006.0,2597.0,,,,,BF-BOF (coal-based),4200.0,0.0,0.0,0.0,4260.0,4200.0,0.0,operating,operating
P100000120109,Tangshan Ruifeng Iron and Steel Group Co Ltd,Tangshan RUIFENG Steel and Iron (GROUP) Co Ltd,China,Asia Pacific,"39.4974720, 118.2720560",24.0,Tangshan RUIFENG Steel and Iron (GROUP) Co Ltd [100.0%],N/A,Hebei,Tangshan,exact,BF; BOF,https://www.gem.wiki/Tangshan_Ruifeng_Iron_and_Steel_Group_Co_Ltd,39.497472,118.272056,2002.0,5926.0,9300.0,,,,BF-BOF (coal-based),4500.0,0.0,0.0,0.0,4561.0,4500.0,0.0,operating,operating
P100001063916,Tangshan Shoutang Baosheng Functional Materials Co Ltd,Tangshan Shoutang Baosheng Functional Materials Co Ltd,China,Asia Pacific,"39.7517930, 118.4900040",19.19,Tangshan Shoutang Baosheng Functional Materials Co Ltd [100.0%],N/A,Hebei,Tangshan,exact,EAF,https://www.gem.wiki/Tangshan_Shoutang_Baosheng_Functional_Materials_Co_Ltd,39.751793,118.490004,2006.0,1525.0,0.0,0.0,0.0,0.0,EAF / IF (electric),860.0,0.0,0.0,0.0,0.0,0.0,860.0,operating,operating
P100000120112,Tangshan Songting Iron and Steel Co Ltd,Tangshan Songting IRON&STEEL Co Ltd,China,Asia Pacific,"39.9388660, 118.5766780",57.0,Tangshan Songting IRON&STEEL Co Ltd [100.0%],N/A,Hebei,Tangshan,exact,BF; BOF,https://www.gem.wiki/Tangshan_Songting_Iron_and_Steel_Co_Ltd,39.938866,118.576678,1969.0,4059.0,,,,,BF-BOF (coal-based),5000.0,0.0,0.0,0.0,5970.0,5000.0,0.0,operating,operating; retired
P100000121141,Tangshan Stainless Steel Co Ltd,Tangshan Stainless Steel Co Ltd,China,Asia Pacific,"39.1604010, 118.4298060",,HBIS Group Co Ltd [68.9%]; Metallurgical Corporation of China Ltd [23.9%]; unknown [7.2%],Partial,Hebei,Tangshan,approximate,BF; BOF,https://www.gem.wiki/Tangshan_Stainless_Steel_Co_Ltd,39.160401,118.429806,,,,,,,BF-BOF (coal-based),0.0,0.0,0.0,1350.0,,,,cancelled,cancelled
P100000120126,Tangshan Stainless Steel Co Ltd Guye District,Tangshan Stainless Steel Co Ltd,China,Asia Pacific,"39.7307950, 118.4676080",23.0,HBIS Group Co Ltd [68.9%]; Metallurgical Corporation of China Ltd [23.9%]; unknown [7.2%],Partial,Hebei,Tangshan,exact,BF; BOF,https://www.gem.wiki/Tangshan_Stainless_Steel_Co_Ltd_Guye_District,39.730795,118.467608,2003.0,803.0,,,,,BF-BOF (coal-based),0.0,0.0,0.0,2700.0,,,,retired,retired
P100000120148,Tangshan Wenfeng Special Steel Co Ltd,Tangshan Wenfeng Special Steel Co Ltd,China,Asia Pacific,"39.1465410, 118.4322610",18.47,Cambodia Rongfeng Investment Co Ltd [62.5%]; Hebei Wenfeng Industrial Group Co Ltd [36.4%]; unknown [1.2%],N/A,Hebei,Tangshan,exact,BF; BOF; EAF,https://www.gem.wiki/Tangshan_Wenfeng_Special_Steel_Co_Ltd,39.146541,118.432261,2007.0,4072.0,,,,,Mixed (BF-BOF + electric),2000.0,0.0,0.0,0.0,2000.0,1350.0,650.0,operating,operating
P100000120139,Tangshan Xinbaotai Iron and Steel Co Ltd,Tangshan Xinbaotai Iron & Steel Co Ltd,China,Asia Pacific,"39.8614250, 118.0366700",19.0,Beijing Jianlong Investment Co Ltd [43.3%]; Guotao Co Ltd (Hong Kong) [38.9%]; Yushan (Beijing) Metallurgical Investment Co Ltd [12.1%]; unknown [5.7%],N/A,Hebei,Tangshan,exact,BF; BOF,https://www.gem.wiki/Tangshan_Xinbaotai_Iron_and_Steel_Co_Ltd,39.861425,118.03667,2002.0,28.0,,,,,BF-BOF (coal-based),0.0,0.0,0.0,3000.0,,,,retired,retired
P100000120140,Tangshan Xinglong Iron and Steel Co Ltd,Tangshan Xinglong Steel Co Ltd,China,Asia Pacific,"39.8476120, 118.3484480",25.0,Tangshan Xinglong Steel Co Ltd [100.0%],N/A,Hebei,Tangshan,exact,EAF; BOF; BF,https://www.gem.wiki/Tangshan_Xinglong_Iron_and_Steel_Co_Ltd,39.847612,118.348448,2001.0,9.0,,,,,EAF / IF (electric),825.0,0.0,850.0,1400.0,0.0,0.0,825.0,operating,operating; mothballed; retired
P100000120341,Tangshan Yutian Jinzhou Industrial Co Ltd,Tangshan Yutian Jinzhou Industry Co Ltd,China,Asia Pacific,"39.9673730, 117.8576590",15.0,British Asia Pan Ruogen International Co Ltd [60.0%]; Tangshan Fengrun Jinruicheng Iron and Steel Co Ltd [40.0%],N/A,Hebei,Tangshan,exact,EAF,https://www.gem.wiki/Tangshan_Yutian_Jinzhou_Industrial_Co_Ltd,39.967373,117.857659,2011.0,1150.0,0.0,0.0,0.0,0.0,EAF / IF (electric),700.0,0.0,0.0,0.0,0.0,0.0,700.0,operating,operating
P100000120342,Tangshan Zhengfeng Steel Co Ltd,Tangshan Zhengfeng Steel Co Ltd,China,Asia Pacific,"39.8527100, 118.1812790",22.0,Tangshan Zhengfeng Steel Co Ltd [100.0%],N/A,Hebei,Tangshan,exact,EAF,https://www.gem.wiki/Tangshan_Zhengfeng_Steel_Co_Ltd,39.85271,118.181279,2004.0,2029.0,0.0,0.0,0.0,0.0,EAF / IF (electric),2439.0,0.0,0.0,0.0,0.0,0.0,2439.0,operating,operating
P100000120546,Tata Metaliks Kharagpur steel plant,Tata Metaliks Ltd,India,Asia Pacific,"22.3856110, 87.2871790",36.0,Tata Metaliks Ltd [100.0%],N/A,West Bengal,Kharagpur,exact,BF,https://www.gem.wiki/Tata_Metaliks_Kharagpur_steel_plant,22.385611,87.287179,1990.0,1453.0,,233.0,,,BF-BOF (coal-based),0.0,0.0,0.0,0.0,600.0,0.0,0.0,operating,operating
P100000120862,Tata Steel Chonburi steel plant,Tata Steel (Thailand) PCL,Thailand,Asia Pacific,"13.0523980, 101.0867950",38.0,Tata Steel (Thailand) PCL [100.0%],Partial,Chonburi,Sriracha,exact,EAF,https://www.gem.wiki/Tata_Steel_Chonburi_steel_plant,13.052398,101.086795,1988.0,367.0,0.0,0.0,0.0,0.0,EAF / IF (electric),800.0,0.0,0.0,0.0,0.0,0.0,800.0,operating,operating
P100000120535,Tata Steel Gamharia steel plant,Tata Steel Ltd,India,Asia Pacific,"22.8128950, 86.0840220",55.0,Tata Steel Ltd [100.0%],Partial,Jharkhand,Jamshedpur,exact,BF; DRI; EAF,https://www.gem.wiki/Tata_Steel_Gamharia_steel_plant,22.812895,86.084022,1971.0,2287.0,1000.0,500.0,1200.0,,Mixed (BF-BOF + electric),1200.0,0.0,0.0,0.0,1295.0,0.0,1200.0,operating,operating
P100000120758,Tata Steel IJmuiden steel plant,Tata Steel Ijmuiden BV,Netherlands,Europe,"52.4841180, 4.6155840",108.0,Tata Steel Ltd,Partial,North Holland,Velsen-Noord,exact,DRI; EAF; BF; BOF,https://www.gem.wiki/Tata_Steel_IJmuiden_steel_plant,52.484118,4.615584,1918.0,12299.0,4800.0,1800.0,4800.0,0.0,BF-BOF (coal-based),7500.0,6000.0,0.0,0.0,6500.0,7500.0,0.0,operating pre-retirement,operating pre-retirement; announced
P100000120529,Tata Steel Jamshedpur steel plant,Tata Steel Ltd,India,Asia Pacific,"22.7885980, 86.1996000",114.0,Tata Steel Ltd [100.0%],Partial,Jharkhand,Jamshedpur,exact,BF; BOF,https://www.gem.wiki/Tata_Steel_Jamshedpur_steel_plant,22.788598,86.1996,1912.0,32364.0,9000.0,3400.0,8000.0,,BF-BOF (coal-based),11000.0,0.0,0.0,0.0,11045.0,11000.0,0.0,operating,operating; mothballed
P100000120852,Tata Steel Jurong steel plant,Tata Steel Ltd,Singapore,Asia Pacific,"1.3067410, 103.7003000",65.0,Tata Steel Ltd [100.0%],Partial,Jurong,Jurong Industrial Estate,exact,EAF,https://www.gem.wiki/Tata_Steel_Jurong_steel_plant,1.306741,103.7003,1961.0,1000.0,,,,,EAF / IF (electric),750.0,0.0,0.0,0.0,0.0,0.0,750.0,operating,operating
P100000120530,Tata Steel Kalinganagar steel plant,Tata Steel Ltd,India,Asia Pacific,"20.9704110, 86.0152110",10.0,Tata Steel Ltd [100.0%],Partial,Odisha,Kalinganagar,exact,BF; BOF,https://www.gem.wiki/Tata_Steel_Kalinganagar_steel_plant,20.970411,86.015211,2016.0,3611.0,,,,,BF-BOF (coal-based),8000.0,0.0,0.0,0.0,6500.0,8000.0,0.0,operating,operating
P100000120576,Tata Steel Ludhiana steel plant,Tata Steel Ltd,India,Asia Pacific,"30.9468880, 75.9875210",,Tata Steel Ltd [100.0%],Partial,Punjab,Kadiana Khurd,exact,EAF,https://www.gem.wiki/Tata_Steel_Ludhiana_steel_plant,30.946888,75.987521,2027.0,500.0,0.0,0.0,0.0,0.0,EAF / IF (electric),0.0,750.0,0.0,0.0,,,,construction,construction
P100000120511,Tata Steel Meramandali steel plant,Tata Steel Ltd,India,Asia Pacific,"20.7960530, 85.2603820",19.0,Tata Steel Ltd [100.0%],Partial,Odisha,Meramandali,exact,BF; BOF; DRI; EAF; IF; Steel other/unspecified,https://www.gem.wiki/Tata_Steel_Meramandali_steel_plant,20.796053,85.260382,2007.0,1425.0,8587.0,2100.0,,,Mixed (BF-BOF + electric),5510.0,7620.0,0.0,0.0,7200.0,3000.0,422.0,operating,operating; announced
P100000120482,Tata Steel Port Talbot steel plant,Tata Steel UK Ltd,United Kingdom,Europe,"51.5773680, -3.7830130",121.0,Tata Steel Ltd [100.0%],Partial,Wales,Port Talbot,exact,EAF; BF; BOF,https://www.gem.wiki/Tata_Steel_Port_Talbot_steel_plant,51.577368,-3.783013,1905.0,2000.0,,,,0.0,Mixed (BF-BOF + electric),0.0,3200.0,0.0,5000.0,,,,construction,construction; retired
P100000120863,Tata Steel Rayong steel plant,Tata Steel (Thailand) PCL,Thailand,Asia Pacific,"12.6775820, 101.1494010",37.0,Tata Steel (Thailand) PCL [100.0%],Partial,Rayong,Amphoe Muang,exact,EAF,https://www.gem.wiki/Tata_Steel_Rayong_steel_plant,12.677582,101.149401,1989.0,367.0,0.0,0.0,0.0,0.0,EAF / IF (electric),550.0,0.0,0.0,0.0,0.0,0.0,550.0,operating,operating
P100000121002,Tebinbulak mining and smelting complex,Triangul Metals Tebinbulak JSC,Uzbekistan,Eurasia,"42.1780016, 60.4038997",,Triangul Metals Tebinbulak JSC [100.0%],N/A,Republic of Karakalpakstan,Karauzyak,approximate,DRI,https://www.gem.wiki/Tebinbulak_mining_and_smelting_complex,42.1780016,60.4038997,2027.0,5000.0,,,5000.0,,DRI (ironmaking only),0.0,0.0,0.0,0.0,,,,construction,construction
P100001063272,TEDA Delong Saudi Arabia steel plant,Tianjin Teda Investment Holdings Co Ltd; DELONG Steel Ltd,Saudi Arabia,Middle East,"25, 45",,British Asia Pan Ruogen International Co Ltd [100.0%]; Tianjin Teda Investment Holdings Co Ltd [100.0%],Full,unknown,unknown,approximate,EAF,https://www.gem.wiki/TEDA_Delong_Saudi_Arabia_steel_plant,25.0,45.0,,,,0.0,,0.0,EAF / IF (electric),0.0,10000.0,0.0,0.0,,,,announced,announced
P100000120918,Tembo Steels Iganga plant,Tembo Steels Uganda Ltd,Uganda,Africa,"0.6119750, 33.4576290",4.0,Tembo Steels Uganda Ltd [100.0%],N/A,Busoga,Iganga,exact,DRI; EAF,https://www.gem.wiki/Tembo_Steels_Iganga_plant,0.611975,33.457629,2022.0,3000.0,,0.0,,0.0,DRI-EAF,600.0,0.0,0.0,0.0,600.0,0.0,600.0,operating,operating
P100000120625,Tenaris Dalmine steel plant,Dalmine SpA,Italy,Europe,"45.6415160, 9.6002420",117.0,Tenaris SA [100.0%],N/A,Province of Bergamo,Dalmine,exact,EAF,https://www.gem.wiki/Tenaris_Dalmine_steel_plant,45.641516,9.600242,1909.0,600.0,0.0,0.0,0.0,0.0,EAF / IF (electric),700.0,0.0,0.0,0.0,0.0,0.0,700.0,operating,operating
P100000121242,Tenaris Silcotub Calarasi steel mill,S.C. Silcotub SA,Romania,Europe,"44.2172750, 27.2996800",22.0,Tenaris SA [100.0%],N/A,Județul Călărași,Călărași,exact,EAF,https://www.gem.wiki/Tenaris_Silcotub_Calarasi_steel_mill,44.217275,27.29968,2004.0,908.0,0.0,0.0,0.0,0.0,EAF / IF (electric),535.0,0.0,0.0,0.0,0.0,0.0,535.0,operating,operating
P100000120731,Tenaris TAMSA Veracruz steel plant,Tubos de Acero de Mexico SA,Mexico,North America,"19.1824990, -96.2372840",72.0,Tenaris SA [100.0%],N/A,Veracruz,Veracruz,exact,EAF,https://www.gem.wiki/Tenaris_TAMSA_Veracruz_steel_plant,19.182499,-96.237284,1954.0,7500.0,0.0,0.0,0.0,0.0,EAF / IF (electric),1230.0,0.0,0.0,0.0,0.0,0.0,1230.0,operating,operating
P100000120007,TenarisSiderca Campana steel plant,Siderca SAIC,Argentina,Central & South America,"-34.1525540, -58.9773880",65.57,Tenaris SA [100.0%],N/A,Buenos Aires,Campana,exact,DRI; EAF,https://www.gem.wiki/TenarisSiderca_Campana_steel_plant,-34.152554,-58.977388,1960.0,2993.0,,0.0,,0.0,DRI-EAF,1720.0,0.0,0.0,530.0,960.0,0.0,1720.0,operating,operating; retired
P100000120734,Ternium Apodaca steel plant,Ternium México SA de CV,Mexico,North America,"25.7420850, -100.2364780",33.0,unknown [10.8%]; Ternium Argentina SA; Ternium SA,N/A,Nuevo León,Apodaca,exact,EAF,https://www.gem.wiki/Ternium_Apodaca_steel_plant,25.742085,-100.236478,1993.0,251.0,0.0,0.0,0.0,0.0,EAF / IF (electric),600.0,0.0,0.0,0.0,0.0,0.0,600.0,operating,operating
P100000120038,Ternium Brasil Santa Cruz steel plant,Ternium Brasil Ltda,Brazil,Central & South America,"-22.9125490, -43.7416140",16.0,Ternium SA [100.0%],N/A,Rio de Janeiro,Santa Cruz,exact,BF; BOF,https://www.gem.wiki/Ternium_Brasil_Santa_Cruz_steel_plant,-22.912549,-43.741614,2010.0,8000.0,5700.0,1800.0,,,BF-BOF (coal-based),5200.0,0.0,0.0,0.0,5300.0,5200.0,0.0,operating,operating
P100000120729,Ternium Guerrero San Nicolás de los Garza steel plant,Ternium México SA de CV,Mexico,North America,"25.7203270, -100.3011750",83.0,unknown [10.8%]; Ternium Argentina SA; Ternium SA,N/A,Nuevo León,San Nicolás de los Garza,exact,DRI; EAF,https://www.gem.wiki/Ternium_Guerrero_San_Nicolás_de_los_Garza_steel_plant,25.720327,-100.301175,1943.0,,,0.0,,0.0,DRI-EAF,2400.0,0.0,0.0,0.0,1730.0,0.0,2400.0,operating,operating
P100000121053,Ternium Pesquería steel plant,Ternium México SA de CV,Mexico,North America,"25.7438370, -99.9652780",0.0,unknown [10.8%]; Ternium Argentina SA; Ternium SA,N/A,Nuevo León,Pesquería,exact,DRI; EAF,https://www.gem.wiki/Ternium_Pesquería_steel_plant,25.743837,-99.965278,2026.0,,,0.0,,0.0,DRI-EAF,0.0,2600.0,0.0,0.0,,,,construction,construction
P100000120728,Ternium Puebla steel plant,Ternium México SA de CV,Mexico,North America,"19.1695320, -98.3186590",57.0,unknown [10.8%]; Ternium Argentina SA; Ternium SA,N/A,Puebla,San Miguel Xoxtla,exact,DRI; EAF,https://www.gem.wiki/Ternium_Puebla_steel_plant,19.169532,-98.318659,1969.0,575.0,,0.0,,0.0,DRI-EAF,1330.0,0.0,0.0,0.0,930.0,0.0,1330.0,operating,operating
P100000120008,Ternium Siderar San Nicolás steel plant,Ternium Argentina SA,Argentina,Central & South America,"-33.3736500, -60.1386970",66.0,Ternium Argentina SA [100.0%],N/A,Buenos Aires,San Nicolás de los Arroyos,exact,BF; BOF,https://www.gem.wiki/Ternium_Siderar_San_Nicolás_steel_plant,-33.37365,-60.138697,1960.0,2074.0,1480.0,1040.0,,,BF-BOF (coal-based),3501.0,0.0,0.0,0.0,4015.0,3501.0,0.0,operating,operating
P100000120752,Tete Steel Maputo plant,Baobab Steel Ltd,Mozambique,Africa,"-15.7243450, 33.7626640",,Baobab Steel Ltd [100.0%],N/A,Tete,Tete,exact,DRI; EAF,https://www.gem.wiki/Tete_Steel_Maputo_plant,-15.724345,33.762664,2027.0,2580.0,1180.0,,,2500.0,DRI-EAF,0.0,500.0,0.0,0.0,,,,construction,construction
P100000121025,Thai Nguyen Iron and Steel plant,Thai Nguyen Iron And Steel JSC,Vietnam,Asia Pacific,"21.5574840, 105.8728000",63.0,Thai Nguyen Iron And Steel JSC [100.0%],Partial,Thai Nguyen,Thanh Pho City,exact,BF; EAF; BOF,https://www.gem.wiki/Thai_Nguyen_Iron_and_Steel_plant,21.557484,105.8728,1963.0,,981.0,130.0,,,Mixed (BF-BOF + electric),300.0,500.0,0.0,0.0,300.0,0.0,300.0,operating,operating; construction
P100000120030,Thy Marcinelle Charleroi steel plant,Thy-Marcinelle SA,Belgium,Europe,"50.4103350, 4.4296930",37.0,Riva Forni Elettrici SpA,N/A,Wallonie,Charleroi,exact,EAF,https://www.gem.wiki/Thy_Marcinelle_Charleroi_steel_plant,50.410335,4.429693,1989.0,445.0,0.0,0.0,0.0,,EAF / IF (electric),800.0,0.0,0.0,0.0,0.0,0.0,800.0,operating,operating
P100000120421,ThyssenKrupp Steel Duisburg steel plant,Thyssenkrupp Steel Europe AG,Germany,Europe,"51.4916490, 6.7330510",135.0,thyssenkrupp AG [80.0%]; EP Investment S.à r.l. [17.9%]; Tiliacordata Limited [2.1%],N/A,North Rhine-Westphalia,Duisburg,exact,DRI; BF; BOF,https://www.gem.wiki/ThyssenKrupp_Steel_Duisburg_steel_plant,51.491649,6.733051,1891.0,26303.0,12000.0,2500.0,,,BF-BOF (coal-based),9000.0,0.0,0.0,0.0,11400.0,9000.0,0.0,operating pre-retirement,operating pre-retirement; construction
P100000120281,Tianjin Iron and Steel Group Co Ltd,Tianjin Iron and Steel Group Co Ltd,China,Asia Pacific,"39.0310830, 117.4992460",91.0,British Asia Pan Ruogen International Co Ltd [59.2%]; unknown [40.8%],N/A,Tianjin,unknown,exact,BF; BOF; EAF,https://www.gem.wiki/Tianjin_Iron_and_Steel_Group_Co_Ltd,39.031083,117.499246,1935.0,6581.0,7660.0,1200.0,,,Mixed (BF-BOF + electric),6650.0,0.0,0.0,0.0,5500.0,4650.0,2000.0,operating,operating
P100000120280,Tianjin Iron Plant,Tianjin Iron PLANT Co Ltd,China,Asia Pacific,"36.5896700, 113.7457920",57.0,British Asia Pan Ruogen International Co Ltd [59.2%]; unknown [40.8%],N/A,Hebei,Gengle,exact,BF; BOF,https://www.gem.wiki/Tianjin_Iron_Plant,36.58967,113.745792,1969.0,7487.0,7660.0,1200.0,1250.0,,BF-BOF (coal-based),4870.0,0.0,0.0,1590.0,3770.0,4870.0,0.0,operating,operating; construction; retired
P100000120287,Tianjin Metallurgy Group Zhasan Steel Co Ltd,Tianjin Metallurgy Group Zhasan Steel Co Ltd,China,Asia Pacific,"38.8252690, 117.0884900",11.3,British Asia Pan Ruogen International Co Ltd [59.2%]; unknown [40.8%],N/A,Tianjin,Daqiuzhuang,approximate,BF; BOF,https://www.gem.wiki/Tianjin_Metallurgy_Group_Zhasan_Steel_Co_Ltd,38.825269,117.08849,2009.0,,,,,,BF-BOF (coal-based),0.0,0.0,0.0,3000.0,,,,retired,retired
P100000120284,Tianjin New Tiangang United Special Steel Co Ltd,Tianjin Tiangang UNITED SPECIAL Steel Co Ltd,China,Asia Pacific,"39.3002580, 117.8002310",16.66,British Asia Pan Ruogen International Co Ltd [59.2%]; unknown [40.8%],N/A,Tianjin,Ninghe,exact,BF; BOF,https://www.gem.wiki/Tianjin_New_Tiangang_United_Special_Steel_Co_Ltd,39.300258,117.800231,2009.0,5619.0,4947.0,,849.0,,BF-BOF (coal-based),4500.0,0.0,0.0,0.0,4471.0,4500.0,0.0,operating,operating; retired
P100000120282,Tianjin Pipe Corporation,Tianjin Pipe Corp,China,Asia Pacific,"39.0340020, 117.4867980",15.2,Citic Pacific Special Steel Group Co Ltd [51.0%]; Tianjin Ngs Hongda General Co [12.0%]; The China Orient Asset Management Co Ltd [9.6%]; Far East Horizon [8.9%]; Tianjin Jincheng State-Owned Capital Investment and Operations Co Ltd [8.6%]; Tianjin Guoxing Capital Operation Co Ltd [3.2%]; unknown [2.4%]; Tianjin Dongjiang Free Trade Port Area Management Committee [2.4%]; Tianjin Teda Investment Holdings Co Ltd [1.6%]; Tianjin Jinzhi State-owned Capital Investment and Operation Co Ltd [0.0%]; Tianjin STATE-OWNED CAPITAL Investment and Management Co Ltd [0.0%]; Tianjin Guoheng Investment Holding Co Ltd [0.0%]; Tianjin Port (Group) Co Ltd [0.0%],Partial,Tianjin,unknown,exact,BF; DRI; EAF,https://www.gem.wiki/Tianjin_Pipe_Corporation,39.034002,117.486798,2010.0,6450.0,1032.0,,,,Mixed (BF-BOF + electric),3000.0,0.0,0.0,0.0,1300.0,0.0,3000.0,operating,operating
P100000120283,Tianjin Rockcheck Steel Group Co Ltd,Rockcheck Steel Group Co Ltd,China,Asia Pacific,"38.9706380, 117.4957940",23.08,Tianjin Rongcheng Xiangtai Investment Holdings Co Ltd [77.8%]; natural person(s) [17.9%]; unknown [4.2%],N/A,Tianjin,Gegu,exact,BF; BOF; EAF,https://www.gem.wiki/Tianjin_Rockcheck_Steel_Group_Co_Ltd,38.970638,117.495794,2003.0,2555.0,,,,,BF-BOF (coal-based),4500.0,1250.0,0.0,0.0,4320.0,4500.0,0.0,operating,operating; operating pre-retirement; announced; retired
P100001023535,Tianjin Rongcheng Group Tangshan Fengrun Special Steel Co Ltd,Tianjin Rongcheng Group Tangshan Special Steel Co Ltd; Tangshan Zhengfeng Steel Co Ltd,China,Asia Pacific,"39.8527100, 118.1812790",2.2,Tangshan Zhengfeng Steel Co Ltd [100.0%]; Tianjin Rongcheng Group Tangshan Special Steel Co Ltd [100.0%],N/A,Hebei,unknown,approximate,EAF,https://www.gem.wiki/Tianjin_Rongcheng_Group_Tangshan_Fengrun_Special_Steel_Co_Ltd,39.85271,118.181279,2023.0,14.0,0.0,0.0,0.0,0.0,EAF / IF (electric),0.0,500.0,0.0,0.0,,,,announced,announced
P100000121081,Tianjin Rongcheng Group Tangshan Special Steel Co Ltd,Tianjin Rongcheng Group Tangshan Special Steel Co Ltd,China,Asia Pacific,"39.5515520, 118.1379930",21.0,Tianjin Rongcheng Group Tangshan Special Steel Co Ltd [100.0%],N/A,Hebei,Tangshan,exact,BF; BOF,https://www.gem.wiki/Tianjin_Rongcheng_Group_Tangshan_Special_Steel_Co_Ltd,39.551552,118.137993,1999.0,,,,,,BF-BOF (coal-based),0.0,0.0,0.0,1150.0,,,,retired,retired
P100000120285,Tianjin Tianfeng Steel Co Ltd,Tianjin Tianfeng Steel Co Ltd,China,Asia Pacific,"38.8326420, 117.1027650",19.12,Tianjin Tianfeng Steel Co Ltd [100.0%],N/A,Tianjin,Daqiuzhuang,exact,BF; BOF,https://www.gem.wiki/Tianjin_Tianfeng_Steel_Co_Ltd,38.832642,117.102765,2001.0,,,,,,BF-BOF (coal-based),0.0,0.0,0.0,1800.0,,,,retired,retired
P100000120288,Tianjin Tianzhong Giant Heavy Industry Co Ltd,Tianjin Tianzhong Giant Heavy Industry Co Ltd,China,Asia Pacific,"39.5014420, 118.7195540",20.51,Tianjin Jiangtian Industrial Development Co Ltd [100.0%],N/A,Tianjin,Xititou,exact,BF; BOF,https://www.gem.wiki/Tianjin_Tianzhong_Giant_Heavy_Industry_Co_Ltd,39.501442,118.719554,2000.0,,,,,,BF-BOF (coal-based),0.0,0.0,0.0,1350.0,,,,retired,retired
P100000120815,TMK Seversky Pipe plant,Severskiy Trubnyi Zavod JSC,Russia,Eurasia,"56.4784280, 60.2494110",287.0,Severskiy Trubnyi Zavod JSC [100.0%],N/A,Sverdlovsk,Polevskoy,exact,EAF,https://www.gem.wiki/TMK_Seversky_Pipe_plant,56.478428,60.249411,1739.0,5001.0,0.0,0.0,0.0,0.0,EAF / IF (electric),950.0,0.0,0.0,0.0,0.0,0.0,950.0,operating,operating
P100000120816,TMK Taganrog Metallurgical Plant,Taganrogskiy Metallurgicheskiy Zavod JSC,Russia,Eurasia,"47.2415570, 38.9285840",130.0,Trubnaya Metallurgicheskaya Kompaniya PJSC [96.0%]; small shareholder(s) [4.0%],N/A,Rostov,Taganrog,exact,EAF,https://www.gem.wiki/TMK_Taganrog_Metallurgical_Plant,47.241557,38.928584,1896.0,5701.0,0.0,0.0,0.0,0.0,EAF / IF (electric),950.0,0.0,0.0,0.0,0.0,0.0,950.0,operating,operating
P100000120668,Tokyo Steel Kyushu plant,Tokyo Steel Manufacturing Co Ltd,Japan,Asia Pacific,"33.8814310, 130.7559780",54.3,Tokyo Steel Manufacturing Co Ltd [100.0%],N/A,Fukuoka,Kitakyushu,exact,EAF,https://www.gem.wiki/Tokyo_Steel_Kyushu_plant,33.881431,130.755978,1971.0,257.0,0.0,0.0,0.0,0.0,EAF / IF (electric),678.0,0.0,0.0,522.0,0.0,0.0,678.0,operating,operating; retired
P100000120669,Tokyo Steel Okayama plant,Tokyo Steel Manufacturing Co Ltd,Japan,Asia Pacific,"34.5150620, 133.7455250",63.39,Tokyo Steel Manufacturing Co Ltd [100.0%],N/A,Okayama,Kurashiki,exact,EAF,https://www.gem.wiki/Tokyo_Steel_Okayama_plant,34.515062,133.745525,1962.0,257.0,0.0,0.0,0.0,0.0,EAF / IF (electric),708.0,0.0,0.0,846.0,0.0,0.0,708.0,operating,operating; retired
P100000120670,Tokyo Steel Tahara plant,Tokyo Steel Manufacturing Co Ltd,Japan,Asia Pacific,"34.7020120, 137.2491140",15.72,Tokyo Steel Manufacturing Co Ltd [100.0%],N/A,Aichi,Tahara,exact,EAF,https://www.gem.wiki/Tokyo_Steel_Tahara_plant,34.702012,137.249114,2010.0,257.0,0.0,0.0,0.0,0.0,EAF / IF (electric),2600.0,0.0,0.0,0.0,0.0,0.0,2600.0,operating,operating
P100000120671,Tokyo Steel Utsunomiya plant,Tokyo Steel Manufacturing Co Ltd,Japan,Asia Pacific,"36.5404250, 139.9930790",30.3,Tokyo Steel Manufacturing Co Ltd [100.0%],N/A,Tochigi,Utsunomiya,exact,EAF,https://www.gem.wiki/Tokyo_Steel_Utsunomiya_plant,36.540425,139.993079,1995.0,257.0,0.0,0.0,0.0,0.0,EAF / IF (electric),800.0,0.0,0.0,0.0,0.0,0.0,800.0,operating,operating
P100000120216,Tonghua Iron and Steel Co Ltd,Tonghua Iron & Steel Co Ltd,China,Asia Pacific,"41.7791250, 126.0223490",19.53,Beijing State-owned Capital Management Center [56.2%]; unknown [16.9%]; Industrial and Commercial Bank of China Ltd [8.3%]; China Construction Bank Corp [8.1%]; Bank of China Ltd [6.5%]; BANK of Jilin Co Ltd [0.9%]; Hana Bank Co Ltd [0.9%]; Changchun Financial Holding Group Co Ltd [0.6%]; Jilin Financial Holding Group Co Ltd [0.6%]; Jilin YATAI (GROUP) Co Ltd [0.5%]; Jilin PROVINCE Inestment Group Co Ltd [0.3%]; Changchun City Development Investment Holding (Group) Co Ltd [0.1%],Partial,Jilin,Tonghua,exact,BF; BOF,https://www.gem.wiki/Tonghua_Iron_and_Steel_Co_Ltd,41.779125,126.022349,2006.0,10973.0,7700.0,2127.0,1600.0,,BF-BOF (coal-based),4590.0,0.0,0.0,0.0,4480.0,4590.0,0.0,operating,operating
P100000120072,Tongling Fuxin Iron and Steel Co Ltd,Tongling Fuxin Iron & Steel Co Ltd,China,Asia Pacific,"30.9075610, 117.7728660",56.0,Tongling Fuxin Iron & Steel Co Ltd [100.0%],N/A,Anhui,Tongling,exact,BF; BOF,https://www.gem.wiki/Tongling_Fuxin_Iron_and_Steel_Co_Ltd,30.907561,117.772866,1970.0,2200.0,,,,,BF-BOF (coal-based),1350.0,0.0,0.0,0.0,1180.0,1350.0,0.0,operating,operating
P100000120356,Tongling Xuanli Special Steel Co Ltd,Tongling City Xuanli Special Steel Co Ltd,China,Asia Pacific,"31.0628070, 117.9560150",17.0,Ma'anshan Jiatong Enterprise Management Partnership (General Partnership) [96.0%]; unknown [4.0%],N/A,Anhui,Tongling,exact,BF; BOF,https://www.gem.wiki/Tongling_Xuanli_Special_Steel_Co_Ltd,31.062807,117.956015,2009.0,1289.0,1757.0,,,,BF-BOF (coal-based),2700.0,0.0,0.0,0.0,2080.0,2700.0,0.0,operating,operating
P100000121137,Tongshan Liguo Iron and Steel Co Ltd,Tongshan Liguo Iron and Steel Co Ltd,China,Asia Pacific,"34.5548600, 117.3270390",19.58,Tongshan Liguo Iron and Steel Co Ltd [100.0%],N/A,Jiangsu,unknown,exact,BF; BOF,https://www.gem.wiki/Tongshan_Liguo_Iron_and_Steel_Co_Ltd,34.55486,117.327039,2000.0,,,,,,BF-BOF (coal-based),0.0,0.0,0.0,1700.0,,,,retired,retired
P100000120672,Topy Industries Toyohashi steel plant,Topy Industries Ltd,Japan,Asia Pacific,"34.7196440, 137.3222590",68.0,Topy Industries Ltd [100.0%],N/A,Aichi,Toyohashi,exact,EAF,https://www.gem.wiki/Topy_Industries_Toyohashi_steel_plant,34.719644,137.322259,1958.0,1002.0,0.0,0.0,0.0,0.0,EAF / IF (electric),960.0,0.0,0.0,0.0,0.0,0.0,960.0,operating,operating
P100000120616,Torbat Heydarieh Khorasan Steel Complex,Torbat Heydarieh Steel Co,Iran,Middle East,"35.5948820, 59.2059840",1.0,Torbat Heydarieh Steel Co [100.0%],N/A,Razavi Khorasan,Torbat Heydariyeh,exact,DRI; EAF,https://www.gem.wiki/Torbat_Heydarieh_Khorasan_Steel_Complex,35.594882,59.205984,2025.0,2800.0,,0.0,3000.0,0.0,DRI-EAF,1450.0,0.0,0.0,0.0,1850.0,0.0,1450.0,operating,operating
P100000120886,Toscelik Iskenderun steel plant,Toscelik Profil ve Sac Endustrisi AS,Türkiye,Europe,"36.6879430, 36.2148710",3.0,Tosyalı Holding AŞ,N/A,Hatay,İskenderun,exact,EAF,https://www.gem.wiki/Toscelik_Iskenderun_steel_plant,36.687943,36.214871,2023.0,1300.0,0.0,0.0,0.0,0.0,EAF / IF (electric),4000.0,0.0,0.0,0.0,0.0,0.0,4000.0,operating,operating
P100000120885,Toscelik Toprakkale steel plant,Toscelik Profil ve Sac Endustrisi AS,Türkiye,Europe,"37.0169560, 36.1091100",17.0,Tosyalı Holding AŞ,N/A,Osmaniye,Toprakkale,exact,EAF,https://www.gem.wiki/Toscelik_Toprakkale_steel_plant,37.016956,36.10911,2009.0,500.0,0.0,0.0,0.0,0.0,EAF / IF (electric),2000.0,0.0,0.0,0.0,0.0,0.0,2000.0,operating,operating
P100000120441,Tosyali Algerie Oran steel plant,Tosyali Ironsteel Industry Algerie SpA,Algeria,Africa,"35.7709120, -0.2630310",13.0,Tosyalı Holding AŞ,N/A,Oran,Bethiqua,exact,DRI; EAF,https://www.gem.wiki/Tosyali_Algerie_Oran_steel_plant,35.770912,-0.263031,2013.0,8000.0,,0.0,8000.0,0.0,DRI-EAF,6200.0,0.0,0.0,0.0,5000.0,0.0,6200.0,operating,operating
P100000121212,Tosyali Ras Al Khair steel plant,Tosyalı Holding AŞ,Saudi Arabia,Middle East,"27.5445250, 49.2055380",,Tosyalı Holding AŞ [100.0%],N/A,Eastern Province,Ras Al-Khair,approximate,Steel other/unspecified,https://www.gem.wiki/Tosyali_Ras_Al_Khair_steel_plant,27.544525,49.205538,,,,,,,Other / unspecified,0.0,4000.0,0.0,0.0,,,,announced,announced
P100001042927,Tosyali Sonangol Kassinga Iron and Steel plant,Tosyali Iron and Steel Angola SA; Sonangol EP,Angola,Africa,"-15.2637430, 16.0654940",,Sonangol EP [100.0%]; Tosyalı Holding AŞ,Partial,Huíla,Kassinga,approximate,DRI; EAF,https://www.gem.wiki/Tosyali_Sonangol_Kassinga_Iron_and_Steel_plant,-15.263743,16.065494,2027.0,,,0.0,4100.0,0.0,DRI-EAF,0.0,1000.0,0.0,0.0,,,,announced,announced
P100000120889,Tosyali Toprakkale steel plant,Tosyalı Holding AŞ,Türkiye,Europe,"37.0164980, 36.0951260",16.0,Tosyalı Holding AŞ [100.0%],N/A,Osmaniye,Toprakkale,exact,EAF,https://www.gem.wiki/Tosyali_Toprakkale_steel_plant,37.016498,36.095126,2010.0,770.0,0.0,0.0,0.0,0.0,EAF / IF (electric),0.0,0.0,2000.0,0.0,,,,mothballed,mothballed
P100001023430,Tosyali-SULB Benghazi steel plant,Tosyali Sulb Steel Industries Joint Company,Libya,Africa,"32.1818000, 20.1243610",,Libya United Steel Company for Iron and Steel Industry; Tosyalı Holding AŞ,N/A,Cyrenaica,Benghazi,approximate,DRI; EAF,https://www.gem.wiki/Tosyali-SULB_Benghazi_steel_plant,32.1818,20.124361,,7000.0,,0.0,,0.0,DRI-EAF,0.0,2700.0,0.0,0.0,,,,construction,construction; announced
P100000120896,TT Iron and Steel Point Lisas steel plant,TT Iron Steel Company Ltd,Trinidad and Tobago,Central & South America,"10.4036050, -61.4829390",46.0,TT Iron Steel Company Ltd [100.0%],N/A,Couva,Point Lisas,exact,DRI; EAF,https://www.gem.wiki/TT_Iron_and_Steel_Point_Lisas_steel_plant,10.403605,-61.482939,1980.0,500.0,,0.0,,0.0,DRI-EAF,0.0,0.0,1000.0,0.0,,,,mothballed,mothballed
P100000120904,Tung Ho Steel Kaohsiung plant,Tung Ho Steel Enterprise Corp,Taiwan,Asia Pacific,"22.5630950, 120.3626540",52.0,Tung Ho Steel Enterprise Corp [100.0%],N/A,Xiaogang,Kaohsiung City,exact,EAF,https://www.gem.wiki/Tung_Ho_Steel_Kaohsiung_plant,22.563095,120.362654,1974.0,,0.0,0.0,0.0,0.0,EAF / IF (electric),700.0,0.0,0.0,0.0,0.0,0.0,700.0,operating,operating
P100000120903,Tung Ho Steel Miaoli plant,Tung Ho Steel Enterprise Corp,Taiwan,Asia Pacific,"24.5684010, 120.7406200",35.0,Tung Ho Steel Enterprise Corp [100.0%],N/A,Miaoli,Xihu Township,exact,EAF,https://www.gem.wiki/Tung_Ho_Steel_Miaoli_plant,24.568401,120.74062,1991.0,,0.0,0.0,0.0,0.0,EAF / IF (electric),1200.0,0.0,0.0,0.0,0.0,0.0,1200.0,operating,operating
P100000121014,Tung Ho Steel Phu My plant,Tung Ho Steel Vietnam Corp Ltd,Vietnam,Asia Pacific,"10.5514450, 107.0436800",19.0,Tung Ho Steel Enterprise Corp [100.0%],N/A,Ba Ria Vung Tau,Phu My Town,exact,EAF,https://www.gem.wiki/Tung_Ho_Steel_Phu_My_plant,10.551445,107.04368,2007.0,,0.0,0.0,0.0,0.0,EAF / IF (electric),1000.0,0.0,0.0,0.0,0.0,0.0,1000.0,operating,operating
P100000120902,Tung Ho Steel Taoyuan plant,Tung Ho Steel Enterprise Corp,Taiwan,Asia Pacific,"25.0671190, 121.1411760",39.0,Tung Ho Steel Enterprise Corp [100.0%],N/A,Guanyin,Taoyuan City,exact,EAF,https://www.gem.wiki/Tung_Ho_Steel_Taoyuan_plant,25.067119,121.141176,1987.0,,0.0,0.0,0.0,0.0,EAF / IF (electric),1000.0,0.0,0.0,0.0,0.0,0.0,1000.0,operating,operating
P100001045582,Tuyen Quang Iron and Steel Long Binh steel plant,Tuyen Quang Iron Steel Co Ltd,Vietnam,Asia Pacific,"21.7387390, 105.2475450",12.1,Hung Ha Mon Goods Group Co [100.0%],N/A,Tuyen Quang,Tuyen Quang,exact,BF; BOF,https://www.gem.wiki/Tuyen_Quang_Iron_and_Steel_Long_Binh_steel_plant,21.738739,105.247545,2014.0,700.0,,,,,BF-BOF (coal-based),550.0,0.0,0.0,0.0,200.0,550.0,0.0,operating,operating
P100000121204,TY Steel Rayong plant,TY Steel Co Ltd,Thailand,Asia Pacific,"12.8573070, 101.2131400",9.0,Ta Chen Stainless Pipe Co Ltd [38.8%]; Tycoons Worldwide Group (Thailand) PCL [19.4%]; Tycoons Group International Co Ltd [5.9%],N/A,Rayong,Nikhom Phatthana,exact,EAF,https://www.gem.wiki/TY_Steel_Rayong_plant,12.857307,101.21314,2017.0,,0.0,0.0,0.0,0.0,EAF / IF (electric),600.0,0.0,0.0,0.0,0.0,0.0,600.0,operating,operating
P100000120732,TYASA steel plant,Talleres y Aceros SA de CV,Mexico,North America,"18.8692720, -97.0472630",33.0,Talleres y Aceros SA de CV [100.0%],N/A,Veracruz,Ixtaczoquitlán,exact,EAF,https://www.gem.wiki/TYASA_steel_plant,18.869272,-97.047263,1993.0,2300.0,0.0,0.0,0.0,0.0,EAF / IF (electric),1650.0,0.0,0.0,0.0,0.0,0.0,1650.0,operating,operating
P100000120814,Tyumen Electrosteel plant,UMK-Stal LLC,Russia,Eurasia,"57.1093160, 65.6686410",12.0,Nokomis Select Inc [33.0%]; Tretiy Kod CJSC [32.8%]; Satelait JSC [17.7%]; Assets-M JSC [17.0%],N/A,Tyumen,Tyumen,exact,EAF,https://www.gem.wiki/Tyumen_Electrosteel_plant,57.109316,65.668641,2014.0,1200.0,0.0,0.0,0.0,0.0,EAF / IF (electric),664.0,0.0,0.0,0.0,0.0,0.0,664.0,operating,operating
P100000120419,TZMS Třinecké železárny Trinec steel plant,TRINECKÉ ZELEZÁRNY AS,Czech Republic,Europe,"49.6890530, 18.6545570",187.0,Minerfin AS,N/A,Moravia-Silesia,Třinec,exact,BF; BOF; EAF,https://www.gem.wiki/TZMS_Třinecké_železárny_Trinec_steel_plant,49.689053,18.654557,1839.0,6000.0,,700.0,,,Mixed (BF-BOF + electric),2800.0,2600.0,0.0,0.0,2263.0,2600.0,200.0,operating,operating; operating pre-retirement; announced
P100000120854,U. S. Steel Košice steel plant,US Steel Košice sro,Slovakia,Europe,"48.6120010, 21.1914010",61.0,Nippon Steel Corp,N/A,Košice Region,Košice,exact,BF; BOF,https://www.gem.wiki/U._S._Steel_Košice_steel_plant,48.612001,21.191401,1965.0,7712.0,,,,,BF-BOF (coal-based),4500.0,0.0,0.0,0.0,4500.0,4500.0,0.0,operating,operating
P100000120928,U.S. Steel Big River Steel plant,Big River Steel LLC,United States,North America,"35.6442640, -89.9416590",10.0,Nippon Steel Corp [100.0%],N/A,Arkansas,Osceola,exact,EAF; DRI,https://www.gem.wiki/U.S._Steel_Big_River_Steel_plant,35.644264,-89.941659,2016.0,745.0,,0.0,,0.0,EAF / IF (electric),6022.0,0.0,0.0,0.0,0.0,0.0,6022.0,operating,operating; announced
P100001061239,U.S. Steel EAF plant,United States Steel Corp,United States,North America,"38.7946000, -106.5348000",,Nippon Steel Corp [100.0%],N/A,unknown,unknown,approximate,EAF,https://www.gem.wiki/U.S._Steel_EAF_plant,38.7946,-106.5348,2029.0,,0.0,0.0,0.0,0.0,EAF / IF (electric),0.0,3000.0,0.0,0.0,,,,announced,announced
P100000120964,U.S. Steel Edgar Thomson Plant,United States Steel Corp,United States,North America,"40.3951400, -79.8596450",151.0,Nippon Steel Corp [100.0%],N/A,Pennsylvania,Braddock,exact,BF; BOF,https://www.gem.wiki/U.S._Steel_Edgar_Thomson_Plant,40.39514,-79.859645,1875.0,650.0,,,,,BF-BOF (coal-based),2600.0,0.0,0.0,0.0,2770.0,2600.0,0.0,operating,operating
P100000120965,U.S. Steel Fairfield plant,United States Steel Corp,United States,North America,"33.4806970, -86.9378540",6.0,Nippon Steel Corp [100.0%],N/A,Alabama,Fairfield,exact,EAF,https://www.gem.wiki/U.S._Steel_Fairfield_plant,33.480697,-86.937854,2020.0,750.0,0.0,0.0,0.0,0.0,EAF / IF (electric),1600.0,0.0,0.0,0.0,0.0,0.0,1600.0,operating,operating
P100000120966,U.S. Steel Gary Works,United States Steel Corp,United States,North America,"41.6207990, -87.3482660",118.0,Nippon Steel Corp [100.0%],N/A,Indiana,Gary,exact,BF; BOF,https://www.gem.wiki/U.S._Steel_Gary_Works,41.620799,-87.348266,1908.0,2246.0,4400.0,,,,BF-BOF (coal-based),7800.0,0.0,0.0,0.0,6495.0,7800.0,0.0,operating,operating
P100000120968,U.S. Steel Granite City Works,United States Steel Corp,United States,North America,"38.6950490, -90.1360730",131.0,Nippon Steel Corp [100.0%],N/A,Illinois,Granite City,exact,BF; BOF,https://www.gem.wiki/U.S._Steel_Granite_City_Works,38.695049,-90.136073,1895.0,500.0,,,,,BF-BOF (coal-based),1350.0,0.0,1350.0,0.0,1270.0,1350.0,0.0,operating,operating; mothballed
P100000120967,U.S. Steel Great Lakes Works,United States Steel Corp,United States,North America,"42.2631810, -83.1215530",124.0,Nippon Steel Corp [100.0%],N/A,Michigan,Ecorse,exact,BF; BOF,https://www.gem.wiki/U.S._Steel_Great_Lakes_Works,42.263181,-83.121553,1902.0,500.0,,,,,BF-BOF (coal-based),0.0,0.0,3500.0,0.0,,,,mothballed,mothballed
P100000120797,UMB Hunedoara steel plant,UMB Steel SRL,Romania,Europe,"45.7351830, 22.9162700",141.0,UMB Steel SRL [100.0%],N/A,Hunedoara,Hunedoara,exact,EAF,https://www.gem.wiki/UMB_Hunedoara_steel_plant,45.735183,22.91627,1884.0,582.0,0.0,0.0,0.0,0.0,EAF / IF (electric),0.0,0.0,0.0,800.0,,,,retired,retired
P100000120866,UMC Metals Chon Buri steel plant,UMC Metals Ltd,Thailand,Asia Pacific,"13.2758320, 100.9697910",32.0,UMC Metals Ltd [100.0%],N/A,Chonburi,Amphoe Muang,exact,EAF,https://www.gem.wiki/UMC_Metals_Chon_Buri_steel_plant,13.275832,100.969791,1994.0,,0.0,0.0,0.0,0.0,EAF / IF (electric),805.0,0.0,0.0,0.0,0.0,0.0,805.0,operating,operating
P100000120709,United Steel Industrial Kuwait Steel Sharq plant,United Steel Industries Co KSCC,Kuwait,Middle East,"28.9893060, 48.1281180",19.0,Bukhamseen Holding Group Co; Iranian Mines & Mining Industries Development & Renovation Organization,Partial,Capital Governorate,Shuaibah,exact,EAF,https://www.gem.wiki/United_Steel_Industrial_Kuwait_Steel_Sharq_plant,28.989306,48.128118,2007.0,900.0,,0.0,,0.0,EAF / IF (electric),1200.0,0.0,0.0,0.0,0.0,0.0,1200.0,operating,operating
P100001042855,Unitex Steel Mills Feni steel plant,Unitex Steel Mills Ltd,Bangladesh,Asia Pacific,"22.9451820, 91.5123870",,Unitex Steel Mills Ltd [100.0%],N/A,Chittagong,Muhuriganj,approximate,EAF,https://www.gem.wiki/Unitex_Steel_Mills_Feni_steel_plant,22.945182,91.512387,,516.0,,0.0,,0.0,EAF / IF (electric),0.0,1000.0,0.0,0.0,,,,construction,construction
P100000121230,Univers Acier Sidi Hajjaj steel plant,Univers Acier,Morocco,Africa,"33.5016040, -7.4678910",16.0,Demirsan Haddecilik Sanayi Ve Ticaret AŞ; Longofer,N/A,Casablanca-Settat,Sidi Hajjaj,exact,EAF,https://www.gem.wiki/Univers_Acier_Sidi_Hajjaj_steel_plant,33.501604,-7.467891,2010.0,700.0,0.0,0.0,0.0,0.0,EAF / IF (electric),720.0,0.0,0.0,0.0,0.0,0.0,720.0,operating,operating
P100000120819,Ural Steel Metallurgical Plant,Uralskaya Stal JSC,Russia,Eurasia,"51.2147810, 58.3539130",71.0,Zagorskii Trubnyi Zavod JSC,N/A,Orenburg,Novotroitsk,exact,BF; EAF; BOF,https://www.gem.wiki/Ural_Steel_Metallurgical_Plant,51.214781,58.353913,1955.0,9000.0,2300.0,1400.0,,,Mixed (BF-BOF + electric),2050.0,0.0,0.0,3000.0,3038.0,0.0,2050.0,operating,operating; retired; cancelled
P100000120037,Usiminas Cubatão steel plant,Usinas Siderurgicas de Minas Gerais SA,Brazil,Central & South America,"-23.8630920, -46.3762940",63.0,Usinas Siderurgicas de Minas Gerais SA [100.0%],N/A,São Paulo,Cubatão,exact,BF; BOF,https://www.gem.wiki/Usiminas_Cubatão_steel_plant,-23.863092,-46.376294,1963.0,1200.0,3000.0,833.0,,,BF-BOF (coal-based),0.0,0.0,4500.0,0.0,,,,mothballed,mothballed
P100000120043,Usiminas Ipatinga steel plant,Usinas Siderurgicas de Minas Gerais SA,Brazil,Central & South America,"-19.4912770, -42.5442530",64.0,Usinas Siderurgicas de Minas Gerais SA [100.0%],N/A,Minas Gerais,Ipatinga,exact,BF; BOF,https://www.gem.wiki/Usiminas_Ipatinga_steel_plant,-19.491277,-42.544253,1962.0,6500.0,6300.0,800.0,,,BF-BOF (coal-based),5000.0,0.0,0.0,0.0,3660.0,5000.0,0.0,operating,operating; mothballed
P100001045064,Ussuri Capital Romania steel plant,Ussuri Capital,Romania,Europe,"44.1333380, 28.6400100",,Ussuri Capital [100.0%],N/A,Constanța,unknown,approximate,EAF,https://www.gem.wiki/Ussuri_Capital_Romania_steel_plant,44.133338,28.64001,2030.0,,0.0,0.0,0.0,0.0,EAF / IF (electric),0.0,1200.0,0.0,0.0,,,,announced,announced
P100000121194,Uttam Galva Ferrous Bellary steel plant,Uttam Galva Ferous Ltd,India,Asia Pacific,"15.1846130, 76.8249050",,Uttam Galva Ferous Ltd [100.0%],N/A,Karnataka,Bellary,exact,BF; BOF,https://www.gem.wiki/Uttam_Galva_Ferrous_Bellary_steel_plant,15.184613,76.824905,2028.0,6427.0,8532.0,2740.0,4000.0,,BF-BOF (coal-based),0.0,6000.0,0.0,0.0,,,,announced,announced
P100000121001,Uzmetkombinat steel plant,Uzbekskiy Metallurgicheskiy Kombinat JSC,Uzbekistan,Eurasia,"40.2334320, 69.2908730",82.0,Government of Uzbekistan [80.0%]; unknown [20.0%],Partial,Tashkent,Bekobod,exact,EAF,https://www.gem.wiki/Uzmetkombinat_steel_plant,40.233432,69.290873,1944.0,10343.0,0.0,0.0,0.0,0.0,EAF / IF (electric),1100.0,1040.0,0.0,1400.0,0.0,0.0,1100.0,operating,operating; construction; announced; cancelled
P100000121175,Vale Tecnored Marabá iron plant,Vale SA,Brazil,Central & South America,"-5.4086540, -49.1035390",1.0,Vale SA [100.0%],Partial,Pará,Marabá,approximate,Iron other/unspecified,https://www.gem.wiki/Vale_Tecnored_Marabá_iron_plant,-5.408654,-49.103539,2026.0,400.0,,,,,Other / unspecified,0.0,0.0,0.0,0.0,,,,construction,construction
P100000120044,Vallourec Jeceaba steel plant,Vallourec Soluções Tubulares do Brasil SA,Brazil,Central & South America,"-20.5826830, -43.9715550",15.0,Vallourec SA [100.0%],N/A,Minas Gerais,Jeceaba,exact,BF; EAF,https://www.gem.wiki/Vallourec_Jeceaba_steel_plant,-20.582683,-43.971555,2011.0,2500.0,0.0,0.0,,,Mixed (BF-BOF + electric),1000.0,0.0,0.0,0.0,350.0,0.0,1000.0,operating,operating; cancelled
P100000120974,Vallourec Star Youngstown steel plant,Vallourec Star LP,United States,North America,"41.1254950, -80.6833820",41.0,Vallourec SA [100.0%],N/A,Ohio,Youngstown,exact,EAF,https://www.gem.wiki/Vallourec_Star_Youngstown_steel_plant,41.125495,-80.683382,1985.0,260.0,0.0,0.0,0.0,0.0,EAF / IF (electric),725.0,0.0,0.0,0.0,0.0,0.0,725.0,operating,operating
P100000120759,Van Merksteijn International steel plant,Van Merksteijn International BV,Netherlands,Europe,"53.4405810, 6.8447730",,Van Merksteijn International BV [100.0%],N/A,Groningen,Eemshaven,approximate,EAF,https://www.gem.wiki/Van_Merksteijn_International_steel_plant,53.440581,6.844773,,275.0,0.0,0.0,0.0,0.0,EAF / IF (electric),0.0,580.0,0.0,0.0,,,,announced,announced
P100000120579,Van Steel Kurdistan plant,Van Company for Industrial Investment and General Trading,Iraq,Middle East,"36.0917600, 43.9741500",4.0,Van Company for Industrial Investment and General Trading [100.0%],N/A,Kurdistan,Erbil,exact,EAF,https://www.gem.wiki/Van_Steel_Kurdistan_plant,36.09176,43.97415,2022.0,700.0,,,,,EAF / IF (electric),750.0,0.0,0.0,0.0,0.0,0.0,750.0,operating,operating
P100001054309,Vardhman Special Steels Ludhiana steel plant,Vardhman Special Steels Limited,India,Asia Pacific,"30.8901030, 75.9086730",,Vardhman Special Steels Limited [100.0%],N/A,Punjab,unknown,approximate,EAF,https://www.gem.wiki/Vardhman_Special_Steels_Ludhiana_steel_plant,30.890103,75.908673,2029.0,,0.0,0.0,0.0,0.0,EAF / IF (electric),0.0,500.0,0.0,0.0,,,,announced,announced
P100000121017,VAS An Hung Tuong Steel Binh Duong plant,VAS Steel An Hung Tuong LLC,Vietnam,Asia Pacific,"11.0542040, 106.6159620",38.0,Vietnam Advance Sprint Group JSC,N/A,Binh Duong,Ben Cat Town,exact,IF,https://www.gem.wiki/VAS_An_Hung_Tuong_Steel_Binh_Duong_plant,11.054204,106.615962,1988.0,714.0,0.0,0.0,0.0,0.0,EAF / IF (electric),500.0,0.0,0.0,0.0,0.0,0.0,0.0,operating,operating
P100000121016,VAS Nghi Son Cast Iron and Steel plant,Nghi Son VAS Group JSC,Vietnam,Asia Pacific,"19.3269240, 105.7774490",8.0,Vietnam Advance Sprint Group JSC [100.0%],N/A,Thanh Hoa,Nghi Son Town,exact,EAF; IF,https://www.gem.wiki/VAS_Nghi_Son_Cast_Iron_and_Steel_plant,19.326924,105.777449,2018.0,4000.0,,,,,EAF / IF (electric),3150.0,0.0,0.0,0.0,0.0,0.0,1000.0,operating,operating
P100000121018,VAS Tue Minh Steel Binh Duong plant,VAS Steel Tue Minh JSC,Vietnam,Asia Pacific,"11.1133430, 106.8310640",10.0,Vietnam Advance Sprint Group JSC [100.0%],N/A,Binh Duong,Bac Tan Uyen Town,exact,EAF,https://www.gem.wiki/VAS_Tue_Minh_Steel_Binh_Duong_plant,11.113343,106.831064,2016.0,850.0,0.0,0.0,0.0,0.0,EAF / IF (electric),500.0,0.0,0.0,0.0,0.0,0.0,500.0,operating,operating
P100000121205,Vedanta Sesa Goa Pig Iron Plant,Vedanta Iron and Steel Ltd,India,Asia Pacific,"15.5268660, 73.9866710",34.0,Vedanta Ltd [100.0%],Partial,Goa,Amona,exact,BF,https://www.gem.wiki/Vedanta_Sesa_Goa_Pig_Iron_Plant,15.526866,73.986671,1992.0,,800.0,522.0,0.0,,BF-BOF (coal-based),0.0,0.0,0.0,0.0,1000.0,0.0,0.0,operating,operating
P100001061390,Vertra Celik Sarımazı steel plant,Vertra Steel Industry and Trade Corp,Türkiye,Europe,"36.9459260, 36.0016430",0.38,Vertra Steel Industry and Trade Corp [100.0%],N/A,Adana,Sarımazı,exact,EAF,https://www.gem.wiki/Vertra_Celik_Sarımazı_steel_plant,36.945926,36.001643,2025.0,,,,,,EAF / IF (electric),800.0,0.0,0.0,0.0,0.0,0.0,800.0,operating,operating
P100000120054,Viena Açailândia iron works,Andrade Valladares Engenharia e Construcao Ltda,Brazil,Central & South America,"-4.8878770, -47.3921570",38.0,natural person(s); RKV Participacoes Ltda; Skv Participacoes Ltda; Viena Administracao e Participacoes Ltda,N/A,Maranhão,Açailândia,exact,BF,https://www.gem.wiki/Viena_Açailândia_iron_works,-4.887877,-47.392157,1988.0,1300.0,219.0,,,,BF-BOF (coal-based),0.0,0.0,0.0,0.0,500.0,0.0,0.0,operating,operating
P100001045591,Viet Nhat VJS Nam Cau Kien steel plant,Viet Nhat Advanced Steel JSC,Vietnam,Asia Pacific,"20.9055300, 106.6287010",16.0,Viet Nhat Advanced Steel JSC [100.0%],N/A,Hai Phong,unknown,exact,IF,https://www.gem.wiki/Viet_Nhat_VJS_Nam_Cau_Kien_steel_plant,20.90553,106.628701,2010.0,800.0,0.0,0.0,0.0,0.0,EAF / IF (electric),500.0,0.0,0.0,0.0,0.0,0.0,0.0,operating,operating
P100001045592,Vietnam Italy Steel Pho Noi steel plant,Vietnam - Italy Steel JSC,Vietnam,Asia Pacific,"20.9464280, 106.0254540",24.0,Kyoei Steel Ltd [73.8%]; Thai Hung Trading JSC [20.0%]; unknown [6.2%],N/A,Hung Yen,unknown,exact,EAF,https://www.gem.wiki/Vietnam_Italy_Steel_Pho_Noi_steel_plant,20.946428,106.025454,2002.0,,0.0,0.0,0.0,0.0,EAF / IF (electric),552.0,0.0,0.0,0.0,0.0,0.0,552.0,operating,operating
P100000121023,Vina Kyoei Steel Phu My plant,Vina Kyoei Steel Ltd Co,Vietnam,Asia Pacific,"10.6014230, 107.0406790",30.14,Kyoei Steel Ltd [45.0%]; Viet Nam Steel Corp [40.0%]; Mitsui & Co Ltd [9.0%]; Marubeni-Itochu Steel Pte Ltd [6.0%],Partial,Ba Ria Vung Tau,Phu My Town,exact,EAF,https://www.gem.wiki/Vina_Kyoei_Steel_Phu_My_plant,10.601423,107.040679,1996.0,,0.0,0.0,0.0,0.0,EAF / IF (electric),1000.0,0.0,0.0,0.0,0.0,0.0,1000.0,operating,operating
P100001045578,Vina One Steel Ben Luc steel plant,Vina One Steel Manufacturing Corp,Vietnam,Asia Pacific,"10.6368350, 106.5175950",19.0,Vina One Steel Manufacturing Corp [100.0%],N/A,Long An,Long Hiep,exact,IF,https://www.gem.wiki/Vina_One_Steel_Ben_Luc_steel_plant,10.636835,106.517595,2007.0,1500.0,0.0,0.0,0.0,0.0,EAF / IF (electric),1200.0,0.0,0.0,0.0,0.0,0.0,0.0,operating,operating
P100000121201,Vina Roma Quang Tri steel plant,Vina Roma Quang Tri Steel JSC,Vietnam,Asia Pacific,"16.7565590, 107.3295470",,Vina Roma Quang Tri Steel JSC [100.0%],N/A,Quang Tri,unknown,approximate,Iron other/unspecified; Steel other/unspecified,https://www.gem.wiki/Vina_Roma_Quang_Tri_steel_plant,16.756559,107.329547,2027.0,4000.0,,,,,Other / unspecified,0.0,4500.0,0.0,0.0,,,,announced,announced
P100001080248,VinMetal Ha Tinh steel plant,VinMetal Joint Stock Company JSC,Vietnam,Asia Pacific,"18.3532260, 105.9030420",,Vingroup JSC [100.0%],N/A,Ha Tinh,unknown,approximate,Steel other/unspecified,https://www.gem.wiki/VinMetal_Ha_Tinh_steel_plant,18.353226,105.903042,,,0.0,0.0,0.0,0.0,Other / unspecified,0.0,500.0,0.0,0.0,,,,announced,announced
P100000120820,VMK Red October steel plant,Krasnyi Oktyabr' Corporation JSC,Russia,Eurasia,"48.7540250, 44.5610040",128.0,RSL Group JSC,N/A,Volgograd,Volgograd,exact,EAF,https://www.gem.wiki/VMK_Red_October_steel_plant,48.754025,44.561004,1898.0,4300.0,0.0,0.0,0.0,0.0,EAF / IF (electric),501.0,0.0,0.0,0.0,0.0,0.0,501.0,operating,operating
P100000121021,VNSteel Southern Steel Phu My plant,VNSTEEL Southern Steel Co Ltd,Vietnam,Asia Pacific,"10.5765970, 107.0289950",21.0,Viet Nam Steel Corp,Partial,Ba Ria Vung Tau,Phu My Town,exact,EAF,https://www.gem.wiki/VNSteel_Southern_Steel_Phu_My_plant,10.576597,107.028995,2005.0,,0.0,0.0,0.0,0.0,EAF / IF (electric),550.0,0.0,0.0,0.0,0.0,0.0,550.0,operating,operating
P100000120011,Voestalpine Stahl Donawitz steel plant,Voestalpine Stahl Donawitz GmbH,Austria,Europe,"47.3804550, 15.0651820",148.0,Voestalpine AG [100.0%],N/A,Styria,Leoben,exact,BF; BOF; DRI; EAF,https://www.gem.wiki/Voestalpine_Stahl_Donawitz_steel_plant,47.380455,15.065182,1878.0,1356.0,1700.0,,,,BF-BOF (coal-based),1570.0,1700.0,0.0,0.0,1651.0,1570.0,0.0,operating,operating; operating pre-retirement; construction
P100000120010,Voestalpine Stahl Linz steel plant,Voestalpine Stahl GmbH,Austria,Europe,"48.2740230, 14.3343400",86.0,Voestalpine AG [100.0%],N/A,Upper Austria,Linz,exact,BF; BOF; DRI; EAF,https://www.gem.wiki/Voestalpine_Stahl_Linz_steel_plant,48.274023,14.33434,1940.0,9150.0,,,,,BF-BOF (coal-based),6000.0,1600.0,0.0,0.0,5000.0,6000.0,0.0,operating,operating; operating pre-retirement; construction
P100000120824,Volzhsky Pipe Plant,Volzhskiy Trubnyi Zavod JSC,Russia,Eurasia,"48.8043320, 44.7940800",56.0,Trubnaya Metallurgicheskaya Kompaniya PJSC [100.0%],N/A,Volgograd,Volzhskiy,exact,EAF,https://www.gem.wiki/Volzhsky_Pipe_Plant,48.804332,44.79408,1970.0,10000.0,0.0,0.0,0.0,0.0,EAF / IF (electric),900.0,0.0,0.0,0.0,0.0,0.0,900.0,operating,operating
P100000121200,Vulcan Green Steel Nigeria plant,Vulcan Green Steel LLC,Nigeria,Africa,"9.0820000, 8.6753000",,Vulcan Green Steel LLC [100.0%],N/A,unknown,unknown,approximate,DRI; EAF,https://www.gem.wiki/Vulcan_Green_Steel_Nigeria_plant,9.082,8.6753,,,,0.0,,0.0,DRI-EAF,0.0,3000.0,0.0,0.0,,,,announced,announced
P100001082548,Walsin Lihwa Tainan stainless steel plant,Walsin Lihwa Corp,Taiwan,Asia Pacific,"23.295835858147463, 120.24399172517494",33.0,Walsin Lihwa Corp [100.0%],N/A,Yenshui,Tianan,approximate,EAF,https://www.gem.wiki/Walsin_Lihwa_Tainan_stainless_steel_plant,23.295835858147463,120.24399172517494,1993.0,,0.0,0.0,0.0,55.0,EAF / IF (electric),1000.0,0.0,0.0,0.0,0.0,0.0,1000.0,operating,operating
P100000120791,Weglokoks Ruda Slaska steel plant,Weglokoks Stal SP zoo,Poland,Europe,"50.2898580, 18.8744140",,Weglokoks SA,Full,Silesia,Ruda Śląska,exact,EAF,https://www.gem.wiki/Weglokoks_Ruda_Slaska_steel_plant,50.289858,18.874414,2027.0,,0.0,0.0,0.0,0.0,EAF / IF (electric),0.0,0.0,0.0,1000.0,,,,cancelled,cancelled
P100000120244,Weifang Special Steel Group Co Ltd,Weifang SPECIAL Steel Group Co Ltd,China,Asia Pacific,"36.6444690, 119.2384270",32.28,Weiao (Shandong) Investment Co Ltd [100.0%],N/A,Shandong,unknown,exact,BF; BOF,https://www.gem.wiki/Weifang_Special_Steel_Group_Co_Ltd,36.644469,119.238427,1993.0,6089.0,,,,,BF-BOF (coal-based),3000.0,0.0,0.0,0.0,2350.0,3000.0,0.0,operating pre-retirement,operating pre-retirement
P100001064114,Weining Hengchang Furnace Charge & Casting Co Ltd,Weining Hengchang Furnace Charge & Casting Co Ltd,China,Asia Pacific,"26.783556, 104.394517",21.69,Weining Hengchang Furnace Charge & Casting Co Ltd [100.0%],N/A,Guizhou,Bijie,approximate,BF,https://www.gem.wiki/Weining_Hengchang_Furnace_Charge_&_Casting_Co_Ltd,26.783556,104.394517,2004.0,,,,,,BF-BOF (coal-based),0.0,0.0,0.0,0.0,694.0,0.0,0.0,operating,operating
P100000120541,Welspun Metallics Anjar Steel plant,Welspun Corp Ltd,India,Asia Pacific,"23.1127810, 70.0866885",22.0,Welspun Corp Ltd [100.0%],N/A,Gujarat,Anjar,exact,BF; DRI; IF; BOF; Iron other/unspecified,https://www.gem.wiki/Welspun_Metallics_Anjar_Steel_plant,23.112781,70.0866885,2004.0,2000.0,5280.0,1370.0,,,Mixed (BF-BOF + electric),288.0,4850.0,0.0,1550.0,644.0,0.0,0.0,operating,operating; announced; cancelled
P100000120591,West Alborz Ana Steel Zanjan plant,West Alborz Steel Co,Iran,Middle East,"36.1195740, 49.3062530",21.0,West Alborz Steel Co [100.0%],N/A,Zanjan,Abhar,exact,EAF; IF; DRI,https://www.gem.wiki/West_Alborz_Ana_Steel_Zanjan_plant,36.119574,49.306253,2005.0,,2000.0,0.0,1800.0,150.0,EAF / IF (electric),1600.0,0.0,0.0,0.0,0.0,0.0,1000.0,operating,operating; announced
P100000120296,WISCO Group Kunming Steel Co Ltd Anning Branch,WISCO Group Kunming Steel Co Ltd,China,Asia Pacific,"24.9476870, 102.3673940",9.71,WISCO Group Kunming Steel Co Ltd [100.0%],N/A,Yunnan,unknown,exact,BF; BOF,https://www.gem.wiki/WISCO_Group_Kunming_Steel_Co_Ltd_Anning_Branch,24.947687,102.367394,2012.0,,,,,,BF-BOF (coal-based),0.0,0.0,0.0,2550.0,,,,retired,retired
P100000120297,WISCO Group Kunming Steel Co Ltd Honghe Iron and Steel Company,Honghe Iron and Steel Co Ltd,China,Asia Pacific,"23.4707330, 103.2727840",17.92,China Baowu Steel Group Co Ltd [48.4%]; Kunming Iron & Steel Holding Co Ltd [40.3%]; unknown [4.2%],Partial,Yunnan,Yuguopu,exact,BF; BOF,https://www.gem.wiki/WISCO_Group_Kunming_Steel_Co_Ltd_Honghe_Iron_and_Steel_Company,23.470733,103.272784,2004.0,1859.0,3200.0,,,,BF-BOF (coal-based),0.0,0.0,0.0,1422.0,,,,retired,retired
P100000120299,WISCO Group Kunming Steel Co Ltd New District Branch,WISCO Group Kunming Steel Co Ltd,China,Asia Pacific,"24.9532610, 102.3780820",13.83,WISCO Group Kunming Steel Co Ltd [100.0%],N/A,Yunnan,Caopu,exact,BF; BOF,https://www.gem.wiki/WISCO_Group_Kunming_Steel_Co_Ltd_New_District_Branch,24.953261,102.378082,2012.0,2228.0,,,,,BF-BOF (coal-based),2276.0,3200.0,0.0,0.0,2130.0,2276.0,0.0,operating,operating; operating pre-retirement; announced
P100000120298,WISCO Group Kunming Steel Co Ltd Yuxi Xinxing Steel Company,Yuxi Xinxing Iron & Steel Co Ltd,China,Asia Pacific,"24.2490240, 102.5217470",22.06,China Baowu Steel Group Co Ltd [48.4%]; Kunming Iron & Steel Holding Co Ltd [40.3%]; unknown [4.2%],Partial,Yunnan,Yanhe,exact,BF; BOF,https://www.gem.wiki/WISCO_Group_Kunming_Steel_Co_Ltd_Yuxi_Xinxing_Steel_Company,24.249024,102.521747,2004.0,2019.0,,,,,BF-BOF (coal-based),0.0,0.0,0.0,948.0,,,,mothballed,mothballed; retired
P100000121069,WISCO Group Xiangyang Heavy Equipment Materials Co Ltd,WISCO Group Xiangyang Heavy Equipment MATERIALS Co Ltd,China,Asia Pacific,"32.1070400, 112.2356210",27.0,China Baowu Steel Group Co Ltd [100.0%],N/A,Hubei,Xiangyang,exact,EAF,https://www.gem.wiki/WISCO_Group_Xiangyang_Heavy_Equipment_Materials_Co_Ltd,32.10704,112.235621,1999.0,393.0,0.0,0.0,0.0,0.0,EAF / IF (electric),0.0,0.0,500.0,0.0,,,,mothballed,mothballed
P100000120134,Wu an Mingfang Iron and Steel Co Ltd,Wuan Mingfang Iron & Steel Co Ltd,China,Asia Pacific,"36.7107540, 114.2078550",37.0,Hebei Taihang Iron and Steel Group Co Ltd [100.0%],N/A,Hebei,Handan,exact,BF; BOF,https://www.gem.wiki/Wu_an_Mingfang_Iron_and_Steel_Co_Ltd,36.710754,114.207855,1984.0,4500.0,,,,,BF-BOF (coal-based),0.0,0.0,0.0,2999.0,,,,retired,retired
P100000120114,Wu an Yuhua Iron and Steel Co Ltd,Wuan Yuhua Steel Co Ltd,China,Asia Pacific,"36.7317520, 114.0983770",38.0,Jinan Iron & Steel Group Co Ltd [88.1%]; natural person(s) [11.9%],N/A,Hebei,Handan,exact,BF; BOF,https://www.gem.wiki/Wu_an_Yuhua_Iron_and_Steel_Co_Ltd,36.731752,114.098377,1988.0,4957.0,,,,,BF-BOF (coal-based),2700.0,0.0,0.0,1400.0,1820.0,2700.0,0.0,operating pre-retirement,operating pre-retirement; retired
P100000121085,Wu'an Yongcheng Zhuye Co Ltd,Wu'an Yongcheng Zhuye Co Ltd,China,Asia Pacific,"36.6602780, 113.9939950",19.0,Wu'an Yongcheng Zhuye Co Ltd [100.0%],N/A,Hebei,Handan,exact,BF; BOF,https://www.gem.wiki/Wu'an_Yongcheng_Zhuye_Co_Ltd,36.660278,113.993995,2003.0,,,,,,BF-BOF (coal-based),0.0,0.0,0.0,830.0,,,,retired,retired
P100000120357,Wugang Zhongjia Iron and Steel Co Ltd,Wugang Zhongjia Iron & Steel Co Ltd,China,Asia Pacific,"33.2917500, 113.4580110",24.0,Henan Wugang Huayu Materials Co Ltd [75.0%]; Hongxing (Hong Kong) Co Ltd [25.0%],N/A,Henan,Wugang,exact,BF,https://www.gem.wiki/Wugang_Zhongjia_Iron_and_Steel_Co_Ltd,33.29175,113.458011,2002.0,825.0,,,,,BF-BOF (coal-based),0.0,0.0,0.0,0.0,1220.0,0.0,0.0,operating,operating
P100000120340,Wuhai Baogang Wanteng Iron and Steel Co Ltd,Wuhai Baogang Wanteng Iron and Steel Co Ltd,China,Asia Pacific,"39.8559710, 106.8866470",15.0,Beijing Jianlong Investment Co Ltd [59.2%]; Inner Mongolia Yellow River Energy Technology Group Co Ltd [32.8%]; unknown [8.1%],N/A,Inner Mongolia,unknown,exact,BF; BOF,https://www.gem.wiki/Wuhai_Baogang_Wanteng_Iron_and_Steel_Co_Ltd,39.855971,106.886647,2011.0,2543.0,,,,,BF-BOF (coal-based),2000.0,0.0,0.0,0.0,2000.0,2000.0,0.0,operating,operating
P100000120171,Wuhan Iron and Steel Co Ltd,Wuhan Iron and Steel Co Ltd,China,Asia Pacific,"30.6162220, 114.4449750",67.44,Baoshan Iron & Steel Co Ltd [100.0%],N/A,Hubei,Wuhan,exact,BF; BOF,https://www.gem.wiki/Wuhan_Iron_and_Steel_Co_Ltd,30.616222,114.444975,1958.0,14187.0,,,,,BF-BOF (coal-based),15907.0,0.0,0.0,0.0,14320.0,15907.0,0.0,operating,operating; retired
P100000121210,Wuhan Iron and Steel Jombang plant,Wuhan Iron and Steel Co Ltd,Indonesia,Asia Pacific,"-7.5599130, 112.2663250",,Baoshan Iron & Steel Co Ltd [100.0%],N/A,East Java,Jombang Regency,approximate,EAF; Iron other/unspecified,https://www.gem.wiki/Wuhan_Iron_and_Steel_Jombang_plant,-7.559913,112.266325,,,,,,0.0,EAF / IF (electric),0.0,0.0,0.0,5000.0,,,,cancelled,cancelled
P100000120174,Wuhan Shunle Stainless Steel Co Ltd,Wuhan Shunle Stainless Steel Co Ltd,China,Asia Pacific,"30.3944340, 114.2577010",27.0,natural person(s) [83.0%]; Hubei Jinshenglan Investment Group Co Ltd [17.0%],N/A,Hubei,Wuhan,exact,EAF,https://www.gem.wiki/Wuhan_Shunle_Stainless_Steel_Co_Ltd,30.394434,114.257701,1994.0,,0.0,0.0,0.0,0.0,EAF / IF (electric),0.0,0.0,0.0,1200.0,,,,retired,retired
P100000120073,Wuhu Fuxin Iron and Steel Co Ltd,Wuhu Fuxin Iron & Steel Co Ltd,China,Asia Pacific,"31.1945050, 118.0678330",23.0,Wuhu Fuxin Iron & Steel Co Ltd [100.0%],N/A,Anhui,Wuhu,exact,BF; BOF,https://www.gem.wiki/Wuhu_Fuxin_Iron_and_Steel_Co_Ltd,31.194505,118.067833,2003.0,2886.0,,,,,BF-BOF (coal-based),2000.0,0.0,0.0,0.0,1770.0,2000.0,0.0,operating,operating
P100000120068,Wuhu Xinxing Ductile Iron Pipes Co Ltd,Wuhu Xinxing Ductile Iron Pipes Co Ltd,China,Asia Pacific,"31.2298930, 118.1508670",23.0,Xinxing Ductile Iron Pipes Co Ltd [100.0%],N/A,Anhui,Wuhu,exact,BF; BOF; EAF,https://www.gem.wiki/Wuhu_Xinxing_Ductile_Iron_Pipes_Co_Ltd,31.229893,118.150867,2003.0,4273.0,6280.0,1200.0,,,Mixed (BF-BOF + electric),2000.0,0.0,0.0,0.0,1980.0,1500.0,500.0,operating,operating
P100000120354,Wulanhot Steel Co Ltd,Wulanhot Iron & Steel Co Ltd,China,Asia Pacific,"46.0556850, 122.0632820",26.64,Jingye Group Co Ltd [100.0%],N/A,Inner Mongolia,Xing'an,exact,BF; BOF,https://www.gem.wiki/Wulanhot_Steel_Co_Ltd,46.055685,122.063282,1999.0,2216.0,,,,,BF-BOF (coal-based),1350.0,0.0,0.0,0.0,1130.0,1350.0,0.0,operating,operating; retired
P100000120204,Wuxi Xinsanzhou Steel Co Ltd,Wuxi Xinsanzhou Special Steel Co Ltd,China,Asia Pacific,"31.6810050, 120.2517850",39.84,Wuxi Xinsanzhou Special Steel Co Ltd [100.0%],N/A,Jiangsu,unknown,exact,BF; BOF,https://www.gem.wiki/Wuxi_Xinsanzhou_Steel_Co_Ltd,31.681005,120.251785,1986.0,1103.0,,,,,BF-BOF (coal-based),0.0,0.0,0.0,1100.0,,,,retired,retired
P100000120161,Wuyang Iron and Steel Co Ltd,Wuyang Iron and Steel Co Ltd,China,Asia Pacific,"33.2875360, 113.4743280",56.0,HBIS Group Co Ltd [53.1%]; China Baowu Steel Group Co Ltd [27.7%]; China Huarong Asset Management Co Ltd [8.3%]; HBIS Co Ltd [8.1%]; unknown [2.8%],Partial,Henan,Anyang,exact,BF; BOF; EAF,https://www.gem.wiki/Wuyang_Iron_and_Steel_Co_Ltd,33.287536,113.474328,1970.0,8582.0,,,,,Mixed (BF-BOF + electric),5040.0,0.0,0.0,0.0,1200.0,1200.0,3840.0,operating,operating
P100000120365,Wuzhou Yongda Iron and Steel Co Ltd,Wuzhou Yongda Steel Works Co Ltd,China,Asia Pacific,"23.5244650, 111.2402000",17.0,Wuzhou Yongda Steel Works Co Ltd [100.0%],N/A,Guangxi,Wuzhou,exact,EAF,https://www.gem.wiki/Wuzhou_Yongda_Iron_and_Steel_Co_Ltd,23.524465,111.2402,2009.0,461.0,0.0,0.0,0.0,0.0,EAF / IF (electric),1851.0,1645.0,0.0,1029.0,0.0,0.0,1851.0,operating pre-retirement,operating pre-retirement; construction; cancelled
P100000120366,Wuzhou Yongda Special Steel Co Ltd,Wuzhou Yongda Special Steel Co Ltd,China,Asia Pacific,"23.5203070, 111.2299810",15.0,Wuzhou Yongda Steel Works Co Ltd [100.0%],N/A,Guangxi,Wuzhou,exact,EAF,https://www.gem.wiki/Wuzhou_Yongda_Special_Steel_Co_Ltd,23.520307,111.229981,2011.0,449.0,0.0,0.0,0.0,0.0,EAF / IF (electric),1000.0,0.0,0.0,0.0,0.0,0.0,1000.0,operating,operating
P100000120263,Xiangfen County Xingyuan Steel Group Co Ltd,Xiangfen County Xingyuan Steel Group Co Ltd,China,Asia Pacific,"35.8803240, 111.3879560",20.2,Xiangfen County Xingyuan Steel Group Co Ltd [100.0%],N/A,Shanxi,Jingmao,exact,BF; BOF,https://www.gem.wiki/Xiangfen_County_Xingyuan_Steel_Group_Co_Ltd,35.880324,111.387956,2002.0,,,,,,BF-BOF (coal-based),0.0,0.0,0.0,2000.0,,,,retired,retired
P100000120272,Xiangfen County Xinjinshan Special Steel Co Ltd,Xiangfen County XinJinShan Special Steel Co Ltd,China,Asia Pacific,"35.9348310, 111.4970700",23.06,Fujian Huaya Group Co Ltd [64.1%]; natural person(s) [32.8%]; unknown [3.2%],N/A,Shanxi,Dengzhuang,exact,BF; BOF,https://www.gem.wiki/Xiangfen_County_Xinjinshan_Special_Steel_Co_Ltd,35.934831,111.49707,2003.0,150.0,,,,,BF-BOF (coal-based),0.0,0.0,2200.0,0.0,,,,mothballed,mothballed; cancelled
P100000120551,Xindia Steels Koppal plant,Xindia Steels Ltd,India,Asia Pacific,"15.2934210, 76.2349470",,China Minmetals Corp [14.3%]; Kelachandra Group [14.3%]; Manasara Group [14.3%]; Shanxi HONGDA Iron and Steel Group Co Ltd [14.3%]; The Joinus Venture Capital Co Ltd [14.3%]; Xinxing Cathay International Group Co Ltd [14.3%]; McWane Inc,N/A,Karnataka,Koppal,exact,BF; BOF; DRI,https://www.gem.wiki/Xindia_Steels_Koppal_plant,15.293421,76.234947,2029.0,,,,5200.0,,BF-BOF (coal-based),0.0,0.0,0.0,5000.0,,,,cancelled,cancelled
P100000120116,Xingtai Iron and Steel Co Ltd,Xingtai Iron and Steel Co Ltd,China,Asia Pacific,"37.0416010, 114.4523520",68.0,Hebei Jianen Trading Co Ltd [48.1%]; Xing Steel Fine Wire Holdings Co Ltd [26.0%]; Xingtai Jinglin Trading Co Ltd [25.9%],N/A,Hebei,Xingtai,exact,BF; BOF,https://www.gem.wiki/Xingtai_Iron_and_Steel_Co_Ltd,37.041601,114.452352,1958.0,3207.0,,,,,BF-BOF (coal-based),3060.0,0.0,0.0,0.0,890.0,3060.0,0.0,operating pre-retirement,operating pre-retirement; retired
P100000121135,Xingtai Iron and Steel Co Ltd Weixian,Xingtai Iron and Steel Co Ltd,China,Asia Pacific,"37.0320890, 115.3661120",,Hebei Jianen Trading Co Ltd [48.1%]; Xing Steel Fine Wire Holdings Co Ltd [26.0%]; Xingtai Jinglin Trading Co Ltd [25.9%],N/A,Hebei,Xingtai,approximate,EAF; Iron other/unspecified,https://www.gem.wiki/Xingtai_Iron_and_Steel_Co_Ltd_Weixian,37.032089,115.366112,,,,,,0.0,EAF / IF (electric),0.0,2250.0,0.0,0.0,,,,construction,construction
P100000120233,Xining Special Steel Co Ltd,Xining Special Steel Co Ltd,China,Asia Pacific,"36.6685600, 101.6714140",28.37,Xining Special Steel Co Ltd [100.0%],N/A,Qinghai,Xining,exact,BF; BOF; EAF,https://www.gem.wiki/Xining_Special_Steel_Co_Ltd,36.66856,101.671414,1997.0,3757.0,,800.0,,,Mixed (BF-BOF + electric),2040.0,0.0,0.0,0.0,2040.0,900.0,1140.0,operating,operating
P100000120155,Xinji Aosen Iron and Steel Group Co Ltd,Xinji AOSEN Steel Group Co Ltd,China,Asia Pacific,"37.7523510, 115.1847980",24.0,Xinji AOSEN Steel Group Co Ltd [100.0%],N/A,Hebei,Shijiazhuang,exact,BF; BOF,https://www.gem.wiki/Xinji_Aosen_Iron_and_Steel_Group_Co_Ltd,37.752351,115.184798,2002.0,6931.0,,,,,BF-BOF (coal-based),3600.0,0.0,0.0,0.0,3130.0,3600.0,0.0,operating,operating; retired
P100000120295,Xinjiang Daan Special Steel Co Ltd,Xinjiang Da'an Special Steel Co Ltd,China,Asia Pacific,"42.7004650, 93.5424660",14.86,Xinjiang Da'an Special Steel Co Ltd [100.0%],N/A,Xinjiang,unknown,exact,BF; BOF,https://www.gem.wiki/Xinjiang_Daan_Special_Steel_Co_Ltd,42.700465,93.542466,2011.0,894.0,,,,,BF-BOF (coal-based),1000.0,0.0,0.0,0.0,1040.0,1000.0,0.0,operating,operating
P100001023534,Xinjiang Ka Steel Group Co,Xinjiang Ka Steel Group Co,China,Asia Pacific,"39.1429970, 76.1615890",4.25,Xinjiang Ka Steel Group Co [100.0%],N/A,Xinjiang,Aermudong,approximate,BF; BOF,https://www.gem.wiki/Xinjiang_Ka_Steel_Group_Co,39.142997,76.161589,2021.0,,,,,,BF-BOF (coal-based),1000.0,0.0,0.0,0.0,1040.0,1000.0,0.0,operating,operating
P100000120290,Xinjiang Kingtec Steel Co Ltd,Xinjiang KingTec Steel Co Ltd,China,Asia Pacific,"42.6741920, 86.2801560",22.28,Shanghai Xuantong Technology Development Co Ltd [66.0%]; Shanghai Juhang Industrial Co Ltd [32.8%]; unknown [1.2%],N/A,Xinjiang,Bailuntai,exact,BF; BOF,https://www.gem.wiki/Xinjiang_Kingtec_Steel_Co_Ltd,42.674192,86.280156,2003.0,77.0,,,,,BF-BOF (coal-based),1334.0,0.0,0.0,667.0,1040.0,1334.0,0.0,operating,operating; retired
P100000120292,Xinjiang Kunyu Iron and Steel Co Ltd,Xinjiang Kunyu Lron & Steel Co Ltd,China,Asia Pacific,"44.4041890, 84.9667530",14.72,Shiheng Special Steel Holding Group Co Ltd [54.7%]; Hong Kong Wing Tai Holdings [22.0%]; unknown [15.9%]; Trade Union Committee of Shiheng Special Steel Group [7.4%],N/A,Xinjiang,unknown,exact,BF; BOF,https://www.gem.wiki/Xinjiang_Kunyu_Iron_and_Steel_Co_Ltd,44.404189,84.966753,2010.0,1460.0,2100.0,,,,BF-BOF (coal-based),0.0,0.0,0.0,750.0,,,,retired,retired
P100000120410,Xinjiang Minxin Iron and Steel Group Minhang Special Steel Co Ltd,Xinjiang Minxin Iron and Steel (Group) Minhang Special Steel Co Ltd,China,Asia Pacific,"44.0808660, 88.4172090",14.79,Xinjiang MINXIN Steei (GROUP) Co Ltd [100.0%],N/A,Xinjiang,unknown,exact,EAF,https://www.gem.wiki/Xinjiang_Minxin_Iron_and_Steel_Group_Minhang_Special_Steel_Co_Ltd,44.080866,88.417209,2011.0,45.0,0.0,0.0,0.0,0.0,EAF / IF (electric),1110.0,0.0,0.0,0.0,0.0,0.0,1110.0,operating,operating
P100000120291,Xinjiang Tianshan Iron and Steel Bazhou Co Ltd,Xinxing Ductile Iron Pipes Xinjiang Co Ltd,China,Asia Pacific,"42.3333210, 86.3024810",15.46,China Baowu Steel Group Co Ltd [79.3%]; Xinjiang Investment Development (Group) Co Ltd [5.2%]; Industrial and Commercial Bank of China Ltd [5.0%]; Bank of China Ltd [3.8%]; Agricultural Bank of China Ltd [3.6%]; unknown [3.0%],Partial,Xinjiang,unknown,exact,BF; BOF; EAF,https://www.gem.wiki/Xinjiang_Tianshan_Iron_and_Steel_Bazhou_Co_Ltd,42.333321,86.302481,2010.0,1432.0,1438.0,,636.0,,BF-BOF (coal-based),2000.0,750.0,0.0,0.0,1200.0,2000.0,0.0,operating,operating; construction; retired
P100000120294,Xinjiang Xinan Special Steel Co Ltd,Xinjiang Xin'an Special Steel Co Ltd,China,Asia Pacific,"44.2902990, 86.5958260",14.3,Xinjiang Xin'an Special Steel Co Ltd [100.0%],N/A,Xinjiang,Dafeng,exact,EAF,https://www.gem.wiki/Xinjiang_Xinan_Special_Steel_Co_Ltd,44.290299,86.595826,2011.0,101.0,0.0,0.0,0.0,0.0,EAF / IF (electric),400.0,0.0,0.0,1150.0,0.0,0.0,400.0,operating,operating; retired
P100000120293,Xinjiang Yili Iron and Steel Co Ltd,Xinjiang Yili Iron and Steel Co Ltd,China,Asia Pacific,"43.5268080, 83.2943230",68.0,Xinjiang Yili Iron and Steel Co Ltd [100.0%],N/A,Xinjiang,Zeketai,exact,BF; BOF,https://www.gem.wiki/Xinjiang_Yili_Iron_and_Steel_Co_Ltd,43.526808,83.294323,1958.0,2375.0,,,,,BF-BOF (coal-based),1000.0,0.0,0.0,0.0,1000.0,1000.0,0.0,operating,operating
P100000120214,Xinyu Iron and Steel Group Co Ltd,Xinyu Iron & Steel Corp Ltd,China,Asia Pacific,"27.7868590, 114.9215950",68.0,Xinyu Iron & Steel Corp Ltd [100.0%],Partial,Jiangxi,unknown,exact,BF; BOF; EAF,https://www.gem.wiki/Xinyu_Iron_and_Steel_Group_Co_Ltd,27.786859,114.921595,1958.0,25578.0,,,,,Mixed (BF-BOF + electric),11001.0,0.0,0.0,1000.0,9000.0,10001.0,1000.0,operating,operating; operating pre-retirement; announced; retired
P100000120242,Xiwang Metal Science Technology Co Ltd,Xiwang METAL Science Technology Co Ltd,China,Asia Pacific,"36.9282080, 117.6946540",14.01,Xiwang Special Steel Co Ltd [99.6%]; unknown [0.4%],N/A,Shandong,Xiwang,exact,BF; BOF; EAF,https://www.gem.wiki/Xiwang_Metal_Science_Technology_Co_Ltd,36.928208,117.694654,2007.0,1582.0,,,,,Mixed (BF-BOF + electric),0.0,0.0,0.0,3600.0,,,,retired,retired
P100000121037,Xuan Thien Nam Dinh steel plant,Xuan Thien Group JSC,Vietnam,Asia Pacific,"20.4390250, 106.1621340",,Xuan Thien Group JSC [100.0%],N/A,Nam Dinh,Nam Dinh,approximate,DRI; EAF,https://www.gem.wiki/Xuan_Thien_Nam_Dinh_steel_plant,20.439025,106.162134,2030.0,21000.0,,,,,DRI-EAF,0.0,7500.0,0.0,0.0,,,,announced,announced
P100000121036,Xuan Thien Nghia Hung steel plant,Xuan Thien Group JSC,Vietnam,Asia Pacific,"20.0378050, 106.1276890",,Xuan Thien Group JSC [100.0%],N/A,Nam Dinh,Nghia Hung,approximate,DRI; EAF,https://www.gem.wiki/Xuan_Thien_Nghia_Hung_steel_plant,20.037805,106.127689,2027.0,,,,,,DRI-EAF,0.0,2000.0,0.0,0.0,,,,construction,construction
P100000120104,Xuanhua Iron and Steel Group Co Ltd,Xuanhua Iron and Steel Group Co Ltd,China,Asia Pacific,"40.5895910, 115.0908890",102.0,Xuanhua Iron and Steel Group Co Ltd [100.0%],N/A,Hebei,Zhangjiakou,exact,BF; BOF,https://www.gem.wiki/Xuanhua_Iron_and_Steel_Group_Co_Ltd,40.589591,115.090889,1919.0,13009.0,,,,,BF-BOF (coal-based),0.0,0.0,0.0,6000.0,,,,retired,retired
P100000120200,Xuzhou Baofeng Special Steel Co Ltd,Xuzhou Baofeng Special Steel Co Ltd,China,Asia Pacific,"34.3648720, 117.3226330",11.94,natural person(s) [89.6%]; Xuzhou Haijin Trading Co Ltd [10.0%]; unknown [0.5%],N/A,Jiangsu,Qingshanquan,exact,BF; BOF,https://www.gem.wiki/Xuzhou_Baofeng_Special_Steel_Co_Ltd,34.364872,117.322633,2008.0,,,,,,BF-BOF (coal-based),0.0,0.0,0.0,1700.0,,,,retired,retired
P100000120381,Xuzhou Jinhong Iron and Steel Group Co Ltd,Xuzhou Jinhong Iron and Steel Group Co Ltd,China,Asia Pacific,"34.5001220, 116.9088970",25.58,Xuzhou Jinhong Iron and Steel Group Co Ltd [100.0%],N/A,Jiangsu,Jingan,exact,EAF,https://www.gem.wiki/Xuzhou_Jinhong_Iron_and_Steel_Group_Co_Ltd,34.500122,116.908897,2000.0,594.0,0.0,0.0,0.0,0.0,EAF / IF (electric),1000.0,0.0,0.0,1000.0,0.0,0.0,1000.0,operating,operating; retired
P100000120208,Xuzhou Taifa Special Steel Group Co Ltd,Xuzhou TaiFa Special Steel Technology Co Ltd,China,Asia Pacific,"34.4485140, 117.2718760",16.0,Xuzhou TaiFa Special Steel Technology Co Ltd [100.0%],N/A,Jiangsu,Liuquan,exact,BF; BOF,https://www.gem.wiki/Xuzhou_Taifa_Special_Steel_Group_Co_Ltd,34.448514,117.271876,2004.0,,,,,,BF-BOF (coal-based),0.0,0.0,0.0,1700.0,,,,retired,retired
P100000120673,Yamato Steel Himeji Plant,Yamato Steel Co Ltd,Japan,Asia Pacific,"34.7833190, 134.6046160",65.0,Yamato Kogyo Co Ltd [100.0%],N/A,Hyogo,Himeji,exact,EAF,https://www.gem.wiki/Yamato_Steel_Himeji_Plant,34.783319,134.604616,1961.0,336.0,0.0,0.0,0.0,0.0,EAF / IF (electric),700.0,0.0,0.0,0.0,0.0,0.0,700.0,operating,operating
P100000120310,Yancheng Lianxin Iron and Steel Co Ltd,Yancheng Lianxin Steel Co Ltd,China,Asia Pacific,"33.2113320, 120.7748920",68.0,Huachuang Jiangsu Investment Co Ltd [80.4%]; natural person(s) [19.6%],N/A,Jiangsu,unknown,exact,BF; BOF; EAF,https://www.gem.wiki/Yancheng_Lianxin_Iron_and_Steel_Co_Ltd,33.211332,120.774892,1958.0,3382.0,,,,,Mixed (BF-BOF + electric),3200.0,750.0,0.0,0.0,3210.0,2410.0,790.0,operating,operating; operating pre-retirement; announced
P100000120088,Yangchun New Steel Co Ltd,Yangchun New Iron & Steel Co Ltd,China,Asia Pacific,"22.0849040, 111.6421870",19.0,Hunan Valin Steel Co Ltd [51.0%]; Hunan Valin Iron & Steel Group Co Ltd [24.7%]; unknown [14.1%]; Hunan Development Investment Group Co Ltd [3.6%]; Hunan Caixin Financial Holding Group Co Ltd [3.5%]; Hunan Xingxiang Investment Holding Group Co Ltd [3.1%],Partial,Guangdong,Yangjiang,exact,BF; BOF,https://www.gem.wiki/Yangchun_New_Steel_Co_Ltd,22.084904,111.642187,2007.0,2792.0,,,,,BF-BOF (coal-based),2400.0,0.0,0.0,0.0,2200.0,2400.0,0.0,operating,operating
P100000121048,Yangzhou Hengrun Ocean Heavy Industry Co Ltd,Yangzhou Hengrun Ocean Heavy Industry Co Ltd,China,Asia Pacific,"32.2496020, 119.6204380",13.36,Yangzhou Hengrun Ocean Heavy Industry Co Ltd [100.0%],N/A,Jiangsu,Lidian,exact,BF; BOF,https://www.gem.wiki/Yangzhou_Hengrun_Ocean_Heavy_Industry_Co_Ltd,32.249602,119.620438,2012.0,324.0,,,,,BF-BOF (coal-based),3300.0,0.0,0.0,0.0,3500.0,3300.0,0.0,operating,operating
P100000120203,Yangzhou Qinyou Special Metal Materials Co Ltd,Yangzhou Qinyou Special Metal Materials Co Ltd,China,Asia Pacific,"32.8387030, 119.4252360",24.7,Yangzhou Qinyou Special Metal Materials Co Ltd [100.0%],N/A,Jiangsu,Gaoyou Economic Development Zone,exact,BF; BOF,https://www.gem.wiki/Yangzhou_Qinyou_Special_Metal_Materials_Co_Ltd,32.838703,119.425236,2001.0,2271.0,,,,,BF-BOF (coal-based),2400.0,0.0,0.0,0.0,2400.0,2400.0,0.0,operating,operating
P100000120253,Yantai Walsin Stainless Steel Co Ltd,Yantai Walsin Stainless Steel Co Ltd,China,Asia Pacific,"37.5486270, 121.2774880",18.92,Huaxin Special Steel Holdings Co Ltd [75.0%]; Walsin Lihwa Holdings Ltd [4.6%]; Concord Industries Ltd,N/A,Shandong,Development Zone,exact,EAF,https://www.gem.wiki/Yantai_Walsin_Stainless_Steel_Co_Ltd,37.548627,121.277488,2007.0,419.0,0.0,0.0,0.0,0.0,EAF / IF (electric),1400.0,0.0,0.0,0.0,0.0,0.0,1400.0,operating,operating
P100000121032,Yazdani Steel and Power Kalinganagar steel plant,Yazdani Steel and Power Ltd,India,Asia Pacific,"20.9282850, 86.0366040",23.0,Serajuddin & Co,N/A,Odisha,Kalinganagar,exact,DRI; IF; Steel other/unspecified,https://www.gem.wiki/Yazdani_Steel_and_Power_Kalinganagar_steel_plant,20.928285,86.036604,2003.0,519.0,,,,,DRI-EAF,110.0,1080.0,0.0,0.0,72.0,0.0,0.0,operating,operating; announced
P100000120887,Yazici Iron and Steel Iskenderun plant,Yazici Demir Celik Sanayi ve Turizm Ticaret AŞ,Türkiye,Europe,"36.6859320, 36.2062750",32.0,Diler Holding AŞ,N/A,Hatay,İskenderun,exact,EAF,https://www.gem.wiki/Yazici_Iron_and_Steel_Iskenderun_plant,36.685932,36.206275,1994.0,435.0,0.0,0.0,0.0,0.0,EAF / IF (electric),1050.0,0.0,0.0,0.0,0.0,0.0,1050.0,operating,operating
P100000120912,Yenakiieve Metallurgical Plant,Yenakiieve Metallurgical Plant Branch PJSC,Ukraine,Europe,"48.2205020, 38.2286260",131.0,Yenakiieve Metallurgical Plant Branch PJSC [100.0%],Full,Donetsk,Yenakiieve,exact,BF; BOF,https://www.gem.wiki/Yenakiieve_Metallurgical_Plant,48.220502,38.228626,1895.0,4500.0,2000.0,0.0,0.0,0.0,BF-BOF (coal-based),2200.0,0.0,1100.0,0.0,2364.0,2200.0,0.0,operating,operating; mothballed
P100000120888,Yesilyurt Iron and Steel Tekkekoy plant,Yesilyurt Demir Celik Endustri Ve Liman Isletmeleri AŞ,Türkiye,Europe,"41.2411990, 36.4420550",29.0,Yesilyurt Demir Celik Endustri Ve Liman Isletmeleri AŞ [100.0%],N/A,Samsun,Tekkeköy,exact,EAF,https://www.gem.wiki/Yesilyurt_Iron_and_Steel_Tekkekoy_plant,41.241199,36.442055,1997.0,680.0,0.0,0.0,0.0,0.0,EAF / IF (electric),1300.0,0.0,0.0,0.0,0.0,0.0,1300.0,operating,operating
P100000121075,Yichang Fulong Iron and Steel Co Ltd,Yichang Fulong Iron & Steel Co Ltd,China,Asia Pacific,"30.5863320, 111.3988460",,Hubei Rongfu Real Estate Group Co Ltd [50.0%]; natural person(s) [50.0%],N/A,Hubei,Yichang,exact,EAF,https://www.gem.wiki/Yichang_Fulong_Iron_and_Steel_Co_Ltd,30.586332,111.398846,,91.0,0.0,0.0,0.0,0.0,EAF / IF (electric),0.0,0.0,0.0,600.0,,,,retired,retired
P100000120900,Yieh United Steel Kaohsiung plant,Yieh United Steel Corp,Taiwan,Asia Pacific,"22.8308570, 120.3006040",37.22,Yieh United Steel Corp [100.0%],N/A,Kaohsiung,Gangshan,exact,EAF,https://www.gem.wiki/Yieh_United_Steel_Kaohsiung_plant,22.830857,120.300604,1988.0,3352.0,0.0,0.0,0.0,0.0,EAF / IF (electric),1000.0,0.0,0.0,0.0,0.0,0.0,1000.0,operating,operating
P100000121241,Yildiz Iron and Steel Kocaeli plant,Yildizlar Yatirim Holding AŞ,Türkiye,Europe,"40.8703330, 29.5576700",0.0,Yildizlar Yatirim Holding AŞ [100.0%],N/A,Kocaeli,Izmit,approximate,EAF,https://www.gem.wiki/Yildiz_Iron_and_Steel_Kocaeli_plant,40.870333,29.55767,2026.0,3100.0,0.0,0.0,0.0,0.0,EAF / IF (electric),0.0,4000.0,0.0,0.0,,,,announced,announced
P100000120230,Yingkou Iron and Steel Co Ltd,Yingkou Iron & Steel Co Ltd,China,Asia Pacific,"40.6646510, 122.4150570",15.23,Liaoning Jiachen Holding Group Co Ltd [84.6%]; The China Orient Asset Management Co Ltd [14.3%]; unknown [1.2%],N/A,Liaoning,Yingkou,exact,BF; BOF,https://www.gem.wiki/Yingkou_Iron_and_Steel_Co_Ltd,40.664651,122.415057,2010.0,3189.0,,,,,BF-BOF (coal-based),2800.0,0.0,0.0,0.0,2400.0,2800.0,0.0,operating,operating
P100000120703,YK Steel Busan plant,YK Steel Corp,South Korea,Asia Pacific,"35.0838190, 128.9890340",61.0,Daehan Steel Co Ltd [70.0%]; Yamato Kogyo Co Ltd [30.0%],N/A,South Gyeongsang,Busan,exact,EAF,https://www.gem.wiki/YK_Steel_Busan_plant,35.083819,128.989034,1966.0,336.0,0.0,0.0,0.0,0.0,EAF / IF (electric),930.0,0.0,0.0,0.0,0.0,0.0,930.0,operating,operating
P100000121033,YK Steel Dangjin plant,YK Steel Corp,South Korea,Asia Pacific,"36.9181060, 126.6436060",,Daehan Steel Co Ltd [70.0%]; Yamato Kogyo Co Ltd [30.0%],N/A,South Chungcheong,Dangjin,approximate,EAF,https://www.gem.wiki/YK_Steel_Dangjin_plant,36.918106,126.643606,2027.0,,0.0,0.0,0.0,0.0,EAF / IF (electric),0.0,1000.0,0.0,0.0,,,,announced,announced
P100000120301,Yunnan Desheng Iron and Steel Co Ltd,Yunnan Desheng Steel Co Ltd,China,Asia Pacific,"25.1425160, 102.0777270",25.47,Haojun Development Group Co Ltd [49.0%]; natural person(s) [29.5%]; Yunnan Desheng Logistics Co Ltd [21.5%],N/A,Yunnan,Jinshan,exact,BF; BOF; EAF,https://www.gem.wiki/Yunnan_Desheng_Iron_and_Steel_Co_Ltd,25.142516,102.077727,2000.0,2552.0,,,,,BF-BOF (coal-based),1350.0,0.0,0.0,3420.0,2470.0,1350.0,0.0,operating,operating; operating pre-retirement; announced; retired; cancelled
P100000120353,Yunnan Jingye Steel Co Ltd,Yunnan Jingye Steel Co,China,Asia Pacific,"25.0238520, 102.3120860",2.5,Jingye Group Co Ltd [100.0%],N/A,Yunnan,Kunming,exact,BF; BOF,https://www.gem.wiki/Yunnan_Jingye_Steel_Co_Ltd,25.023852,102.312086,2020.0,2.0,,,,,BF-BOF (coal-based),0.0,0.0,0.0,1700.0,,,,retired,retired
P100001063458,Yunnan Muguang Industry and Trade Co Ltd,Yunnan Muguang Industry and Trade Co Ltd,China,Asia Pacific,"24.077079, 102.771634",12.3,Yunnan Muguang Industry and Trade Co Ltd [100.0%],N/A,Yunnan,Hardware Industrial Zone,exact,BF; BOF,https://www.gem.wiki/Yunnan_Muguang_Industry_and_Trade_Co_Ltd,24.077079,102.771634,2013.0,1500.0,,,,,BF-BOF (coal-based),850.0,0.0,0.0,0.0,730.0,850.0,0.0,operating,operating
P100001063508,Yunnan Qujing Iron & Steel Group Yue Steel Iron & Steel Co Ltd,Yunnan Qujing Iron & Steel Group Yue Steel Iron & Steel Co Ltd,China,Asia Pacific,"25.304544, 103.889418",56.0,Yunnan Qujing Iron & Steel Group Yue Steel Iron & Steel Co Ltd [100.0%],N/A,Yunnan,Yuezhou,exact,BF; BOF,https://www.gem.wiki/Yunnan_Qujing_Iron_&_Steel_Group_Yue_Steel_Iron_&_Steel_Co_Ltd,25.304544,103.889418,1969.0,,,,,,BF-BOF (coal-based),0.0,0.0,0.0,1200.0,,,,retired,retired
P100000120302,Yunnan Qujing Iron and Steel Group Chenggang Iron and Steel Co Ltd,Yunnan Qujing Iron and Steel Group Chenggang Iron and Steel Co Ltd,China,Asia Pacific,"25.4554300, 103.5472420",12.5,Yunan Qujing Shuangyou Steel Co Ltd [25.0%]; Yunnan Qujing Chenggang Iron and Steel (Group) Co Ltd [25.0%]; Fujian XINPENG Investment Co Ltd [16.6%]; Xuanwei Laibin Fenghuang Steel Co Ltd [16.0%]; Qujing Julida Steel Co Ltd [8.0%]; Qujing Wuyue New Energy Technology Co Ltd [5.5%]; Yunnan Tongyanbao Trading Co Ltd [1.7%]; unknown [1.0%]; Yunnan Qujing Yaochang Trade Co Ltd [0.9%]; Qujing Botong Trading Co Ltd [0.4%],N/A,Yunnan,unknown,exact,BF; BOF,https://www.gem.wiki/Yunnan_Qujing_Iron_and_Steel_Group_Chenggang_Iron_and_Steel_Co_Ltd,25.45543,103.547242,2013.0,88.0,,,,,BF-BOF (coal-based),2600.0,0.0,0.0,0.0,2260.0,2600.0,0.0,operating,operating; retired
P100000120303,Yunnan Qujing Iron and Steel Group Fenghuang Steel Co Ltd,Yunnan Qujing Iron and Steel Group Co Ltd,China,Asia Pacific,"26.2753420, 104.1683110",12.55,Yunan Qujing Shuangyou Steel Co Ltd [25.0%]; Yunnan Qujing Chenggang Iron and Steel (Group) Co Ltd [25.0%]; Fujian XINPENG Investment Co Ltd [16.6%]; Xuanwei Laibin Fenghuang Steel Co Ltd [16.0%]; Qujing Julida Steel Co Ltd [8.0%]; Qujing Wuyue New Energy Technology Co Ltd [5.5%]; Yunnan Tongyanbao Trading Co Ltd [1.7%]; unknown [1.0%]; Yunnan Qujing Yaochang Trade Co Ltd [0.9%]; Qujing Botong Trading Co Ltd [0.4%],N/A,Yunnan,unknown,exact,EAF,https://www.gem.wiki/Yunnan_Qujing_Iron_and_Steel_Group_Fenghuang_Steel_Co_Ltd,26.275342,104.168311,2013.0,565.0,0.0,0.0,0.0,0.0,EAF / IF (electric),1400.0,0.0,0.0,0.0,0.0,0.0,1400.0,operating,operating
P100000120407,Yunnan Qujing Iron and Steel Group Yanggang Iron and Steel Co Ltd,Yunnan Qujing Iron and Steel Group Yanggang Iron and Steel Co Ltd,China,Asia Pacific,"25.3087770, 103.8763910",4.89,Yunan Qujing Shuangyou Steel Co Ltd [25.0%]; Yunnan Qujing Chenggang Iron and Steel (Group) Co Ltd [25.0%]; Fujian XINPENG Investment Co Ltd [16.6%]; Xuanwei Laibin Fenghuang Steel Co Ltd [16.0%]; Qujing Julida Steel Co Ltd [8.0%]; Qujing Wuyue New Energy Technology Co Ltd [5.5%]; Yunnan Tongyanbao Trading Co Ltd [1.7%]; unknown [1.0%]; Yunnan Qujing Yaochang Trade Co Ltd [0.9%]; Qujing Botong Trading Co Ltd [0.4%],N/A,Yunnan,Yuezhou,exact,BF; BOF,https://www.gem.wiki/Yunnan_Qujing_Iron_and_Steel_Group_Yanggang_Iron_and_Steel_Co_Ltd,25.308777,103.876391,2021.0,,,,,,BF-BOF (coal-based),0.0,1400.0,0.0,0.0,,,,construction,construction
P100001061536,Yunnan Qujing Shuangyou Iron and Steel Co Ltd,Yunnan Qujing Shuangyou Iron and Steel Co Ltd,China,Asia Pacific,"25.5421800, 103.7810410",14.0,Yunnan Qujing Shuangyou Iron and Steel Co Ltd [100.0%],N/A,Yunnan,unknown,exact,BF; BOF,https://www.gem.wiki/Yunnan_Qujing_Shuangyou_Iron_and_Steel_Co_Ltd,25.54218,103.781041,2012.0,2500.0,,,,,BF-BOF (coal-based),0.0,130.0,0.0,1900.0,990.0,0.0,0.0,operating pre-retirement,operating pre-retirement; construction; retired
P100000120352,Yunnan Tiangao Nickel Alloy Co Ltd,YunNan Province Tiangao Nickel Alloy Co Ltd,China,Asia Pacific,"24.8012800, 104.0634550",16.16,Sichuan Jinguang Industry (Group) Co Ltd [63.9%]; unknown [29.8%]; Sichuan Shiting Ecology Agriculture Technology Co Ltd [6.2%],N/A,Yunnan,Qujing,exact,EAF; BF; BOF,https://www.gem.wiki/Yunnan_Tiangao_Nickel_Alloy_Co_Ltd,24.80128,104.063455,2009.0,456.0,,,,,EAF / IF (electric),500.0,500.0,0.0,1500.0,0.0,0.0,500.0,operating,operating; construction; retired; cancelled
P100000120300,Yunnan Yuxi Iron and Steel Group Yukun Iron and Steel Co Ltd,Yunnan Yuxi Iron and Steel Group Yukun Iron and Steel Co Ltd,China,Asia Pacific,"24.4658840, 102.5436820",12.09,Yunnan Yuxi Iron and Steel Group Yukun Iron and Steel Co Ltd [100.0%],N/A,Yunnan,Beicheng,exact,BF; BOF,https://www.gem.wiki/Yunnan_Yuxi_Iron_and_Steel_Group_Yukun_Iron_and_Steel_Co_Ltd,24.465884,102.543682,2014.0,5899.0,,,,,BF-BOF (coal-based),7042.0,0.0,0.0,3300.0,6760.0,7042.0,0.0,operating,operating; retired
P100000120321,Yunnan Yuxi Xianfu Iron and Steel Group Co Ltd,Yunnan Yuxi Xianfu Iron and Steel (Group) Co Ltd,China,Asia Pacific,"24.0123090, 102.1863640",24.53,Yunnan Yuxi Xianfu Iron and Steel (Group) Co Ltd [100.0%],N/A,Yunnan,Yangwu,exact,BF; BOF; EAF,https://www.gem.wiki/Yunnan_Yuxi_Xianfu_Iron_and_Steel_Group_Co_Ltd,24.012309,102.186364,2001.0,2578.0,,,,,Mixed (BF-BOF + electric),2980.0,0.0,0.0,3600.0,2440.0,2600.0,380.0,operating,operating; retired
P100001061571,Yuxi Huixi Metal Casting Products Co Ltd,Yuxi Huixi Metal Casting Products Co Ltd,China,Asia Pacific,"24.360481, 102.481118",19.71,Yuxi Huixi Metal Casting Products Co Ltd [100.0%],N/A,Yunnan,unknown,exact,BF; BOF,https://www.gem.wiki/Yuxi_Huixi_Metal_Casting_Products_Co_Ltd,24.360481,102.481118,2006.0,,,,,,BF-BOF (coal-based),850.0,0.0,0.0,850.0,550.0,850.0,0.0,operating,operating; retired
P100001063460,Yuxi Iron and Steel Group Zhenfei Iron and Steel Co Ltd,Yuxi Iron and Steel Group Zhenfei Iron and Steel Co Ltd,China,Asia Pacific,"24.0747560, 102.7659830",6.46,Yuxi Iron and Steel Group Zhenfei Iron and Steel Co Ltd [100.0%],N/A,Yunnan,Wujin Industrial Zone,exact,EAF,https://www.gem.wiki/Yuxi_Iron_and_Steel_Group_Zhenfei_Iron_and_Steel_Co_Ltd,24.074756,102.765983,2019.0,,0.0,0.0,0.0,0.0,EAF / IF (electric),0.0,1110.0,0.0,0.0,,,,announced,announced
P100000120908,Yuzovsky Metallurgical Plant,SUE DPR UMP,Ukraine,Europe,"47.9822760, 37.8106340",27.0,SUE DPR UMP [100.0%],Full,Donetsk,Donetsk,exact,EAF,https://www.gem.wiki/Yuzovsky_Metallurgical_Plant,47.982276,37.810634,1999.0,858.0,0.0,0.0,0.0,0.0,EAF / IF (electric),1000.0,0.0,0.0,0.0,0.0,0.0,1000.0,operating,operating
P100000120588,Zarand Iranian Steel Company Kerman plant,Zarand Iranian Steel Co,Iran,Middle East,"30.7496330, 56.6675096",6.0,small shareholder(s) [47.3%]; Mabna Khavar Miyaneh Co [15.4%]; Pars Aryan Investment Co [12.1%]; Rahbord Sarmaye Iranian Co [10.0%]; Pasargad Arzesh Afarinan Co [9.5%]; Tejarat Pishegan Mihan Negar Pars Co [5.7%],N/A,Kerman,Zarand,exact,BF; BOF; DRI; EAF,https://www.gem.wiki/Zarand_Iranian_Steel_Company_Kerman_plant,30.749633,56.6675096,2020.0,5880.0,4000.0,1200.0,2500.0,,BF-BOF (coal-based),1500.0,1000.0,0.0,0.0,1700.0,1500.0,0.0,operating,operating; construction
P100000120193,Zenith Steel Group Co Ltd,Zenith Steel Group Co Ltd,China,Asia Pacific,"31.7076560, 120.0795910",24.39,Zenith Steel Group Co Ltd [100.0%],N/A,Jiangsu,unknown,exact,BF; BOF; EAF,https://www.gem.wiki/Zenith_Steel_Group_Co_Ltd,31.707656,120.079591,2001.0,10255.0,12800.0,,,,BF-BOF (coal-based),3700.0,0.0,0.0,5310.0,2740.0,3700.0,0.0,operating,operating; retired
P100000120332,Zenith Steel Group Nantong Co Ltd,Zenith Steel Group (Nantong) Co Ltd,China,Asia Pacific,"32.1339540, 121.5131730",4.0,Zenith Steel Group Co Ltd [100.0%],N/A,Jiangsu,unknown,exact,BF; BOF; EAF,https://www.gem.wiki/Zenith_Steel_Group_Nantong_Co_Ltd,32.133954,121.513173,2022.0,3602.0,,,,,BF-BOF (coal-based),5850.0,750.0,0.0,0.0,6060.0,5850.0,0.0,operating,operating; announced
P100000121084,Zhejiang Tsingshan Iron and Steel Co Ltd,Zhejiang TSINGSHAN IRON&STEEL Co Ltd,China,Asia Pacific,"28.1360960, 120.3804010",21.8,unknown [32.4%]; TSINGSHAN Holding Group Co Ltd [30.0%]; Shanghai Decent Investment (Group) Co Ltd [23.0%]; Zhejiang Qingshan Business Management Co Ltd [8.6%]; natural person(s) [6.0%],N/A,Zhejiang,Wenxi,exact,EAF,https://www.gem.wiki/Zhejiang_Tsingshan_Iron_and_Steel_Co_Ltd,28.136096,120.380401,2004.0,502.0,0.0,0.0,0.0,0.0,EAF / IF (electric),500.0,0.0,0.0,0.0,0.0,0.0,500.0,operating,operating
P100000120408,Zhejiang Wantai Special Steel Co Ltd,Zhejiang Wantai Special Steel Co Ltd,China,Asia Pacific,"30.9443420, 120.9718030",22.54,Zhejiang Wantai Special Steel Co Ltd [100.0%],N/A,Zhejiang,Yaozhuang,exact,EAF,https://www.gem.wiki/Zhejiang_Wantai_Special_Steel_Co_Ltd,30.944342,120.971803,2003.0,257.0,0.0,0.0,0.0,0.0,EAF / IF (electric),1200.0,0.0,0.0,0.0,0.0,0.0,1200.0,operating,operating
P100000120404,Zhejiang Yuxin Industrial Co Ltd,Zhejiang Yuxin Industrial Co Ltd,China,Asia Pacific,"28.7872020, 120.2485920",25.24,Zhejiang Yuxin Industrial Co Ltd [100.0%],N/A,Zhejiang,Huzhen,exact,EAF,https://www.gem.wiki/Zhejiang_Yuxin_Industrial_Co_Ltd,28.787202,120.248592,2000.0,84.0,0.0,0.0,0.0,0.0,EAF / IF (electric),1100.0,0.0,0.0,1100.0,0.0,0.0,1100.0,operating,operating; retired
P100000121068,Zhengzhou Yongtong Special Steel Co Ltd,Zhengzhou YONGTONG SPECIAL Steel Co Ltd,China,Asia Pacific,"34.6444300, 112.9379850",29.0,Wing Fung International Ltd [100.0%],N/A,Henan,Zhengzhou,exact,EAF,https://www.gem.wiki/Zhengzhou_Yongtong_Special_Steel_Co_Ltd,34.64443,112.937985,1993.0,204.0,0.0,0.0,0.0,0.0,EAF / IF (electric),0.0,0.0,0.0,850.0,,,,retired,retired
P100000121082,Zhenshi Group Eastern Special Steel Co Ltd,Zhenshi Group EASTERN SPECIAL Steel Co Ltd,China,Asia Pacific,"30.7204110, 120.8985180",54.0,Zhenshi Holding Group Co Ltd [70.3%]; Tongxiang Wushi Trading Co Ltd [23.9%]; unknown [4.5%]; Huakai Investment Co Ltd [1.3%],N/A,Zhejiang,Xinfeng,exact,EAF,https://www.gem.wiki/Zhenshi_Group_Eastern_Special_Steel_Co_Ltd,30.720411,120.898518,1972.0,1151.0,0.0,0.0,0.0,0.0,EAF / IF (electric),700.0,2512.0,0.0,0.0,0.0,0.0,700.0,operating pre-retirement,operating pre-retirement; construction
P100000120129,Zhongpu Handan Iron and Steel Co Ltd,Zhongpu (Handan) Iron and Steel Co Ltd,China,Asia Pacific,"36.7213760, 113.9102710",23.0,Longxiang Group (Hong Kong) [66.8%]; Hebei Puyang Industrial Group Co Ltd [33.2%],N/A,Hebei,Handan,exact,BF; BOF; EAF,https://www.gem.wiki/Zhongpu_Handan_Iron_and_Steel_Co_Ltd,36.721376,113.910271,2003.0,1669.0,2118.0,,505.0,,Mixed (BF-BOF + electric),2250.0,0.0,0.0,1150.0,2300.0,1500.0,750.0,operating,operating; retired
P100000120209,Zhongxin Iron and Steel Group Co Ltd,Zhongxin Iron and Steel Group Co Ltd,China,Asia Pacific,"34.3686180, 118.3155600",22.34,Zhongxin Iron and Steel Group Co Ltd [100.0%],N/A,Jiangsu,Xinyi Economic and Technological Development Zone,exact,BF; BOF,https://www.gem.wiki/Zhongxin_Iron_and_Steel_Group_Co_Ltd,34.368618,118.31556,2003.0,6043.0,,,,,BF-BOF (coal-based),5400.0,0.0,0.0,0.0,5846.0,5400.0,0.0,operating,operating
P100000120346,Zhongye Dongfang Jiangsu Heavy Industry Co Ltd,BERIS Jiangsu Heavy Industry Co Ltd,China,Asia Pacific,"32.1043190, 119.7921260",16.33,Jiangsu Feida Co Ltd [65.0%]; Metallurgical Corporation of China Ltd [18.0%]; natural person(s) [15.0%]; unknown [2.0%],N/A,Jiangsu,Danbei,exact,EAF,https://www.gem.wiki/Zhongye_Dongfang_Jiangsu_Heavy_Industry_Co_Ltd,32.104319,119.792126,2009.0,,0.0,0.0,0.0,0.0,EAF / IF (electric),2000.0,0.0,0.0,0.0,0.0,0.0,2000.0,operating,operating
P100000120086,Zhuhai Yueyufeng Iron and Steel Co Ltd,Zhuhai Yueyufeng IRON&STEEL Co Ltd,China,Asia Pacific,"21.9609200, 113.1987180",24.0,Golden Bell Enterprises Ltd [41.5%]; Xuan Gang International Trading (HK) Co Ltd [41.5%]; Yinglong Industrial Co Ltd [16.9%],N/A,Guangdong,Zhuhai,exact,BF; BOF,https://www.gem.wiki/Zhuhai_Yueyufeng_Iron_and_Steel_Co_Ltd,21.96092,113.198718,2002.0,1778.0,,,,,BF-BOF (coal-based),3051.0,0.0,0.0,0.0,2200.0,3051.0,0.0,operating,operating
P100000121079,Zibo Qilin Fushan Iron and Steel Co Ltd,Zibo Qilin Fushan Steel Co Ltd,China,Asia Pacific,"36.8879980, 118.1454160",18.33,Jinghua Rigang Holding Group Co Ltd [50.4%]; Shandong Zibo Fushan Enterprise Group Co Ltd [25.0%]; natural person(s) [24.0%]; unknown [0.6%],N/A,Shandong,Weigu,exact,BF; BOF,https://www.gem.wiki/Zibo_Qilin_Fushan_Iron_and_Steel_Co_Ltd,36.887998,118.145416,2003.0,,,,,,BF-BOF (coal-based),0.0,0.0,0.0,700.0,,,,retired,retired
P100001063593,Zijin County Dongri Casting Co Ltd,Zijin County Dongri Foundry Co Ltd,China,Asia Pacific,"23.3566120, 114.7695650",16.0,Zijin County Dongri Foundry Co Ltd [100.0%],N/A,Guangdong,Heyuan,exact,EAF,https://www.gem.wiki/Zijin_County_Dongri_Casting_Co_Ltd,23.356612,114.769565,2010.0,,0.0,0.0,0.0,0.0,EAF / IF (electric),720.0,0.0,0.0,0.0,0.0,0.0,720.0,operating,operating
P100000121246,Zonouz Steel Complex,Daric Investment Holding Co,Iran,Middle East,"38.0723100, 46.2131870",,Daric Investment Holding Co [100.0%],N/A,East Azerbaijan,Tabriz,approximate,DRI; EAF,https://www.gem.wiki/Zonouz_Steel_Complex,38.07231,46.213187,,,,0.0,,0.0,DRI-EAF,0.0,0.0,0.0,500.0,,,,cancelled,cancelled
P100000120403,Zunyi Changling Special Steel Co Ltd,Zunyi Changling Special Steel Co Ltd,China,Asia Pacific,"27.6149470, 106.9497520",22.0,natural person(s) [45.0%]; Guizhou Jinshengan Investment Group Co Ltd [41.9%]; unknown [6.7%]; Jin Jun'an Investment Group Co Ltd [6.4%],N/A,Guizhou,Zunyi,exact,EAF,https://www.gem.wiki/Zunyi_Changling_Special_Steel_Co_Ltd,27.614947,106.949752,2004.0,455.0,0.0,0.0,0.0,0.0,EAF / IF (electric),825.0,0.0,0.0,1100.0,0.0,0.0,825.0,operating,operating; retired
P100000120359,Zunyi Fuxin Special Steel Equipment Manufacturing Co Ltd,Zunyi County Fuxin Iron & Steel Product Co Ltd,China,Asia Pacific,"27.5916970, 106.8154530",33.0,Zunyi County Fuxin Iron & Steel Product Co Ltd [100.0%],N/A,Guizhou,Zunyi,exact,EAF,https://www.gem.wiki/Zunyi_Fuxin_Special_Steel_Equipment_Manufacturing_Co_Ltd,27.591697,106.815453,1993.0,645.0,0.0,0.0,0.0,0.0,EAF / IF (electric),1150.0,1110.0,0.0,0.0,0.0,0.0,1150.0,operating pre-retirement,operating pre-retirement; construction
